Date_measurement;RWZI_AWZI_code;RWZI_AWZI_name;X_coordinate;Y_coordinate;Postal_code;Security_region_code;Security_region_name;Percentage_in_security_region;RNA_per_ml;Representative_measurement
30-3-2020;32002;Tilburg;132554;401565;5048TD;VR20;Midden- en West-Brabant;1;1837;TRUE
31-3-2020;3010;Assen;234705;558203;9403AK;VR03;Drenthe;1;2254;TRUE
31-3-2020;2032;Harlingen;159027;576146;8861KT;VR02;Friesland;1;869;TRUE
31-3-2020;2011;Leeuwarden;184401;578940;8937AN;VR02;Friesland;1;424;TRUE
31-3-2020;1033;Garmerwolde;240219;585040;9798TC;VR01;Groningen;1;427;TRUE
31-3-2020;1008;Stadskanaal;260571;559393;9501LH;VR01;Groningen;1;200;TRUE
31-3-2020;4026;Zwolle;199604;502805;8042PK;VR04;IJsselland;1;890;TRUE
31-3-2020;10009;Utrecht;135481;458130;3552TJ;VR09;Utrecht;1;1826;TRUE
1-4-2020;3028;Sleen;249969;532246;7841BP;VR03;Drenthe;1;721;TRUE
1-4-2020;9016;Arnhem;187878;442241;6841HJ;VR07;Gelderland-Midden;0,864490095;984;TRUE
1-4-2020;9016;Arnhem;187878;442241;6841HJ;VR08;Gelderland-Zuid;0,135509905;984;TRUE
1-4-2020;15005;Houtrust;78484;455921;2566GJ;VR15;Haaglanden;1;2939;FALSE
1-4-2020;13030;Leimuiden;104642;470631;2451VX;VR16;Hollands-Midden;0,855650522;1642;TRUE
1-4-2020;13010;Haarlem-Waarderpolder;105881;489932;2031BH;VR12;Kennemerland;1;1606;TRUE
1-4-2020;13030;Leimuiden;104642;470631;2451VX;VR12;Kennemerland;0,144349478;1642;TRUE
1-4-2020;25020;Kaatsheuvel;129083;407604;5171VG;VR20;Midden- en West-Brabant;1;2025;TRUE
1-4-2020;25027;Lage Zwaluwe;107818;414149;4926CZ;VR20;Midden- en West-Brabant;1;883;TRUE
1-4-2020;7022;Etten;218761;438451;7061GK;VR06;Noord- en Oost-Gelderland;1;2493;TRUE
1-4-2020;5012;Oldenzaal;257703;481136;7576PE;VR05;Twente;1;1611;TRUE
1-4-2020;23002;Terneuzen;46894;368651;4538BJ;VR19;Zeeland;1;732;TRUE
2-4-2020;12022;Beverwijk;106373;498868;1948NS;VR12;Kennemerland;0,435961337;1041;TRUE
2-4-2020;30020;Venraij;196603;395898;5804CG;VR23;Limburg-Noord;1;1802;TRUE
2-4-2020;30007;Maastricht-Bosscherveld;175697;319239;6219NW;VR24;Limburg-Zuid;1;4350;TRUE
2-4-2020;12022;Beverwijk;106373;498868;1948NS;VR10;Noord-Holland-Noord;0,107744265;1041;TRUE
2-4-2020;12022;Beverwijk;106373;498868;1948NS;VR11;Zaanstreek-Waterland;0,456294399;1041;TRUE
5-4-2020;27008;Den Bosch;147493;415446;5221CD;VR21;Brabant-Noord;1;1689;TRUE
5-4-2020;29003;Land van Cuijk;189957;411781;5443PL;VR21;Brabant-Noord;1;4264;TRUE
5-4-2020;6004;Lelystad;158268;501627;8243PE;VR25;Flevoland;1;729;TRUE
5-4-2020;4027;Tollebeek;175622;521799;8309PP;VR25;Flevoland;1;1668;TRUE
5-4-2020;10027;Amersfoort;152483;464648;3812RH;VR09;Utrecht;1;1344;TRUE
5-4-2020;23002;Terneuzen;46894;368651;4538BJ;VR19;Zeeland;1;1336;TRUE
6-4-2020;28005;Dinther;165227;405407;5473XL;VR21;Brabant-Noord;1;3224;TRUE
6-4-2020;32002;Tilburg;132554;401565;5048TD;VR20;Midden- en West-Brabant;1;222;TRUE
7-4-2020;3010;Assen;234705;558203;9403AK;VR03;Drenthe;1;74;TRUE
7-4-2020;2032;Harlingen;159027;576146;8861KT;VR02;Friesland;1;321;TRUE
7-4-2020;2011;Leeuwarden;184401;578940;8937AN;VR02;Friesland;1;903;TRUE
7-4-2020;9016;Arnhem;187878;442241;6841HJ;VR07;Gelderland-Midden;0,864490095;175;TRUE
7-4-2020;9016;Arnhem;187878;442241;6841HJ;VR08;Gelderland-Zuid;0,135509905;175;TRUE
7-4-2020;1033;Garmerwolde;240219;585040;9798TC;VR01;Groningen;1;951;TRUE
7-4-2020;1008;Stadskanaal;260571;559393;9501LH;VR01;Groningen;1;37;TRUE
7-4-2020;13030;Leimuiden;104642;470631;2451VX;VR16;Hollands-Midden;0,855650522;870;TRUE
7-4-2020;4026;Zwolle;199604;502805;8042PK;VR04;IJsselland;1;1844;TRUE
7-4-2020;13010;Haarlem-Waarderpolder;105881;489932;2031BH;VR12;Kennemerland;1;1546;TRUE
7-4-2020;13030;Leimuiden;104642;470631;2451VX;VR12;Kennemerland;0,144349478;870;TRUE
7-4-2020;10009;Utrecht;135481;458130;3552TJ;VR09;Utrecht;1;1484;TRUE
7-4-2020;21001;Walcheren;31809;385219;4389VM;VR19;Zeeland;1;1053;TRUE
8-4-2020;3028;Sleen;249969;532246;7841BP;VR03;Drenthe;1;128;TRUE
8-4-2020;6004;Lelystad;158268;501627;8243PE;VR25;Flevoland;1;1658;TRUE
8-4-2020;4027;Tollebeek;175622;521799;8309PP;VR25;Flevoland;1;1858;TRUE
8-4-2020;12022;Beverwijk;106373;498868;1948NS;VR12;Kennemerland;0,435961337;1093;TRUE
8-4-2020;30020;Venraij;196603;395898;5804CG;VR23;Limburg-Noord;1;991;TRUE
8-4-2020;30007;Maastricht-Bosscherveld;175697;319239;6219NW;VR24;Limburg-Zuid;1;4706;TRUE
8-4-2020;25020;Kaatsheuvel;129083;407604;5171VG;VR20;Midden- en West-Brabant;1;1585;TRUE
8-4-2020;25027;Lage Zwaluwe;107818;414149;4926CZ;VR20;Midden- en West-Brabant;1;1990;TRUE
8-4-2020;7022;Etten;218761;438451;7061GK;VR06;Noord- en Oost-Gelderland;1;2199;TRUE
8-4-2020;12022;Beverwijk;106373;498868;1948NS;VR10;Noord-Holland-Noord;0,107744265;1093;TRUE
8-4-2020;5012;Oldenzaal;257703;481136;7576PE;VR05;Twente;1;785;TRUE
8-4-2020;12022;Beverwijk;106373;498868;1948NS;VR11;Zaanstreek-Waterland;0,456294399;1093;TRUE
9-4-2020;27008;Den Bosch;147493;415446;5221CD;VR21;Brabant-Noord;1;820;TRUE
9-4-2020;28005;Dinther;165227;405407;5473XL;VR21;Brabant-Noord;1;1913;TRUE
10-4-2020;9016;Arnhem;187878;442241;6841HJ;VR07;Gelderland-Midden;0,864490095;892;TRUE
10-4-2020;9016;Arnhem;187878;442241;6841HJ;VR08;Gelderland-Zuid;0,135509905;892;TRUE
13-4-2020;29003;Land van Cuijk;189957;411781;5443PL;VR21;Brabant-Noord;1;3663;TRUE
13-4-2020;1033;Garmerwolde;240219;585040;9798TC;VR01;Groningen;1;75;TRUE
13-4-2020;15005;Houtrust;78484;455921;2566GJ;VR15;Haaglanden;1;797;TRUE
13-4-2020;13030;Leimuiden;104642;470631;2451VX;VR16;Hollands-Midden;0,855650522;485;TRUE
13-4-2020;13010;Haarlem-Waarderpolder;105881;489932;2031BH;VR12;Kennemerland;1;271;TRUE
13-4-2020;13030;Leimuiden;104642;470631;2451VX;VR12;Kennemerland;0,144349478;485;TRUE
13-4-2020;32002;Tilburg;132554;401565;5048TD;VR20;Midden- en West-Brabant;1;2538;TRUE
13-4-2020;10027;Amersfoort;152483;464648;3812RH;VR09;Utrecht;1;815;TRUE
14-4-2020;3010;Assen;234705;558203;9403AK;VR03;Drenthe;1;18;TRUE
14-4-2020;2032;Harlingen;159027;576146;8861KT;VR02;Friesland;1;572;FALSE
14-4-2020;2011;Leeuwarden;184401;578940;8937AN;VR02;Friesland;1;58;TRUE
14-4-2020;1008;Stadskanaal;260571;559393;9501LH;VR01;Groningen;1;146;TRUE
14-4-2020;4026;Zwolle;199604;502805;8042PK;VR04;IJsselland;1;757;TRUE
14-4-2020;10009;Utrecht;135481;458130;3552TJ;VR09;Utrecht;1;552;TRUE
14-4-2020;21001;Walcheren;31809;385219;4389VM;VR19;Zeeland;1;168;TRUE
15-4-2020;29003;Land van Cuijk;189957;411781;5443PL;VR21;Brabant-Noord;1;593;TRUE
15-4-2020;3028;Sleen;249969;532246;7841BP;VR03;Drenthe;1;37;TRUE
15-4-2020;6004;Lelystad;158268;501627;8243PE;VR25;Flevoland;1;476;TRUE
15-4-2020;4027;Tollebeek;175622;521799;8309PP;VR25;Flevoland;1;1217;TRUE
15-4-2020;12022;Beverwijk;106373;498868;1948NS;VR12;Kennemerland;0,435961337;332;TRUE
15-4-2020;30020;Venraij;196603;395898;5804CG;VR23;Limburg-Noord;1;395;TRUE
15-4-2020;30007;Maastricht-Bosscherveld;175697;319239;6219NW;VR24;Limburg-Zuid;1;972;TRUE
15-4-2020;7022;Etten;218761;438451;7061GK;VR06;Noord- en Oost-Gelderland;1;711;TRUE
15-4-2020;12022;Beverwijk;106373;498868;1948NS;VR10;Noord-Holland-Noord;0,107744265;332;TRUE
15-4-2020;5012;Oldenzaal;257703;481136;7576PE;VR05;Twente;1;394;TRUE
15-4-2020;12022;Beverwijk;106373;498868;1948NS;VR11;Zaanstreek-Waterland;0,456294399;332;TRUE
16-4-2020;27008;Den Bosch;147493;415446;5221CD;VR21;Brabant-Noord;1;632;TRUE
16-4-2020;28005;Dinther;165227;405407;5473XL;VR21;Brabant-Noord;1;808;TRUE
16-4-2020;25020;Kaatsheuvel;129083;407604;5171VG;VR20;Midden- en West-Brabant;1;253;TRUE
16-4-2020;25027;Lage Zwaluwe;107818;414149;4926CZ;VR20;Midden- en West-Brabant;1;390;TRUE
16-4-2020;23002;Terneuzen;46894;368651;4538BJ;VR19;Zeeland;1;86;TRUE
17-4-2020;9016;Arnhem;187878;442241;6841HJ;VR07;Gelderland-Midden;0,864490095;32;TRUE
17-4-2020;9016;Arnhem;187878;442241;6841HJ;VR08;Gelderland-Zuid;0,135509905;32;TRUE
19-4-2020;13030;Leimuiden;104642;470631;2451VX;VR16;Hollands-Midden;0,855650522;312;TRUE
19-4-2020;13030;Leimuiden;104642;470631;2451VX;VR12;Kennemerland;0,144349478;312;TRUE
19-4-2020;10027;Amersfoort;152483;464648;3812RH;VR09;Utrecht;1;293;TRUE
20-4-2020;15005;Houtrust;78484;455921;2566GJ;VR15;Haaglanden;1;245;TRUE
20-4-2020;13010;Haarlem-Waarderpolder;105881;489932;2031BH;VR12;Kennemerland;1;91;TRUE
20-4-2020;32002;Tilburg;132554;401565;5048TD;VR20;Midden- en West-Brabant;1;412;TRUE
21-4-2020;3010;Assen;234705;558203;9403AK;VR03;Drenthe;1;37;TRUE
21-4-2020;6004;Lelystad;158268;501627;8243PE;VR25;Flevoland;1;490;TRUE
21-4-2020;2032;Harlingen;159027;576146;8861KT;VR02;Friesland;1;1050;TRUE
21-4-2020;2011;Leeuwarden;184401;578940;8937AN;VR02;Friesland;1;114;TRUE
21-4-2020;1008;Stadskanaal;260571;559393;9501LH;VR01;Groningen;1;63;TRUE
21-4-2020;4026;Zwolle;199604;502805;8042PK;VR04;IJsselland;1;277;TRUE
21-4-2020;10009;Utrecht;135481;458130;3552TJ;VR09;Utrecht;1;347;TRUE
21-4-2020;23002;Terneuzen;46894;368651;4538BJ;VR19;Zeeland;1;485;TRUE
22-4-2020;3028;Sleen;249969;532246;7841BP;VR03;Drenthe;1;4083;TRUE
22-4-2020;1033;Garmerwolde;240219;585040;9798TC;VR01;Groningen;1;372;TRUE
22-4-2020;12022;Beverwijk;106373;498868;1948NS;VR12;Kennemerland;0,435961337;173;TRUE
22-4-2020;30020;Venraij;196603;395898;5804CG;VR23;Limburg-Noord;1;564;TRUE
22-4-2020;30007;Maastricht-Bosscherveld;175697;319239;6219NW;VR24;Limburg-Zuid;1;861;TRUE
22-4-2020;25020;Kaatsheuvel;129083;407604;5171VG;VR20;Midden- en West-Brabant;1;420;TRUE
22-4-2020;25027;Lage Zwaluwe;107818;414149;4926CZ;VR20;Midden- en West-Brabant;1;233;TRUE
22-4-2020;7022;Etten;218761;438451;7061GK;VR06;Noord- en Oost-Gelderland;1;1250;TRUE
22-4-2020;12022;Beverwijk;106373;498868;1948NS;VR10;Noord-Holland-Noord;0,107744265;173;TRUE
22-4-2020;5012;Oldenzaal;257703;481136;7576PE;VR05;Twente;1;174;TRUE
22-4-2020;12022;Beverwijk;106373;498868;1948NS;VR11;Zaanstreek-Waterland;0,456294399;173;TRUE
22-4-2020;21001;Walcheren;31809;385219;4389VM;VR19;Zeeland;1;82;TRUE
23-4-2020;27008;Den Bosch;147493;415446;5221CD;VR21;Brabant-Noord;1;532;TRUE
23-4-2020;28005;Dinther;165227;405407;5473XL;VR21;Brabant-Noord;1;1698;TRUE
23-4-2020;29003;Land van Cuijk;189957;411781;5443PL;VR21;Brabant-Noord;1;751;TRUE
23-4-2020;4027;Tollebeek;175622;521799;8309PP;VR25;Flevoland;1;9475;TRUE
26-4-2020;13010;Haarlem-Waarderpolder;105881;489932;2031BH;VR12;Kennemerland;1;135;TRUE
27-4-2020;6004;Lelystad;158268;501627;8243PE;VR25;Flevoland;1;439;TRUE
27-4-2020;15005;Houtrust;78484;455921;2566GJ;VR15;Haaglanden;1;447;TRUE
27-4-2020;13030;Leimuiden;104642;470631;2451VX;VR16;Hollands-Midden;0,855650522;419;TRUE
27-4-2020;13030;Leimuiden;104642;470631;2451VX;VR12;Kennemerland;0,144349478;419;TRUE
27-4-2020;32002;Tilburg;132554;401565;5048TD;VR20;Midden- en West-Brabant;1;561;TRUE
27-4-2020;10027;Amersfoort;152483;464648;3812RH;VR09;Utrecht;1;526;TRUE
28-4-2020;29003;Land van Cuijk;189957;411781;5443PL;VR21;Brabant-Noord;1;607;TRUE
28-4-2020;3010;Assen;234705;558203;9403AK;VR03;Drenthe;1;52;TRUE
28-4-2020;2032;Harlingen;159027;576146;8861KT;VR02;Friesland;1;93;TRUE
28-4-2020;2011;Leeuwarden;184401;578940;8937AN;VR02;Friesland;1;119;TRUE
28-4-2020;9016;Arnhem;187878;442241;6841HJ;VR07;Gelderland-Midden;0,864490095;80;TRUE
28-4-2020;9016;Arnhem;187878;442241;6841HJ;VR08;Gelderland-Zuid;0,135509905;80;TRUE
28-4-2020;1008;Stadskanaal;260571;559393;9501LH;VR01;Groningen;1;26;TRUE
28-4-2020;4026;Zwolle;199604;502805;8042PK;VR04;IJsselland;1;338;TRUE
28-4-2020;10009;Utrecht;135481;458130;3552TJ;VR09;Utrecht;1;370;TRUE
28-4-2020;23002;Terneuzen;46894;368651;4538BJ;VR19;Zeeland;1;723;TRUE
29-4-2020;28005;Dinther;165227;405407;5473XL;VR21;Brabant-Noord;1;382;TRUE
29-4-2020;3028;Sleen;249969;532246;7841BP;VR03;Drenthe;1;64;TRUE
29-4-2020;4027;Tollebeek;175622;521799;8309PP;VR25;Flevoland;1;684;TRUE
29-4-2020;1033;Garmerwolde;240219;585040;9798TC;VR01;Groningen;1;71;TRUE
29-4-2020;12022;Beverwijk;106373;498868;1948NS;VR12;Kennemerland;0,435961337;90;TRUE
29-4-2020;30020;Venraij;196603;395898;5804CG;VR23;Limburg-Noord;1;177;TRUE
29-4-2020;30007;Maastricht-Bosscherveld;175697;319239;6219NW;VR24;Limburg-Zuid;1;513;TRUE
29-4-2020;25020;Kaatsheuvel;129083;407604;5171VG;VR20;Midden- en West-Brabant;1;875;TRUE
29-4-2020;25027;Lage Zwaluwe;107818;414149;4926CZ;VR20;Midden- en West-Brabant;1;52;TRUE
29-4-2020;7022;Etten;218761;438451;7061GK;VR06;Noord- en Oost-Gelderland;1;244;TRUE
29-4-2020;12022;Beverwijk;106373;498868;1948NS;VR10;Noord-Holland-Noord;0,107744265;90;TRUE
29-4-2020;5012;Oldenzaal;257703;481136;7576PE;VR05;Twente;1;18;TRUE
29-4-2020;12022;Beverwijk;106373;498868;1948NS;VR11;Zaanstreek-Waterland;0,456294399;90;TRUE
29-4-2020;21001;Walcheren;31809;385219;4389VM;VR19;Zeeland;1;65;TRUE
30-4-2020;9016;Arnhem;187878;442241;6841HJ;VR07;Gelderland-Midden;0,864490095;428;TRUE
30-4-2020;9016;Arnhem;187878;442241;6841HJ;VR08;Gelderland-Zuid;0,135509905;428;TRUE
30-4-2020;15005;Houtrust;78484;455921;2566GJ;VR15;Haaglanden;1;102;TRUE
1-5-2020;13010;Haarlem-Waarderpolder;105881;489932;2031BH;VR12;Kennemerland;1;57;TRUE
3-5-2020;29003;Land van Cuijk;189957;411781;5443PL;VR21;Brabant-Noord;1;460;TRUE
3-5-2020;9016;Arnhem;187878;442241;6841HJ;VR07;Gelderland-Midden;0,864490095;250;TRUE
3-5-2020;9016;Arnhem;187878;442241;6841HJ;VR08;Gelderland-Zuid;0,135509905;250;TRUE
3-5-2020;10027;Amersfoort;152483;464648;3812RH;VR09;Utrecht;1;112;TRUE
5-5-2020;27008;Den Bosch;147493;415446;5221CD;VR21;Brabant-Noord;1;273;TRUE
5-5-2020;28005;Dinther;165227;405407;5473XL;VR21;Brabant-Noord;1;581;TRUE
5-5-2020;3010;Assen;234705;558203;9403AK;VR03;Drenthe;1;0;TRUE
5-5-2020;4027;Tollebeek;175622;521799;8309PP;VR25;Flevoland;1;1125;TRUE
5-5-2020;2032;Harlingen;159027;576146;8861KT;VR02;Friesland;1;0;TRUE
5-5-2020;2011;Leeuwarden;184401;578940;8937AN;VR02;Friesland;1;43;TRUE
5-5-2020;1008;Stadskanaal;260571;559393;9501LH;VR01;Groningen;1;334;TRUE
5-5-2020;15005;Houtrust;78484;455921;2566GJ;VR15;Haaglanden;1;293;TRUE
5-5-2020;4026;Zwolle;199604;502805;8042PK;VR04;IJsselland;1;113;TRUE
5-5-2020;32002;Tilburg;132554;401565;5048TD;VR20;Midden- en West-Brabant;1;262;TRUE
5-5-2020;10009;Utrecht;135481;458130;3552TJ;VR09;Utrecht;1;229;TRUE
6-5-2020;3028;Sleen;249969;532246;7841BP;VR03;Drenthe;1;0;TRUE
6-5-2020;6004;Lelystad;158268;501627;8243PE;VR25;Flevoland;1;335;TRUE
6-5-2020;1033;Garmerwolde;240219;585040;9798TC;VR01;Groningen;1;385;TRUE
6-5-2020;13030;Leimuiden;104642;470631;2451VX;VR16;Hollands-Midden;0,855650522;90;TRUE
6-5-2020;12022;Beverwijk;106373;498868;1948NS;VR12;Kennemerland;0,435961337;18;TRUE
6-5-2020;13030;Leimuiden;104642;470631;2451VX;VR12;Kennemerland;0,144349478;90;TRUE
6-5-2020;30020;Venraij;196603;395898;5804CG;VR23;Limburg-Noord;1;337;TRUE
6-5-2020;30007;Maastricht-Bosscherveld;175697;319239;6219NW;VR24;Limburg-Zuid;1;516;TRUE
6-5-2020;25020;Kaatsheuvel;129083;407604;5171VG;VR20;Midden- en West-Brabant;1;380;TRUE
6-5-2020;25027;Lage Zwaluwe;107818;414149;4926CZ;VR20;Midden- en West-Brabant;1;459;TRUE
6-5-2020;7022;Etten;218761;438451;7061GK;VR06;Noord- en Oost-Gelderland;1;264;TRUE
6-5-2020;12022;Beverwijk;106373;498868;1948NS;VR10;Noord-Holland-Noord;0,107744265;18;TRUE
6-5-2020;5012;Oldenzaal;257703;481136;7576PE;VR05;Twente;1;38;TRUE
6-5-2020;12022;Beverwijk;106373;498868;1948NS;VR11;Zaanstreek-Waterland;0,456294399;18;TRUE
6-5-2020;23002;Terneuzen;46894;368651;4538BJ;VR19;Zeeland;1;651;TRUE
6-5-2020;21001;Walcheren;31809;385219;4389VM;VR19;Zeeland;1;105;TRUE
7-5-2020;9016;Arnhem;187878;442241;6841HJ;VR07;Gelderland-Midden;0,864490095;0;TRUE
7-5-2020;9016;Arnhem;187878;442241;6841HJ;VR08;Gelderland-Zuid;0,135509905;0;TRUE
7-5-2020;13010;Haarlem-Waarderpolder;105881;489932;2031BH;VR12;Kennemerland;1;318;TRUE
9-5-2020;6004;Lelystad;158268;501627;8243PE;VR25;Flevoland;1;222;TRUE
10-5-2020;27008;Den Bosch;147493;415446;5221CD;VR21;Brabant-Noord;1;405;TRUE
10-5-2020;28005;Dinther;165227;405407;5473XL;VR21;Brabant-Noord;1;260;TRUE
10-5-2020;29003;Land van Cuijk;189957;411781;5443PL;VR21;Brabant-Noord;1;92;TRUE
10-5-2020;10027;Amersfoort;152483;464648;3812RH;VR09;Utrecht;1;0;TRUE
11-5-2020;4027;Tollebeek;175622;521799;8309PP;VR25;Flevoland;1;716;TRUE
11-5-2020;9016;Arnhem;187878;442241;6841HJ;VR07;Gelderland-Midden;0,864490095;15;TRUE
11-5-2020;9016;Arnhem;187878;442241;6841HJ;VR08;Gelderland-Zuid;0,135509905;15;TRUE
11-5-2020;1033;Garmerwolde;240219;585040;9798TC;VR01;Groningen;1;43;TRUE
11-5-2020;15005;Houtrust;78484;455921;2566GJ;VR15;Haaglanden;1;680;TRUE
11-5-2020;13030;Leimuiden;104642;470631;2451VX;VR16;Hollands-Midden;0,855650522;24;TRUE
11-5-2020;13030;Leimuiden;104642;470631;2451VX;VR12;Kennemerland;0,144349478;24;TRUE
11-5-2020;32002;Tilburg;132554;401565;5048TD;VR20;Midden- en West-Brabant;1;283;TRUE
11-5-2020;21001;Walcheren;31809;385219;4389VM;VR19;Zeeland;1;51;TRUE
12-5-2020;3010;Assen;234705;558203;9403AK;VR03;Drenthe;1;16;TRUE
12-5-2020;2032;Harlingen;159027;576146;8861KT;VR02;Friesland;1;0;TRUE
12-5-2020;2011;Leeuwarden;184401;578940;8937AN;VR02;Friesland;1;53;TRUE
12-5-2020;1008;Stadskanaal;260571;559393;9501LH;VR01;Groningen;1;0;TRUE
12-5-2020;4026;Zwolle;199604;502805;8042PK;VR04;IJsselland;1;108;TRUE
12-5-2020;10009;Utrecht;135481;458130;3552TJ;VR09;Utrecht;1;258;TRUE
13-5-2020;27008;Den Bosch;147493;415446;5221CD;VR21;Brabant-Noord;1;76;TRUE
13-5-2020;3028;Sleen;249969;532246;7841BP;VR03;Drenthe;1;535;TRUE
13-5-2020;12022;Beverwijk;106373;498868;1948NS;VR12;Kennemerland;0,435961337;47;TRUE
13-5-2020;13010;Haarlem-Waarderpolder;105881;489932;2031BH;VR12;Kennemerland;1;0;TRUE
13-5-2020;30020;Venraij;196603;395898;5804CG;VR23;Limburg-Noord;1;0;TRUE
13-5-2020;30007;Maastricht-Bosscherveld;175697;319239;6219NW;VR24;Limburg-Zuid;1;240;TRUE
13-5-2020;25020;Kaatsheuvel;129083;407604;5171VG;VR20;Midden- en West-Brabant;1;42;TRUE
13-5-2020;25027;Lage Zwaluwe;107818;414149;4926CZ;VR20;Midden- en West-Brabant;1;102;TRUE
13-5-2020;7022;Etten;218761;438451;7061GK;VR06;Noord- en Oost-Gelderland;1;0;TRUE
13-5-2020;12022;Beverwijk;106373;498868;1948NS;VR10;Noord-Holland-Noord;0,107744265;47;TRUE
13-5-2020;5012;Oldenzaal;257703;481136;7576PE;VR05;Twente;1;165;TRUE
13-5-2020;12022;Beverwijk;106373;498868;1948NS;VR11;Zaanstreek-Waterland;0,456294399;47;TRUE
13-5-2020;23002;Terneuzen;46894;368651;4538BJ;VR19;Zeeland;1;146;TRUE
15-5-2020;6004;Lelystad;158268;501627;8243PE;VR25;Flevoland;1;265;TRUE
16-5-2020;21001;Walcheren;31809;385219;4389VM;VR19;Zeeland;1;52;TRUE
17-5-2020;27008;Den Bosch;147493;415446;5221CD;VR21;Brabant-Noord;1;188;TRUE
17-5-2020;28005;Dinther;165227;405407;5473XL;VR21;Brabant-Noord;1;165;TRUE
17-5-2020;4027;Tollebeek;175622;521799;8309PP;VR25;Flevoland;1;160;TRUE
17-5-2020;9016;Arnhem;187878;442241;6841HJ;VR07;Gelderland-Midden;0,864490095;89;TRUE
17-5-2020;9016;Arnhem;187878;442241;6841HJ;VR08;Gelderland-Zuid;0,135509905;89;TRUE
17-5-2020;15005;Houtrust;78484;455921;2566GJ;VR15;Haaglanden;1;758;TRUE
17-5-2020;10027;Amersfoort;152483;464648;3812RH;VR09;Utrecht;1;209;TRUE
18-5-2020;32002;Tilburg;132554;401565;5048TD;VR20;Midden- en West-Brabant;1;211;TRUE
19-5-2020;29003;Land van Cuijk;189957;411781;5443PL;VR21;Brabant-Noord;1;397;TRUE
19-5-2020;3010;Assen;234705;558203;9403AK;VR03;Drenthe;1;0;TRUE
19-5-2020;2032;Harlingen;159027;576146;8861KT;VR02;Friesland;1;0;TRUE
19-5-2020;2011;Leeuwarden;184401;578940;8937AN;VR02;Friesland;1;0;TRUE
19-5-2020;1008;Stadskanaal;260571;559393;9501LH;VR01;Groningen;1;0;TRUE
19-5-2020;4026;Zwolle;199604;502805;8042PK;VR04;IJsselland;1;83;TRUE
19-5-2020;13010;Haarlem-Waarderpolder;105881;489932;2031BH;VR12;Kennemerland;1;0;TRUE
19-5-2020;10009;Utrecht;135481;458130;3552TJ;VR09;Utrecht;1;297;TRUE
20-5-2020;13030;Leimuiden;104642;470631;2451VX;VR16;Hollands-Midden;0,855650522;68;TRUE
20-5-2020;13030;Leimuiden;104642;470631;2451VX;VR12;Kennemerland;0,144349478;68;TRUE
21-5-2020;3028;Sleen;249969;532246;7841BP;VR03;Drenthe;1;0;TRUE
21-5-2020;6004;Lelystad;158268;501627;8243PE;VR25;Flevoland;1;278;TRUE
21-5-2020;12022;Beverwijk;106373;498868;1948NS;VR12;Kennemerland;0,435961337;123;TRUE
21-5-2020;30020;Venraij;196603;395898;5804CG;VR23;Limburg-Noord;1;0;TRUE
21-5-2020;30007;Maastricht-Bosscherveld;175697;319239;6219NW;VR24;Limburg-Zuid;1;968;TRUE
21-5-2020;25020;Kaatsheuvel;129083;407604;5171VG;VR20;Midden- en West-Brabant;1;428;TRUE
21-5-2020;25027;Lage Zwaluwe;107818;414149;4926CZ;VR20;Midden- en West-Brabant;1;0;TRUE
21-5-2020;7022;Etten;218761;438451;7061GK;VR06;Noord- en Oost-Gelderland;1;2130;TRUE
21-5-2020;12022;Beverwijk;106373;498868;1948NS;VR10;Noord-Holland-Noord;0,107744265;123;TRUE
21-5-2020;5012;Oldenzaal;257703;481136;7576PE;VR05;Twente;1;0;TRUE
21-5-2020;12022;Beverwijk;106373;498868;1948NS;VR11;Zaanstreek-Waterland;0,456294399;123;TRUE
22-5-2020;1033;Garmerwolde;240219;585040;9798TC;VR01;Groningen;1;108;TRUE
22-5-2020;23002;Terneuzen;46894;368651;4538BJ;VR19;Zeeland;1;0;TRUE
22-5-2020;21001;Walcheren;31809;385219;4389VM;VR19;Zeeland;1;0;TRUE
23-5-2020;4027;Tollebeek;175622;521799;8309PP;VR25;Flevoland;1;63;TRUE
24-5-2020;15005;Houtrust;78484;455921;2566GJ;VR15;Haaglanden;1;662;TRUE
24-5-2020;10027;Amersfoort;152483;464648;3812RH;VR09;Utrecht;1;0;TRUE
25-5-2020;29003;Land van Cuijk;189957;411781;5443PL;VR21;Brabant-Noord;1;91;TRUE
25-5-2020;9016;Arnhem;187878;442241;6841HJ;VR07;Gelderland-Midden;0,864490095;731;TRUE
25-5-2020;9016;Arnhem;187878;442241;6841HJ;VR08;Gelderland-Zuid;0,135509905;731;TRUE
25-5-2020;13030;Leimuiden;104642;470631;2451VX;VR16;Hollands-Midden;0,855650522;84;TRUE
25-5-2020;13010;Haarlem-Waarderpolder;105881;489932;2031BH;VR12;Kennemerland;1;0;TRUE
25-5-2020;13030;Leimuiden;104642;470631;2451VX;VR12;Kennemerland;0,144349478;84;TRUE
25-5-2020;32002;Tilburg;132554;401565;5048TD;VR20;Midden- en West-Brabant;1;173;TRUE
26-5-2020;3010;Assen;234705;558203;9403AK;VR03;Drenthe;1;0;TRUE
26-5-2020;2032;Harlingen;159027;576146;8861KT;VR02;Friesland;1;0;TRUE
26-5-2020;2011;Leeuwarden;184401;578940;8937AN;VR02;Friesland;1;0;TRUE
26-5-2020;1033;Garmerwolde;240219;585040;9798TC;VR01;Groningen;1;0;TRUE
26-5-2020;1008;Stadskanaal;260571;559393;9501LH;VR01;Groningen;1;0;TRUE
26-5-2020;4026;Zwolle;199604;502805;8042PK;VR04;IJsselland;1;21;TRUE
26-5-2020;10009;Utrecht;135481;458130;3552TJ;VR09;Utrecht;1;514;TRUE
27-5-2020;3028;Sleen;249969;532246;7841BP;VR03;Drenthe;1;0;TRUE
27-5-2020;6004;Lelystad;158268;501627;8243PE;VR25;Flevoland;1;267;TRUE
27-5-2020;12022;Beverwijk;106373;498868;1948NS;VR12;Kennemerland;0,435961337;0;TRUE
27-5-2020;30020;Venraij;196603;395898;5804CG;VR23;Limburg-Noord;1;308;TRUE
27-5-2020;30007;Maastricht-Bosscherveld;175697;319239;6219NW;VR24;Limburg-Zuid;1;2332;TRUE
27-5-2020;7022;Etten;218761;438451;7061GK;VR06;Noord- en Oost-Gelderland;1;0;TRUE
27-5-2020;12022;Beverwijk;106373;498868;1948NS;VR10;Noord-Holland-Noord;0,107744265;0;TRUE
27-5-2020;5012;Oldenzaal;257703;481136;7576PE;VR05;Twente;1;0;TRUE
27-5-2020;12022;Beverwijk;106373;498868;1948NS;VR11;Zaanstreek-Waterland;0,456294399;0;TRUE
28-5-2020;25020;Kaatsheuvel;129083;407604;5171VG;VR20;Midden- en West-Brabant;1;60;TRUE
28-5-2020;25027;Lage Zwaluwe;107818;414149;4926CZ;VR20;Midden- en West-Brabant;1;44;TRUE
28-5-2020;23002;Terneuzen;46894;368651;4538BJ;VR19;Zeeland;1;45;TRUE
29-5-2020;3010;Assen;234705;558203;9403AK;VR03;Drenthe;1;0;TRUE
29-5-2020;4027;Tollebeek;175622;521799;8309PP;VR25;Flevoland;1;56;TRUE
29-5-2020;1008;Stadskanaal;260571;559393;9501LH;VR01;Groningen;1;50;TRUE
1-6-2020;13030;Leimuiden;104642;470631;2451VX;VR16;Hollands-Midden;0,855650522;0;TRUE
1-6-2020;13030;Leimuiden;104642;470631;2451VX;VR12;Kennemerland;0,144349478;0;TRUE
1-6-2020;32002;Tilburg;132554;401565;5048TD;VR20;Midden- en West-Brabant;1;437;TRUE
1-6-2020;5012;Oldenzaal;257703;481136;7576PE;VR05;Twente;1;0;TRUE
1-6-2020;10027;Amersfoort;152483;464648;3812RH;VR09;Utrecht;1;0;TRUE
2-6-2020;29003;Land van Cuijk;189957;411781;5443PL;VR21;Brabant-Noord;1;487;TRUE
2-6-2020;6004;Lelystad;158268;501627;8243PE;VR25;Flevoland;1;226;TRUE
2-6-2020;2032;Harlingen;159027;576146;8861KT;VR02;Friesland;1;0;TRUE
2-6-2020;4026;Zwolle;199604;502805;8042PK;VR04;IJsselland;1;180;TRUE
2-6-2020;13010;Haarlem-Waarderpolder;105881;489932;2031BH;VR12;Kennemerland;1;0;TRUE
2-6-2020;10009;Utrecht;135481;458130;3552TJ;VR09;Utrecht;1;0;TRUE
3-6-2020;27008;Den Bosch;147493;415446;5221CD;VR21;Brabant-Noord;1;220;TRUE
3-6-2020;28005;Dinther;165227;405407;5473XL;VR21;Brabant-Noord;1;263;TRUE
3-6-2020;1033;Garmerwolde;240219;585040;9798TC;VR01;Groningen;1;110;TRUE
3-6-2020;30020;Venraij;196603;395898;5804CG;VR23;Limburg-Noord;1;263;TRUE
3-6-2020;30007;Maastricht-Bosscherveld;175697;319239;6219NW;VR24;Limburg-Zuid;1;763;TRUE
3-6-2020;25020;Kaatsheuvel;129083;407604;5171VG;VR20;Midden- en West-Brabant;1;417;TRUE
3-6-2020;25027;Lage Zwaluwe;107818;414149;4926CZ;VR20;Midden- en West-Brabant;1;0;FALSE
3-6-2020;7022;Etten;218761;438451;7061GK;VR06;Noord- en Oost-Gelderland;1;196;TRUE
4-6-2020;2011;Leeuwarden;184401;578940;8937AN;VR02;Friesland;1;0;TRUE
4-6-2020;9016;Arnhem;187878;442241;6841HJ;VR07;Gelderland-Midden;0,864490095;25;TRUE
4-6-2020;9016;Arnhem;187878;442241;6841HJ;VR08;Gelderland-Zuid;0,135509905;25;TRUE
4-6-2020;12022;Beverwijk;106373;498868;1948NS;VR12;Kennemerland;0,435961337;417;TRUE
4-6-2020;12022;Beverwijk;106373;498868;1948NS;VR10;Noord-Holland-Noord;0,107744265;417;TRUE
4-6-2020;12022;Beverwijk;106373;498868;1948NS;VR11;Zaanstreek-Waterland;0,456294399;417;TRUE
5-6-2020;3028;Sleen;249969;532246;7841BP;VR03;Drenthe;1;0;TRUE
5-6-2020;15005;Houtrust;78484;455921;2566GJ;VR15;Haaglanden;1;109;TRUE
6-6-2020;23002;Terneuzen;46894;368651;4538BJ;VR19;Zeeland;1;0;TRUE
6-6-2020;21001;Walcheren;31809;385219;4389VM;VR19;Zeeland;1;19;TRUE
7-6-2020;4027;Tollebeek;175622;521799;8309PP;VR25;Flevoland;1;35;TRUE
7-6-2020;13010;Haarlem-Waarderpolder;105881;489932;2031BH;VR12;Kennemerland;1;0;TRUE
7-6-2020;10027;Amersfoort;152483;464648;3812RH;VR09;Utrecht;1;56;TRUE
8-6-2020;6004;Lelystad;158268;501627;8243PE;VR25;Flevoland;1;456;TRUE
8-6-2020;1033;Garmerwolde;240219;585040;9798TC;VR01;Groningen;1;29;TRUE
8-6-2020;32002;Tilburg;132554;401565;5048TD;VR20;Midden- en West-Brabant;1;0;TRUE
9-6-2020;27008;Den Bosch;147493;415446;5221CD;VR21;Brabant-Noord;1;112;TRUE
9-6-2020;28005;Dinther;165227;405407;5473XL;VR21;Brabant-Noord;1;143;TRUE
9-6-2020;3010;Assen;234705;558203;9403AK;VR03;Drenthe;1;0;TRUE
9-6-2020;1008;Stadskanaal;260571;559393;9501LH;VR01;Groningen;1;88;TRUE
9-6-2020;13030;Leimuiden;104642;470631;2451VX;VR16;Hollands-Midden;0,855650522;0;TRUE
9-6-2020;13030;Leimuiden;104642;470631;2451VX;VR12;Kennemerland;0,144349478;0;TRUE
9-6-2020;10009;Utrecht;135481;458130;3552TJ;VR09;Utrecht;1;128;TRUE
10-6-2020;29003;Land van Cuijk;189957;411781;5443PL;VR21;Brabant-Noord;1;184;TRUE
10-6-2020;9016;Arnhem;187878;442241;6841HJ;VR07;Gelderland-Midden;0,864490095;40;TRUE
10-6-2020;9016;Arnhem;187878;442241;6841HJ;VR08;Gelderland-Zuid;0,135509905;40;TRUE
10-6-2020;15005;Houtrust;78484;455921;2566GJ;VR15;Haaglanden;1;299;TRUE
10-6-2020;4026;Zwolle;199604;502805;8042PK;VR04;IJsselland;1;0;TRUE
10-6-2020;12022;Beverwijk;106373;498868;1948NS;VR12;Kennemerland;0,435961337;0;TRUE
10-6-2020;30020;Venraij;196603;395898;5804CG;VR23;Limburg-Noord;1;29;TRUE
10-6-2020;30007;Maastricht-Bosscherveld;175697;319239;6219NW;VR24;Limburg-Zuid;1;399;TRUE
10-6-2020;25027;Lage Zwaluwe;107818;414149;4926CZ;VR20;Midden- en West-Brabant;1;0;TRUE
10-6-2020;7022;Etten;218761;438451;7061GK;VR06;Noord- en Oost-Gelderland;1;0;TRUE
10-6-2020;12022;Beverwijk;106373;498868;1948NS;VR10;Noord-Holland-Noord;0,107744265;0;TRUE
10-6-2020;5012;Oldenzaal;257703;481136;7576PE;VR05;Twente;1;0;TRUE
10-6-2020;12022;Beverwijk;106373;498868;1948NS;VR11;Zaanstreek-Waterland;0,456294399;0;TRUE
11-6-2020;4027;Tollebeek;175622;521799;8309PP;VR25;Flevoland;1;567;TRUE
11-6-2020;25020;Kaatsheuvel;129083;407604;5171VG;VR20;Midden- en West-Brabant;1;157;TRUE
11-6-2020;21001;Walcheren;31809;385219;4389VM;VR19;Zeeland;1;246;TRUE
12-6-2020;2032;Harlingen;159027;576146;8861KT;VR02;Friesland;1;0;TRUE
12-6-2020;2011;Leeuwarden;184401;578940;8937AN;VR02;Friesland;1;0;TRUE
14-6-2020;1033;Garmerwolde;240219;585040;9798TC;VR01;Groningen;1;0;TRUE
14-6-2020;10027;Amersfoort;152483;464648;3812RH;VR09;Utrecht;1;369;TRUE
14-6-2020;23002;Terneuzen;46894;368651;4538BJ;VR19;Zeeland;1;0;TRUE
15-6-2020;27008;Den Bosch;147493;415446;5221CD;VR21;Brabant-Noord;1;0;TRUE
15-6-2020;28005;Dinther;165227;405407;5473XL;VR21;Brabant-Noord;1;0;TRUE
15-6-2020;15005;Houtrust;78484;455921;2566GJ;VR15;Haaglanden;1;153;TRUE
15-6-2020;13030;Leimuiden;104642;470631;2451VX;VR16;Hollands-Midden;0,855650522;0;TRUE
15-6-2020;4026;Zwolle;199604;502805;8042PK;VR04;IJsselland;1;65;TRUE
15-6-2020;13010;Haarlem-Waarderpolder;105881;489932;2031BH;VR12;Kennemerland;1;0;TRUE
15-6-2020;13030;Leimuiden;104642;470631;2451VX;VR12;Kennemerland;0,144349478;0;TRUE
15-6-2020;32002;Tilburg;132554;401565;5048TD;VR20;Midden- en West-Brabant;1;94;TRUE
16-6-2020;9016;Arnhem;187878;442241;6841HJ;VR07;Gelderland-Midden;0,864490095;196;TRUE
16-6-2020;9016;Arnhem;187878;442241;6841HJ;VR08;Gelderland-Zuid;0,135509905;196;TRUE
16-6-2020;12022;Beverwijk;106373;498868;1948NS;VR12;Kennemerland;0,435961337;0;TRUE
16-6-2020;25027;Lage Zwaluwe;107818;414149;4926CZ;VR20;Midden- en West-Brabant;1;73;TRUE
16-6-2020;12022;Beverwijk;106373;498868;1948NS;VR10;Noord-Holland-Noord;0,107744265;0;TRUE
16-6-2020;10009;Utrecht;135481;458130;3552TJ;VR09;Utrecht;1;168;TRUE
16-6-2020;12022;Beverwijk;106373;498868;1948NS;VR11;Zaanstreek-Waterland;0,456294399;0;TRUE
17-6-2020;29003;Land van Cuijk;189957;411781;5443PL;VR21;Brabant-Noord;1;94;TRUE
17-6-2020;3010;Assen;234705;558203;9403AK;VR03;Drenthe;1;0;TRUE
17-6-2020;4027;Tollebeek;175622;521799;8309PP;VR25;Flevoland;1;0;TRUE
17-6-2020;2032;Harlingen;159027;576146;8861KT;VR02;Friesland;1;0;TRUE
17-6-2020;2011;Leeuwarden;184401;578940;8937AN;VR02;Friesland;1;81;TRUE
17-6-2020;1008;Stadskanaal;260571;559393;9501LH;VR01;Groningen;1;0;TRUE
17-6-2020;30020;Venraij;196603;395898;5804CG;VR23;Limburg-Noord;1;29;TRUE
17-6-2020;30007;Maastricht-Bosscherveld;175697;319239;6219NW;VR24;Limburg-Zuid;1;46;TRUE
17-6-2020;7022;Etten;218761;438451;7061GK;VR06;Noord- en Oost-Gelderland;1;0;TRUE
18-6-2020;3028;Sleen;249969;532246;7841BP;VR03;Drenthe;1;0;TRUE
18-6-2020;25020;Kaatsheuvel;129083;407604;5171VG;VR20;Midden- en West-Brabant;1;0;TRUE
18-6-2020;5012;Oldenzaal;257703;481136;7576PE;VR05;Twente;1;0;TRUE
18-6-2020;23002;Terneuzen;46894;368651;4538BJ;VR19;Zeeland;1;0;TRUE
18-6-2020;21001;Walcheren;31809;385219;4389VM;VR19;Zeeland;1;0;TRUE
19-6-2020;1033;Garmerwolde;240219;585040;9798TC;VR01;Groningen;1;0;TRUE
21-6-2020;27008;Den Bosch;147493;415446;5221CD;VR21;Brabant-Noord;1;80;TRUE
21-6-2020;28005;Dinther;165227;405407;5473XL;VR21;Brabant-Noord;1;304;TRUE
21-6-2020;6004;Lelystad;158268;501627;8243PE;VR25;Flevoland;1;90;TRUE
21-6-2020;2011;Leeuwarden;184401;578940;8937AN;VR02;Friesland;1;0;TRUE
21-6-2020;13010;Haarlem-Waarderpolder;105881;489932;2031BH;VR12;Kennemerland;1;0;TRUE
21-6-2020;10027;Amersfoort;152483;464648;3812RH;VR09;Utrecht;1;0;TRUE
22-6-2020;9016;Arnhem;187878;442241;6841HJ;VR07;Gelderland-Midden;0,864490095;0;TRUE
22-6-2020;9016;Arnhem;187878;442241;6841HJ;VR08;Gelderland-Zuid;0,135509905;0;TRUE
22-6-2020;15005;Houtrust;78484;455921;2566GJ;VR15;Haaglanden;1;0;TRUE
22-6-2020;13030;Leimuiden;104642;470631;2451VX;VR16;Hollands-Midden;0,855650522;30;TRUE
22-6-2020;12022;Beverwijk;106373;498868;1948NS;VR12;Kennemerland;0,435961337;0;TRUE
22-6-2020;13030;Leimuiden;104642;470631;2451VX;VR12;Kennemerland;0,144349478;30;TRUE
22-6-2020;32002;Tilburg;132554;401565;5048TD;VR20;Midden- en West-Brabant;1;50;TRUE
22-6-2020;12022;Beverwijk;106373;498868;1948NS;VR10;Noord-Holland-Noord;0,107744265;0;TRUE
22-6-2020;12022;Beverwijk;106373;498868;1948NS;VR11;Zaanstreek-Waterland;0,456294399;0;TRUE
23-6-2020;3010;Assen;234705;558203;9403AK;VR03;Drenthe;1;0;TRUE
23-6-2020;3028;Sleen;249969;532246;7841BP;VR03;Drenthe;1;0;TRUE
23-6-2020;4027;Tollebeek;175622;521799;8309PP;VR25;Flevoland;1;129;TRUE
23-6-2020;1008;Stadskanaal;260571;559393;9501LH;VR01;Groningen;1;0;TRUE
23-6-2020;4026;Zwolle;199604;502805;8042PK;VR04;IJsselland;1;0;TRUE
23-6-2020;25020;Kaatsheuvel;129083;407604;5171VG;VR20;Midden- en West-Brabant;1;135;TRUE
23-6-2020;25027;Lage Zwaluwe;107818;414149;4926CZ;VR20;Midden- en West-Brabant;1;0;TRUE
23-6-2020;5012;Oldenzaal;257703;481136;7576PE;VR05;Twente;1;0;TRUE
23-6-2020;10009;Utrecht;135481;458130;3552TJ;VR09;Utrecht;1;24;TRUE
23-6-2020;21001;Walcheren;31809;385219;4389VM;VR19;Zeeland;1;0;TRUE
24-6-2020;30020;Venraij;196603;395898;5804CG;VR23;Limburg-Noord;1;0;TRUE
24-6-2020;30007;Maastricht-Bosscherveld;175697;319239;6219NW;VR24;Limburg-Zuid;1;0;TRUE
24-6-2020;7022;Etten;218761;438451;7061GK;VR06;Noord- en Oost-Gelderland;1;0;TRUE
24-6-2020;23002;Terneuzen;46894;368651;4538BJ;VR19;Zeeland;1;0;TRUE
27-6-2020;6004;Lelystad;158268;501627;8243PE;VR25;Flevoland;1;0;TRUE
27-6-2020;2032;Harlingen;159027;576146;8861KT;VR02;Friesland;1;0;TRUE
27-6-2020;13010;Haarlem-Waarderpolder;105881;489932;2031BH;VR12;Kennemerland;1;142;TRUE
28-6-2020;27008;Den Bosch;147493;415446;5221CD;VR21;Brabant-Noord;1;0;TRUE
28-6-2020;28005;Dinther;165227;405407;5473XL;VR21;Brabant-Noord;1;66;TRUE
28-6-2020;29003;Land van Cuijk;189957;411781;5443PL;VR21;Brabant-Noord;1;0;TRUE
28-6-2020;9016;Arnhem;187878;442241;6841HJ;VR07;Gelderland-Midden;0,864490095;0;TRUE
28-6-2020;9016;Arnhem;187878;442241;6841HJ;VR08;Gelderland-Zuid;0,135509905;0;TRUE
28-6-2020;1033;Garmerwolde;240219;585040;9798TC;VR01;Groningen;1;0;TRUE
28-6-2020;15005;Houtrust;78484;455921;2566GJ;VR15;Haaglanden;1;287;TRUE
28-6-2020;12022;Beverwijk;106373;498868;1948NS;VR12;Kennemerland;0,435961337;0;TRUE
28-6-2020;12022;Beverwijk;106373;498868;1948NS;VR10;Noord-Holland-Noord;0,107744265;0;TRUE
28-6-2020;10027;Amersfoort;152483;464648;3812RH;VR09;Utrecht;1;0;TRUE
28-6-2020;12022;Beverwijk;106373;498868;1948NS;VR11;Zaanstreek-Waterland;0,456294399;0;TRUE
28-6-2020;21001;Walcheren;31809;385219;4389VM;VR19;Zeeland;1;0;TRUE
29-6-2020;4027;Tollebeek;175622;521799;8309PP;VR25;Flevoland;1;38;TRUE
29-6-2020;13030;Leimuiden;104642;470631;2451VX;VR16;Hollands-Midden;0,855650522;137;TRUE
29-6-2020;13030;Leimuiden;104642;470631;2451VX;VR12;Kennemerland;0,144349478;137;TRUE
29-6-2020;32002;Tilburg;132554;401565;5048TD;VR20;Midden- en West-Brabant;1;0;TRUE
29-6-2020;23002;Terneuzen;46894;368651;4538BJ;VR19;Zeeland;1;0;TRUE
30-6-2020;3028;Sleen;249969;532246;7841BP;VR03;Drenthe;1;0;TRUE
30-6-2020;4026;Zwolle;199604;502805;8042PK;VR04;IJsselland;1;23;TRUE
30-6-2020;5012;Oldenzaal;257703;481136;7576PE;VR05;Twente;1;0;TRUE
30-6-2020;10009;Utrecht;135481;458130;3552TJ;VR09;Utrecht;1;0;TRUE
1-7-2020;29003;Land van Cuijk;189957;411781;5443PL;VR21;Brabant-Noord;1;0;TRUE
1-7-2020;30020;Venraij;196603;395898;5804CG;VR23;Limburg-Noord;1;0;TRUE
1-7-2020;30007;Maastricht-Bosscherveld;175697;319239;6219NW;VR24;Limburg-Zuid;1;0;TRUE
1-7-2020;25020;Kaatsheuvel;129083;407604;5171VG;VR20;Midden- en West-Brabant;1;0;TRUE
1-7-2020;25027;Lage Zwaluwe;107818;414149;4926CZ;VR20;Midden- en West-Brabant;1;0;TRUE
1-7-2020;7022;Etten;218761;438451;7061GK;VR06;Noord- en Oost-Gelderland;1;0;TRUE
2-7-2020;27008;Den Bosch;147493;415446;5221CD;VR21;Brabant-Noord;1;172;TRUE
2-7-2020;28005;Dinther;165227;405407;5473XL;VR21;Brabant-Noord;1;0;TRUE
2-7-2020;3010;Assen;234705;558203;9403AK;VR03;Drenthe;1;0;TRUE
2-7-2020;1008;Stadskanaal;260571;559393;9501LH;VR01;Groningen;1;0;TRUE
5-7-2020;2032;Harlingen;159027;576146;8861KT;VR02;Friesland;1;0;TRUE
5-7-2020;2011;Leeuwarden;184401;578940;8937AN;VR02;Friesland;1;0;TRUE
5-7-2020;9016;Arnhem;187878;442241;6841HJ;VR07;Gelderland-Midden;0,864490095;0;TRUE
5-7-2020;9016;Arnhem;187878;442241;6841HJ;VR08;Gelderland-Zuid;0,135509905;0;TRUE
5-7-2020;12022;Beverwijk;106373;498868;1948NS;VR12;Kennemerland;0,435961337;0;TRUE
5-7-2020;13010;Haarlem-Waarderpolder;105881;489932;2031BH;VR12;Kennemerland;1;0;TRUE
5-7-2020;12022;Beverwijk;106373;498868;1948NS;VR10;Noord-Holland-Noord;0,107744265;0;TRUE
5-7-2020;10027;Amersfoort;152483;464648;3812RH;VR09;Utrecht;1;0;TRUE
5-7-2020;12022;Beverwijk;106373;498868;1948NS;VR11;Zaanstreek-Waterland;0,456294399;0;TRUE
5-7-2020;23002;Terneuzen;46894;368651;4538BJ;VR19;Zeeland;1;0;TRUE
6-7-2020;3028;Sleen;249969;532246;7841BP;VR03;Drenthe;1;0;TRUE
6-7-2020;15005;Houtrust;78484;455921;2566GJ;VR15;Haaglanden;1;174;TRUE
6-7-2020;32002;Tilburg;132554;401565;5048TD;VR20;Midden- en West-Brabant;1;0;TRUE
7-7-2020;29003;Land van Cuijk;189957;411781;5443PL;VR21;Brabant-Noord;1;0;TRUE
7-7-2020;1034;Feerwerd;227917;590220;9892TC;VR01;Groningen;1;0;TRUE
7-7-2020;13033;Leiden-Zuidwest;92339;461320;2324AB;VR15;Haaglanden;0,007372899;0;TRUE
7-7-2020;13033;Leiden-Zuidwest;92339;461320;2324AB;VR16;Hollands-Midden;0,992627101;0;TRUE
7-7-2020;4026;Zwolle;199604;502805;8042PK;VR04;IJsselland;1;0;TRUE
7-7-2020;25020;Kaatsheuvel;129083;407604;5171VG;VR20;Midden- en West-Brabant;1;0;TRUE
7-7-2020;25027;Lage Zwaluwe;107818;414149;4926CZ;VR20;Midden- en West-Brabant;1;0;TRUE
7-7-2020;10009;Utrecht;135481;458130;3552TJ;VR09;Utrecht;1;138;TRUE
7-7-2020;21001;Walcheren;31809;385219;4389VM;VR19;Zeeland;1;0;TRUE
8-7-2020;27008;Den Bosch;147493;415446;5221CD;VR21;Brabant-Noord;1;156;TRUE
8-7-2020;28005;Dinther;165227;405407;5473XL;VR21;Brabant-Noord;1;100;TRUE
8-7-2020;6004;Lelystad;158268;501627;8243PE;VR25;Flevoland;1;0;TRUE
8-7-2020;4027;Tollebeek;175622;521799;8309PP;VR25;Flevoland;1;0;TRUE
8-7-2020;1033;Garmerwolde;240219;585040;9798TC;VR01;Groningen;1;0;TRUE
8-7-2020;13030;Leimuiden;104642;470631;2451VX;VR16;Hollands-Midden;0,855650522;0;TRUE
8-7-2020;13030;Leimuiden;104642;470631;2451VX;VR12;Kennemerland;0,144349478;0;TRUE
8-7-2020;30020;Venraij;196603;395898;5804CG;VR23;Limburg-Noord;1;0;TRUE
8-7-2020;30007;Maastricht-Bosscherveld;175697;319239;6219NW;VR24;Limburg-Zuid;1;0;TRUE
8-7-2020;7022;Etten;218761;438451;7061GK;VR06;Noord- en Oost-Gelderland;1;0;TRUE
9-7-2020;3010;Assen;234705;558203;9403AK;VR03;Drenthe;1;0;TRUE
9-7-2020;1008;Stadskanaal;260571;559393;9501LH;VR01;Groningen;1;0;TRUE
9-7-2020;12022;Beverwijk;106373;498868;1948NS;VR12;Kennemerland;0,435961337;0;TRUE
9-7-2020;12022;Beverwijk;106373;498868;1948NS;VR10;Noord-Holland-Noord;0,107744265;0;TRUE
9-7-2020;12022;Beverwijk;106373;498868;1948NS;VR11;Zaanstreek-Waterland;0,456294399;0;TRUE
10-7-2020;9016;Arnhem;187878;442241;6841HJ;VR07;Gelderland-Midden;0,864490095;0;TRUE
10-7-2020;9016;Arnhem;187878;442241;6841HJ;VR08;Gelderland-Zuid;0,135509905;0;TRUE
11-7-2020;13010;Haarlem-Waarderpolder;105881;489932;2031BH;VR12;Kennemerland;1;0;TRUE
12-7-2020;4027;Tollebeek;175622;521799;8309PP;VR25;Flevoland;1;0;TRUE
12-7-2020;2032;Harlingen;159027;576146;8861KT;VR02;Friesland;1;0;TRUE
12-7-2020;2011;Leeuwarden;184401;578940;8937AN;VR02;Friesland;1;0;TRUE
12-7-2020;10027;Amersfoort;152483;464648;3812RH;VR09;Utrecht;1;0;TRUE
13-7-2020;29003;Land van Cuijk;189957;411781;5443PL;VR21;Brabant-Noord;1;0;TRUE
13-7-2020;1033;Garmerwolde;240219;585040;9798TC;VR01;Groningen;1;78;TRUE
13-7-2020;15005;Houtrust;78484;455921;2566GJ;VR15;Haaglanden;1;199;TRUE
13-7-2020;25020;Kaatsheuvel;129083;407604;5171VG;VR20;Midden- en West-Brabant;1;50;TRUE
13-7-2020;25027;Lage Zwaluwe;107818;414149;4926CZ;VR20;Midden- en West-Brabant;1;0;TRUE
13-7-2020;32002;Tilburg;132554;401565;5048TD;VR20;Midden- en West-Brabant;1;120;TRUE
13-7-2020;23002;Terneuzen;46894;368651;4538BJ;VR19;Zeeland;1;172;TRUE
13-7-2020;21001;Walcheren;31809;385219;4389VM;VR19;Zeeland;1;0;TRUE
14-7-2020;27008;Den Bosch;147493;415446;5221CD;VR21;Brabant-Noord;1;0;TRUE
14-7-2020;28005;Dinther;165227;405407;5473XL;VR21;Brabant-Noord;1;0;TRUE
14-7-2020;6004;Lelystad;158268;501627;8243PE;VR25;Flevoland;1;0;TRUE
14-7-2020;5012;Oldenzaal;257703;481136;7576PE;VR05;Twente;1;0;TRUE
14-7-2020;10009;Utrecht;135481;458130;3552TJ;VR09;Utrecht;1;98;TRUE
15-7-2020;3028;Sleen;249969;532246;7841BP;VR03;Drenthe;1;0;TRUE
15-7-2020;9016;Arnhem;187878;442241;6841HJ;VR07;Gelderland-Midden;0,864490095;0;TRUE
15-7-2020;9016;Arnhem;187878;442241;6841HJ;VR08;Gelderland-Zuid;0,135509905;0;TRUE
15-7-2020;13030;Leimuiden;104642;470631;2451VX;VR16;Hollands-Midden;0,855650522;0;TRUE
15-7-2020;4026;Zwolle;199604;502805;8042PK;VR04;IJsselland;1;0;TRUE
15-7-2020;12022;Beverwijk;106373;498868;1948NS;VR12;Kennemerland;0,435961337;0;TRUE
15-7-2020;13030;Leimuiden;104642;470631;2451VX;VR12;Kennemerland;0,144349478;0;TRUE
15-7-2020;30020;Venraij;196603;395898;5804CG;VR23;Limburg-Noord;1;0;TRUE
15-7-2020;30007;Maastricht-Bosscherveld;175697;319239;6219NW;VR24;Limburg-Zuid;1;0;TRUE
15-7-2020;7022;Etten;218761;438451;7061GK;VR06;Noord- en Oost-Gelderland;1;0;TRUE
15-7-2020;12022;Beverwijk;106373;498868;1948NS;VR10;Noord-Holland-Noord;0,107744265;0;TRUE
15-7-2020;12022;Beverwijk;106373;498868;1948NS;VR11;Zaanstreek-Waterland;0,456294399;0;TRUE
16-7-2020;3010;Assen;234705;558203;9403AK;VR03;Drenthe;1;0;TRUE
16-7-2020;1008;Stadskanaal;260571;559393;9501LH;VR01;Groningen;1;0;TRUE
16-7-2020;13033;Leiden-Zuidwest;92339;461320;2324AB;VR15;Haaglanden;0,007372899;260;TRUE
16-7-2020;13033;Leiden-Zuidwest;92339;461320;2324AB;VR16;Hollands-Midden;0,992627101;260;TRUE
16-7-2020;13010;Haarlem-Waarderpolder;105881;489932;2031BH;VR12;Kennemerland;1;0;TRUE
17-7-2020;4027;Tollebeek;175622;521799;8309PP;VR25;Flevoland;1;0;TRUE
17-7-2020;2015;Gorredijk;199899;558357;8401JD;VR02;Friesland;1;0;TRUE
18-7-2020;8021;Ede;170941;450113;6715AT;VR07;Gelderland-Midden;1;0;TRUE
18-7-2020;10020;Woudenberg;158675;455096;3931MR;VR07;Gelderland-Midden;0,341985268;0;TRUE
18-7-2020;15007;De Groote Lucht;80108;435452;3133KA;VR15;Haaglanden;0,093925536;25;TRUE
18-7-2020;32002;Tilburg;132554;401565;5048TD;VR20;Midden- en West-Brabant;1;187;TRUE
18-7-2020;15007;De Groote Lucht;80108;435452;3133KA;VR17;Rotterdam-Rijnmond;0,906074464;25;TRUE
18-7-2020;10027;Amersfoort;152483;464648;3812RH;VR09;Utrecht;1;141;TRUE
18-7-2020;10008;Driebergen;146869;451529;3972EH;VR09;Utrecht;1;0;TRUE
18-7-2020;10020;Woudenberg;158675;455096;3931MR;VR09;Utrecht;0,658014732;0;TRUE
19-7-2020;29003;Land van Cuijk;189957;411781;5443PL;VR21;Brabant-Noord;1;0;TRUE
19-7-2020;9017;Bergharen;172712;428608;6617KE;VR08;Gelderland-Zuid;1;136;TRUE
19-7-2020;17011;Ridderkerk;101964;431762;2984BP;VR17;Rotterdam-Rijnmond;1;391;TRUE
19-7-2020;21001;Walcheren;31809;385219;4389VM;VR19;Zeeland;1;0;TRUE
20-7-2020;28003;Aarle Rixtel;174610;391423;5735SC;VR21;Brabant-Noord;0,004472086;345;TRUE
20-7-2020;27008;Den Bosch;147493;415446;5221CD;VR21;Brabant-Noord;1;47;TRUE
20-7-2020;28005;Dinther;165227;405407;5473XL;VR21;Brabant-Noord;1;0;TRUE
20-7-2020;27010;St Oedenrode;159021;396687;5492VB;VR21;Brabant-Noord;0,29726163;0;TRUE
20-7-2020;28003;Aarle Rixtel;174610;391423;5735SC;VR22;Brabant-Zuidoost;0,995527914;345;TRUE
20-7-2020;28002;Asten;180032;377360;5725TB;VR22;Brabant-Zuidoost;1;20;TRUE
20-7-2020;27010;St Oedenrode;159021;396687;5492VB;VR22;Brabant-Zuidoost;0,70273837;0;TRUE
20-7-2020;6004;Lelystad;158268;501627;8243PE;VR25;Flevoland;1;113;TRUE
20-7-2020;2037;Warns;155244;544925;8722HN;VR02;Friesland;1;76;TRUE
20-7-2020;9013;Asperen;136056;432812;4147CV;VR08;Gelderland-Zuid;1;127;TRUE
20-7-2020;1033;Garmerwolde;240219;585040;9798TC;VR01;Groningen;1;171;TRUE
20-7-2020;15008;Harnaschpolder;81598;447803;2635BX;VR15;Haaglanden;0,959505899;132;TRUE
20-7-2020;15005;Houtrust;78484;455921;2566GJ;VR15;Haaglanden;1;207;TRUE
20-7-2020;15008;Harnaschpolder;81598;447803;2635BX;VR16;Hollands-Midden;0,004198207;132;TRUE
20-7-2020;8022;Apeldoorn;194895;472607;7317AX;VR06;Noord- en Oost-Gelderland;1;0;TRUE
20-7-2020;8017;Epe;196608;484240;8161PH;VR06;Noord- en Oost-Gelderland;1;0;TRUE
20-7-2020;15008;Harnaschpolder;81598;447803;2635BX;VR17;Rotterdam-Rijnmond;0,036295894;132;TRUE
20-7-2020;17054;Piershil;83701;423791;3265LC;VR18;Zuid-Holland-Zuid;1;0;TRUE
21-7-2020;11014;Amsterdam-West;114580;490289;1046BS;VR13;Amsterdam-Amstelland;0,989553131;434;TRUE
21-7-2020;3033;Echten;224791;525338;7909HS;VR03;Drenthe;0,969794629;0;TRUE
21-7-2020;3027;Smilde;226104;551047;9422JK;VR03;Drenthe;1;0;TRUE
21-7-2020;2038;Franeker;166837;577207;8801JW;VR02;Friesland;1;0;TRUE
21-7-2020;2032;Harlingen;159027;576146;8861KT;VR02;Friesland;1;0;TRUE
21-7-2020;2011;Leeuwarden;184401;578940;8937AN;VR02;Friesland;1;0;TRUE
21-7-2020;11008;Blaricum Gooiergracht;145454;475392;1261JL;VR14;Gooi en Vechtstreek;0,706612903;0;TRUE
21-7-2020;4019;Deventer;205851;476223;7414KA;VR04;IJsselland;1;345;TRUE
21-7-2020;3033;Echten;224791;525338;7909HS;VR04;IJsselland;0,030205371;0;TRUE
21-7-2020;4023;Kampen;188724;509149;8263AP;VR04;IJsselland;1;0;TRUE
21-7-2020;12022;Beverwijk;106373;498868;1948NS;VR12;Kennemerland;0,435961337;0;TRUE
21-7-2020;25021;Bath;75411;379662;4411SV;VR20;Midden- en West-Brabant;1;0;TRUE
21-7-2020;25020;Kaatsheuvel;129083;407604;5171VG;VR20;Midden- en West-Brabant;1;2572;TRUE
21-7-2020;25027;Lage Zwaluwe;107818;414149;4926CZ;VR20;Midden- en West-Brabant;1;0;TRUE
21-7-2020;25017;Nieuwveer;107848;404705;4823ZJ;VR20;Midden- en West-Brabant;1;195;TRUE
21-7-2020;25013;Riel;129443;393499;5133AB;VR20;Midden- en West-Brabant;1;970;TRUE
21-7-2020;12006;Alkmaar;110983;517113;1817ET;VR10;Noord-Holland-Noord;1;136;TRUE
21-7-2020;12022;Beverwijk;106373;498868;1948NS;VR10;Noord-Holland-Noord;0,107744265;0;TRUE
21-7-2020;5002;Enschede-West;254652;472540;7547AM;VR05;Twente;1;0;TRUE
21-7-2020;11014;Amsterdam-West;114580;490289;1046BS;VR09;Utrecht;0,010446869;434;TRUE
21-7-2020;11008;Blaricum Gooiergracht;145454;475392;1261JL;VR09;Utrecht;0,293387097;0;TRUE
21-7-2020;10037;Loenen;129000;470700;3634BA;VR09;Utrecht;1;0;TRUE
21-7-2020;12022;Beverwijk;106373;498868;1948NS;VR11;Zaanstreek-Waterland;0,456294399;0;TRUE
22-7-2020;2021;Damwoude;197783;588948;9113AV;VR02;Friesland;1;0;TRUE
22-7-2020;2012;Drachten;200760;569642;9206AG;VR02;Friesland;1;0;TRUE
22-7-2020;2022;Joure;180039;554315;8512AT;VR02;Friesland;1;0;TRUE
22-7-2020;9016;Arnhem;187878;442241;6841HJ;VR07;Gelderland-Midden;0,864490095;35;TRUE
22-7-2020;9016;Arnhem;187878;442241;6841HJ;VR08;Gelderland-Zuid;0,135509905;35;TRUE
22-7-2020;9024;Nijmegen;183502;429077;6551DK;VR08;Gelderland-Zuid;1;0;TRUE
22-7-2020;13033;Leiden-Zuidwest;92339;461320;2324AB;VR15;Haaglanden;0,007372899;0;TRUE
22-7-2020;13033;Leiden-Zuidwest;92339;461320;2324AB;VR16;Hollands-Midden;0,992627101;0;TRUE
22-7-2020;13030;Leimuiden;104642;470631;2451VX;VR16;Hollands-Midden;0,855650522;0;TRUE
22-7-2020;13038;Nieuwveen;112426;466225;2441LB;VR16;Hollands-Midden;1;0;TRUE
22-7-2020;13010;Haarlem-Waarderpolder;105881;489932;2031BH;VR12;Kennemerland;1;0;TRUE
22-7-2020;13030;Leimuiden;104642;470631;2451VX;VR12;Kennemerland;0,144349478;0;TRUE
22-7-2020;30023;Panheel;189132;354020;6097NE;VR23;Limburg-Noord;1;0;TRUE
22-7-2020;30022;Susteren;186972;341598;6114RG;VR23;Limburg-Noord;0,321863866;0;TRUE
22-7-2020;30017;Venlo;208583;377116;5928NM;VR23;Limburg-Noord;1;30;TRUE
22-7-2020;30020;Venraij;196603;395898;5804CG;VR23;Limburg-Noord;1;74;TRUE
22-7-2020;30007;Maastricht-Bosscherveld;175697;319239;6219NW;VR24;Limburg-Zuid;1;0;TRUE
22-7-2020;30011;Simpelveld;196000;316000;6369XV;VR24;Limburg-Zuid;1;0;TRUE
22-7-2020;30022;Susteren;186972;341598;6114RG;VR24;Limburg-Zuid;0,678136134;0;TRUE
22-7-2020;7022;Etten;218761;438451;7061GK;VR06;Noord- en Oost-Gelderland;1;0;TRUE
22-7-2020;7016;Winterswijk;245363;444972;7103AX;VR06;Noord- en Oost-Gelderland;1;0;TRUE
22-7-2020;10009;Utrecht;135481;458130;3552TJ;VR09;Utrecht;1;495;TRUE
22-7-2020;23002;Terneuzen;46894;368651;4538BJ;VR19;Zeeland;1;51;TRUE
23-7-2020;3010;Assen;234705;558203;9403AK;VR03;Drenthe;1;0;TRUE
23-7-2020;3028;Sleen;249969;532246;7841BP;VR03;Drenthe;1;0;TRUE
23-7-2020;3023;Tweede Exloermond;259900;481450;7571BM;VR03;Drenthe;1;0;TRUE
23-7-2020;4027;Tollebeek;175622;521799;8309PP;VR25;Flevoland;1;0;TRUE
23-7-2020;6006;Zeewolde;163136;485509;3899AW;VR25;Flevoland;1;0;TRUE
23-7-2020;1039;Scheemda;262970;576581;9679TW;VR01;Groningen;1;0;TRUE
23-7-2020;1008;Stadskanaal;260571;559393;9501LH;VR01;Groningen;1;0;TRUE
23-7-2020;12023;Den Helder;115228;547921;1786PT;VR10;Noord-Holland-Noord;1;472;TRUE
23-7-2020;12021;Wervershoof;137975;527101;1693HC;VR10;Noord-Holland-Noord;1;0;TRUE
23-7-2020;12018;Wieringen;131100;549100;1779GX;VR10;Noord-Holland-Noord;1;0;TRUE
23-7-2020;16010;Capelle ad IJssel/Kralingseveer;96982;435734;2909LM;VR17;Rotterdam-Rijnmond;1;1009;TRUE
23-7-2020;5012;Oldenzaal;257703;481136;7576PE;VR05;Twente;1;0;TRUE
23-7-2020;5012;Oldenzaal;257703;481136;7576PE;VR05;Twente;1;0;TRUE
24-7-2020;8021;Ede;170941;450113;6715AT;VR07;Gelderland-Midden;1;0;TRUE
24-7-2020;10020;Woudenberg;158675;455096;3931MR;VR07;Gelderland-Midden;0,341985268;0;TRUE
24-7-2020;4024;Hardenberg;237908;506639;7691PZ;VR04;IJsselland;1;0;TRUE
24-7-2020;5025;Den Ham;228453;497777;7683PC;VR05;Twente;1;349;TRUE
24-7-2020;10027;Amersfoort;152483;464648;3812RH;VR09;Utrecht;1;0;TRUE
24-7-2020;10020;Woudenberg;158675;455096;3931MR;VR09;Utrecht;0,658014732;0;TRUE
25-7-2020;29003;Land van Cuijk;189957;411781;5443PL;VR21;Brabant-Noord;1;144;TRUE
25-7-2020;18006;Westerschouwen;42833;412362;4328NP;VR19;Zeeland;1;232;TRUE
26-7-2020;28003;Aarle Rixtel;174610;391423;5735SC;VR21;Brabant-Noord;0,004472086;177;TRUE
26-7-2020;27008;Den Bosch;147493;415446;5221CD;VR21;Brabant-Noord;1;49;TRUE
26-7-2020;28005;Dinther;165227;405407;5473XL;VR21;Brabant-Noord;1;729;TRUE
26-7-2020;28003;Aarle Rixtel;174610;391423;5735SC;VR22;Brabant-Zuidoost;0,995527914;177;TRUE
26-7-2020;3010;Assen;234705;558203;9403AK;VR03;Drenthe;1;0;TRUE
26-7-2020;6004;Lelystad;158268;501627;8243PE;VR25;Flevoland;1;825;TRUE
26-7-2020;6006;Zeewolde;163136;485509;3899AW;VR25;Flevoland;1;407;TRUE
26-7-2020;9016;Arnhem;187878;442241;6841HJ;VR07;Gelderland-Midden;0,864490095;0;TRUE
26-7-2020;9016;Arnhem;187878;442241;6841HJ;VR08;Gelderland-Zuid;0,135509905;0;TRUE
26-7-2020;9024;Nijmegen;183502;429077;6551DK;VR08;Gelderland-Zuid;1;0;TRUE
26-7-2020;1034;Feerwerd;227917;590220;9892TC;VR01;Groningen;1;0;TRUE
26-7-2020;1033;Garmerwolde;240219;585040;9798TC;VR01;Groningen;1;0;TRUE
26-7-2020;8017;Epe;196608;484240;8161PH;VR06;Noord- en Oost-Gelderland;1;0;TRUE
26-7-2020;10009;Utrecht;135481;458130;3552TJ;VR09;Utrecht;1;0;TRUE
27-7-2020;11014;Amsterdam-West;114580;490289;1046BS;VR13;Amsterdam-Amstelland;0,989553131;1226;TRUE
27-7-2020;2012;Drachten;200760;569642;9206AG;VR02;Friesland;1;0;TRUE
27-7-2020;2038;Franeker;166837;577207;8801JW;VR02;Friesland;1;0;TRUE
27-7-2020;2032;Harlingen;159027;576146;8861KT;VR02;Friesland;1;315;TRUE
27-7-2020;11008;Blaricum Gooiergracht;145454;475392;1261JL;VR14;Gooi en Vechtstreek;0,706612903;0;TRUE
27-7-2020;15008;Harnaschpolder;81598;447803;2635BX;VR15;Haaglanden;0,959505899;953;TRUE
27-7-2020;15005;Houtrust;78484;455921;2566GJ;VR15;Haaglanden;1;862;TRUE
27-7-2020;15008;Harnaschpolder;81598;447803;2635BX;VR16;Hollands-Midden;0,004198207;953;TRUE
27-7-2020;4019;Deventer;205851;476223;7414KA;VR04;IJsselland;1;0;TRUE
27-7-2020;4023;Kampen;188724;509149;8263AP;VR04;IJsselland;1;152;TRUE
27-7-2020;4026;Zwolle;199604;502805;8042PK;VR04;IJsselland;1;0;TRUE
27-7-2020;12022;Beverwijk;106373;498868;1948NS;VR12;Kennemerland;0,435961337;68;TRUE
27-7-2020;12006;Alkmaar;110983;517113;1817ET;VR10;Noord-Holland-Noord;1;894;TRUE
27-7-2020;12022;Beverwijk;106373;498868;1948NS;VR10;Noord-Holland-Noord;0,107744265;68;TRUE
27-7-2020;15008;Harnaschpolder;81598;447803;2635BX;VR17;Rotterdam-Rijnmond;0,036295894;953;TRUE
27-7-2020;17011;Ridderkerk;101964;431762;2984BP;VR17;Rotterdam-Rijnmond;1;211;TRUE
27-7-2020;5002;Enschede-West;254652;472540;7547AM;VR05;Twente;1;243;TRUE
27-7-2020;11014;Amsterdam-West;114580;490289;1046BS;VR09;Utrecht;0,010446869;1226;TRUE
27-7-2020;11008;Blaricum Gooiergracht;145454;475392;1261JL;VR09;Utrecht;0,293387097;0;TRUE
27-7-2020;10037;Loenen;129000;470700;3634BA;VR09;Utrecht;1;0;TRUE
27-7-2020;12022;Beverwijk;106373;498868;1948NS;VR11;Zaanstreek-Waterland;0,456294399;68;TRUE
28-7-2020;28002;Asten;180032;377360;5725TB;VR22;Brabant-Zuidoost;1;20;TRUE
28-7-2020;2021;Damwoude;197783;588948;9113AV;VR02;Friesland;1;0;TRUE
28-7-2020;2011;Leeuwarden;184401;578940;8937AN;VR02;Friesland;1;129;TRUE
28-7-2020;9013;Asperen;136056;432812;4147CV;VR08;Gelderland-Zuid;1;770;TRUE
28-7-2020;9017;Bergharen;172712;428608;6617KE;VR08;Gelderland-Zuid;1;0;TRUE
28-7-2020;13033;Leiden-Zuidwest;92339;461320;2324AB;VR15;Haaglanden;0,007372899;0;FALSE
28-7-2020;13033;Leiden-Zuidwest;92339;461320;2324AB;VR15;Haaglanden;0,007372899;219;TRUE
28-7-2020;13033;Leiden-Zuidwest;92339;461320;2324AB;VR16;Hollands-Midden;0,992627101;0;FALSE
28-7-2020;13033;Leiden-Zuidwest;92339;461320;2324AB;VR16;Hollands-Midden;0,992627101;219;TRUE
28-7-2020;13010;Haarlem-Waarderpolder;105881;489932;2031BH;VR12;Kennemerland;1;167;TRUE
28-7-2020;25021;Bath;75411;379662;4411SV;VR20;Midden- en West-Brabant;1;172;TRUE
28-7-2020;25020;Kaatsheuvel;129083;407604;5171VG;VR20;Midden- en West-Brabant;1;218;TRUE
28-7-2020;25027;Lage Zwaluwe;107818;414149;4926CZ;VR20;Midden- en West-Brabant;1;0;TRUE
28-7-2020;25017;Nieuwveer;107848;404705;4823ZJ;VR20;Midden- en West-Brabant;1;0;TRUE
28-7-2020;25012;Putte;85592;375476;4645BH;VR20;Midden- en West-Brabant;1;32;TRUE
28-7-2020;25013;Riel;129443;393499;5133AB;VR20;Midden- en West-Brabant;1;673;TRUE
28-7-2020;23002;Terneuzen;46894;368651;4538BJ;VR19;Zeeland;1;0;TRUE
28-7-2020;17054;Piershil;83701;423791;3265LC;VR18;Zuid-Holland-Zuid;1;0;TRUE
29-7-2020;27010;St Oedenrode;159021;396687;5492VB;VR21;Brabant-Noord;0,29726163;0;TRUE
29-7-2020;27010;St Oedenrode;159021;396687;5492VB;VR22;Brabant-Zuidoost;0,70273837;0;TRUE
29-7-2020;3033;Echten;224791;525338;7909HS;VR03;Drenthe;0,969794629;0;TRUE
29-7-2020;3028;Sleen;249969;532246;7841BP;VR03;Drenthe;1;0;TRUE
29-7-2020;3027;Smilde;226104;551047;9422JK;VR03;Drenthe;1;0;TRUE
29-7-2020;4027;Tollebeek;175622;521799;8309PP;VR25;Flevoland;1;0;TRUE
29-7-2020;15007;De Groote Lucht;80108;435452;3133KA;VR15;Haaglanden;0,093925536;93;TRUE
29-7-2020;13030;Leimuiden;104642;470631;2451VX;VR16;Hollands-Midden;0,855650522;0;TRUE
29-7-2020;13038;Nieuwveen;112426;466225;2441LB;VR16;Hollands-Midden;1;0;TRUE
29-7-2020;3033;Echten;224791;525338;7909HS;VR04;IJsselland;0,030205371;0;TRUE
29-7-2020;4024;Hardenberg;237908;506639;7691PZ;VR04;IJsselland;1;0;FALSE
29-7-2020;13030;Leimuiden;104642;470631;2451VX;VR12;Kennemerland;0,144349478;0;TRUE
29-7-2020;30023;Panheel;189132;354020;6097NE;VR23;Limburg-Noord;1;0;TRUE
29-7-2020;30022;Susteren;186972;341598;6114RG;VR23;Limburg-Noord;0,321863866;248;TRUE
29-7-2020;30017;Venlo;208583;377116;5928NM;VR23;Limburg-Noord;1;0;TRUE
29-7-2020;30020;Venraij;196603;395898;5804CG;VR23;Limburg-Noord;1;149;TRUE
29-7-2020;30007;Maastricht-Bosscherveld;175697;319239;6219NW;VR24;Limburg-Zuid;1;105;TRUE
29-7-2020;30011;Simpelveld;196000;316000;6369XV;VR24;Limburg-Zuid;1;0;TRUE
29-7-2020;30022;Susteren;186972;341598;6114RG;VR24;Limburg-Zuid;0,678136134;248;TRUE
29-7-2020;32002;Tilburg;132554;401565;5048TD;VR20;Midden- en West-Brabant;1;347;TRUE
29-7-2020;7022;Etten;218761;438451;7061GK;VR06;Noord- en Oost-Gelderland;1;0;TRUE
29-7-2020;7016;Winterswijk;245363;444972;7103AX;VR06;Noord- en Oost-Gelderland;1;60;TRUE
29-7-2020;12023;Den Helder;115228;547921;1786PT;VR10;Noord-Holland-Noord;1;0;TRUE
29-7-2020;12021;Wervershoof;137975;527101;1693HC;VR10;Noord-Holland-Noord;1;144;TRUE
29-7-2020;12018;Wieringen;131100;549100;1779GX;VR10;Noord-Holland-Noord;1;132;TRUE
29-7-2020;16010;Capelle ad IJssel/Kralingseveer;96982;435734;2909LM;VR17;Rotterdam-Rijnmond;1;2644;TRUE
29-7-2020;15007;De Groote Lucht;80108;435452;3133KA;VR17;Rotterdam-Rijnmond;0,906074464;93;TRUE
29-7-2020;5012;Oldenzaal;257703;481136;7576PE;VR05;Twente;1;0;TRUE
29-7-2020;10008;Driebergen;146869;451529;3972EH;VR09;Utrecht;1;0;TRUE
30-7-2020;2015;Gorredijk;199899;558357;8401JD;VR02;Friesland;1;124;TRUE
30-7-2020;2022;Joure;180039;554315;8512AT;VR02;Friesland;1;0;TRUE
30-7-2020;8021;Ede;170941;450113;6715AT;VR07;Gelderland-Midden;1;379;TRUE
30-7-2020;10020;Woudenberg;158675;455096;3931MR;VR07;Gelderland-Midden;0,341985268;0;TRUE
30-7-2020;10027;Amersfoort;152483;464648;3812RH;VR09;Utrecht;1;70;TRUE
30-7-2020;10020;Woudenberg;158675;455096;3931MR;VR09;Utrecht;0,658014732;0;TRUE
30-7-2020;21001;Walcheren;31809;385219;4389VM;VR19;Zeeland;1;150;TRUE
30-7-2020;18006;Westerschouwen;42833;412362;4328NP;VR19;Zeeland;1;97;TRUE
31-7-2020;29003;Land van Cuijk;189957;411781;5443PL;VR21;Brabant-Noord;1;197;TRUE
1-8-2020;28003;Aarle Rixtel;174610;391423;5735SC;VR21;Brabant-Noord;0,004472086;334;TRUE
1-8-2020;27008;Den Bosch;147493;415446;5221CD;VR21;Brabant-Noord;1;526;TRUE
1-8-2020;28005;Dinther;165227;405407;5473XL;VR21;Brabant-Noord;1;310;TRUE
1-8-2020;28003;Aarle Rixtel;174610;391423;5735SC;VR22;Brabant-Zuidoost;0,995527914;334;TRUE
1-8-2020;3010;Assen;234705;558203;9403AK;VR03;Drenthe;1;0;TRUE
1-8-2020;3023;Tweede Exloermond;259900;481450;7571BM;VR03;Drenthe;1;0;TRUE
1-8-2020;6004;Lelystad;158268;501627;8243PE;VR25;Flevoland;1;399;TRUE
1-8-2020;6006;Zeewolde;163136;485509;3899AW;VR25;Flevoland;1;0;TRUE
1-8-2020;2038;Franeker;166837;577207;8801JW;VR02;Friesland;1;0;TRUE
1-8-2020;2032;Harlingen;159027;576146;8861KT;VR02;Friesland;1;0;TRUE
1-8-2020;2022;Joure;180039;554315;8512AT;VR02;Friesland;1;0;TRUE
1-8-2020;1033;Garmerwolde;240219;585040;9798TC;VR01;Groningen;1;156;TRUE
1-8-2020;1039;Scheemda;262970;576581;9679TW;VR01;Groningen;1;0;TRUE
1-8-2020;1008;Stadskanaal;260571;559393;9501LH;VR01;Groningen;1;152;TRUE
1-8-2020;8022;Apeldoorn;194895;472607;7317AX;VR06;Noord- en Oost-Gelderland;1;49;TRUE
1-8-2020;8017;Epe;196608;484240;8161PH;VR06;Noord- en Oost-Gelderland;1;387;TRUE
2-8-2020;11014;Amsterdam-West;114580;490289;1046BS;VR13;Amsterdam-Amstelland;0,989553131;470;TRUE
2-8-2020;3033;Echten;224791;525338;7909HS;VR03;Drenthe;0,969794629;90;TRUE
2-8-2020;3027;Smilde;226104;551047;9422JK;VR03;Drenthe;1;0;TRUE
2-8-2020;2011;Leeuwarden;184401;578940;8937AN;VR02;Friesland;1;0;TRUE
2-8-2020;9013;Asperen;136056;432812;4147CV;VR08;Gelderland-Zuid;1;387;FALSE
2-8-2020;9017;Bergharen;172712;428608;6617KE;VR08;Gelderland-Zuid;1;0;TRUE
2-8-2020;13033;Leiden-Zuidwest;92339;461320;2324AB;VR15;Haaglanden;0,007372899;0;TRUE
2-8-2020;13033;Leiden-Zuidwest;92339;461320;2324AB;VR16;Hollands-Midden;0,992627101;0;TRUE
2-8-2020;4019;Deventer;205851;476223;7414KA;VR04;IJsselland;1;609;TRUE
2-8-2020;3033;Echten;224791;525338;7909HS;VR04;IJsselland;0,030205371;90;TRUE
2-8-2020;4023;Kampen;188724;509149;8263AP;VR04;IJsselland;1;0;TRUE
2-8-2020;4026;Zwolle;199604;502805;8042PK;VR04;IJsselland;1;0;TRUE
2-8-2020;12022;Beverwijk;106373;498868;1948NS;VR12;Kennemerland;0,435961337;87;TRUE
2-8-2020;12006;Alkmaar;110983;517113;1817ET;VR10;Noord-Holland-Noord;1;493;TRUE
2-8-2020;12022;Beverwijk;106373;498868;1948NS;VR10;Noord-Holland-Noord;0,107744265;87;TRUE
2-8-2020;5002;Enschede-West;254652;472540;7547AM;VR05;Twente;1;78;TRUE
2-8-2020;11014;Amsterdam-West;114580;490289;1046BS;VR09;Utrecht;0,010446869;470;TRUE
2-8-2020;10008;Driebergen;146869;451529;3972EH;VR09;Utrecht;1;0;TRUE
2-8-2020;12022;Beverwijk;106373;498868;1948NS;VR11;Zaanstreek-Waterland;0,456294399;87;TRUE
2-8-2020;23002;Terneuzen;46894;368651;4538BJ;VR19;Zeeland;1;0;TRUE
2-8-2020;21001;Walcheren;31809;385219;4389VM;VR19;Zeeland;1;6582;TRUE
2-8-2020;18006;Westerschouwen;42833;412362;4328NP;VR19;Zeeland;1;0;FALSE
3-8-2020;28002;Asten;180032;377360;5725TB;VR22;Brabant-Zuidoost;1;0;TRUE
3-8-2020;2021;Damwoude;197783;588948;9113AV;VR02;Friesland;1;0;TRUE
3-8-2020;2012;Drachten;200760;569642;9206AG;VR02;Friesland;1;0;TRUE
3-8-2020;2022;Joure;180039;554315;8512AT;VR02;Friesland;1;0;TRUE
3-8-2020;9016;Arnhem;187878;442241;6841HJ;VR07;Gelderland-Midden;0,864490095;189;TRUE
3-8-2020;9016;Arnhem;187878;442241;6841HJ;VR08;Gelderland-Zuid;0,135509905;189;TRUE
3-8-2020;9024;Nijmegen;183502;429077;6551DK;VR08;Gelderland-Zuid;1;603;TRUE
3-8-2020;15008;Harnaschpolder;81598;447803;2635BX;VR15;Haaglanden;0,959505899;1134;TRUE
3-8-2020;15005;Houtrust;78484;455921;2566GJ;VR15;Haaglanden;1;1200;TRUE
3-8-2020;15008;Harnaschpolder;81598;447803;2635BX;VR16;Hollands-Midden;0,004198207;1134;TRUE
3-8-2020;13010;Haarlem-Waarderpolder;105881;489932;2031BH;VR12;Kennemerland;1;548;TRUE
3-8-2020;15008;Harnaschpolder;81598;447803;2635BX;VR17;Rotterdam-Rijnmond;0,036295894;1134;TRUE
3-8-2020;17011;Ridderkerk;101964;431762;2984BP;VR17;Rotterdam-Rijnmond;1;2877;TRUE
3-8-2020;5012;Oldenzaal;257703;481136;7576PE;VR05;Twente;1;132;TRUE
3-8-2020;10009;Utrecht;135481;458130;3552TJ;VR09;Utrecht;1;750;TRUE
4-8-2020;4027;Tollebeek;175622;521799;8309PP;VR25;Flevoland;1;186;TRUE
4-8-2020;15007;De Groote Lucht;80108;435452;3133KA;VR15;Haaglanden;0,093925536;406;TRUE
4-8-2020;4024;Hardenberg;237908;506639;7691PZ;VR04;IJsselland;1;0;TRUE
4-8-2020;25020;Kaatsheuvel;129083;407604;5171VG;VR20;Midden- en West-Brabant;1;169;TRUE
4-8-2020;25027;Lage Zwaluwe;107818;414149;4926CZ;VR20;Midden- en West-Brabant;1;0;TRUE
4-8-2020;25017;Nieuwveer;107848;404705;4823ZJ;VR20;Midden- en West-Brabant;1;289;TRUE
4-8-2020;25013;Riel;129443;393499;5133AB;VR20;Midden- en West-Brabant;1;570;TRUE
4-8-2020;32002;Tilburg;132554;401565;5048TD;VR20;Midden- en West-Brabant;1;84;TRUE
4-8-2020;12023;Den Helder;115228;547921;1786PT;VR10;Noord-Holland-Noord;1;0;TRUE
4-8-2020;12021;Wervershoof;137975;527101;1693HC;VR10;Noord-Holland-Noord;1;396;TRUE
4-8-2020;12018;Wieringen;131100;549100;1779GX;VR10;Noord-Holland-Noord;1;0;TRUE
4-8-2020;16010;Capelle ad IJssel/Kralingseveer;96982;435734;2909LM;VR17;Rotterdam-Rijnmond;1;1006;FALSE
4-8-2020;15007;De Groote Lucht;80108;435452;3133KA;VR17;Rotterdam-Rijnmond;0,906074464;406;TRUE
4-8-2020;5025;Den Ham;228453;497777;7683PC;VR05;Twente;1;75;TRUE
4-8-2020;17054;Piershil;83701;423791;3265LC;VR18;Zuid-Holland-Zuid;1;0;TRUE
5-8-2020;27010;St Oedenrode;159021;396687;5492VB;VR21;Brabant-Noord;0,29726163;0;TRUE
5-8-2020;27010;St Oedenrode;159021;396687;5492VB;VR22;Brabant-Zuidoost;0,70273837;0;TRUE
5-8-2020;8021;Ede;170941;450113;6715AT;VR07;Gelderland-Midden;1;191;TRUE
5-8-2020;10020;Woudenberg;158675;455096;3931MR;VR07;Gelderland-Midden;0,341985268;0;TRUE
5-8-2020;11008;Blaricum Gooiergracht;145454;475392;1261JL;VR14;Gooi en Vechtstreek;0,706612903;0;TRUE
5-8-2020;13030;Leimuiden;104642;470631;2451VX;VR16;Hollands-Midden;0,855650522;0;TRUE
5-8-2020;13038;Nieuwveen;112426;466225;2441LB;VR16;Hollands-Midden;1;571;TRUE
5-8-2020;13030;Leimuiden;104642;470631;2451VX;VR12;Kennemerland;0,144349478;0;TRUE
5-8-2020;30023;Panheel;189132;354020;6097NE;VR23;Limburg-Noord;1;0;TRUE
5-8-2020;30022;Susteren;186972;341598;6114RG;VR23;Limburg-Noord;0,321863866;0;TRUE
5-8-2020;30017;Venlo;208583;377116;5928NM;VR23;Limburg-Noord;1;41;TRUE
5-8-2020;30020;Venraij;196603;395898;5804CG;VR23;Limburg-Noord;1;0;TRUE
5-8-2020;30007;Maastricht-Bosscherveld;175697;319239;6219NW;VR24;Limburg-Zuid;1;36;TRUE
5-8-2020;30011;Simpelveld;196000;316000;6369XV;VR24;Limburg-Zuid;1;0;TRUE
5-8-2020;30022;Susteren;186972;341598;6114RG;VR24;Limburg-Zuid;0,678136134;0;TRUE
5-8-2020;7022;Etten;218761;438451;7061GK;VR06;Noord- en Oost-Gelderland;1;69;TRUE
5-8-2020;7016;Winterswijk;245363;444972;7103AX;VR06;Noord- en Oost-Gelderland;1;0;TRUE
5-8-2020;5002;Enschede-West;254652;472540;7547AM;VR05;Twente;1;173;TRUE
5-8-2020;10027;Amersfoort;152483;464648;3812RH;VR09;Utrecht;1;296;TRUE
5-8-2020;11008;Blaricum Gooiergracht;145454;475392;1261JL;VR09;Utrecht;0,293387097;0;TRUE
5-8-2020;10037;Loenen;129000;470700;3634BA;VR09;Utrecht;1;55;TRUE
5-8-2020;10020;Woudenberg;158675;455096;3931MR;VR09;Utrecht;0,658014732;0;TRUE
6-8-2020;3010;Assen;234705;558203;9403AK;VR03;Drenthe;1;136;TRUE
6-8-2020;3028;Sleen;249969;532246;7841BP;VR03;Drenthe;1;58;TRUE
6-8-2020;3023;Tweede Exloermond;259900;481450;7571BM;VR03;Drenthe;1;0;TRUE
6-8-2020;1033;Garmerwolde;240219;585040;9798TC;VR01;Groningen;1;33;TRUE
6-8-2020;1039;Scheemda;262970;576581;9679TW;VR01;Groningen;1;0;TRUE
6-8-2020;1008;Stadskanaal;260571;559393;9501LH;VR01;Groningen;1;141;TRUE
7-8-2020;28003;Aarle Rixtel;174610;391423;5735SC;VR21;Brabant-Noord;0,004472086;322;TRUE
7-8-2020;27008;Den Bosch;147493;415446;5221CD;VR21;Brabant-Noord;1;151;TRUE
7-8-2020;28005;Dinther;165227;405407;5473XL;VR21;Brabant-Noord;1;79;TRUE
7-8-2020;28003;Aarle Rixtel;174610;391423;5735SC;VR22;Brabant-Zuidoost;0,995527914;322;TRUE
7-8-2020;6004;Lelystad;158268;501627;8243PE;VR25;Flevoland;1;119;TRUE
7-8-2020;6006;Zeewolde;163136;485509;3899AW;VR25;Flevoland;1;0;TRUE
7-8-2020;8022;Apeldoorn;194895;472607;7317AX;VR06;Noord- en Oost-Gelderland;1;0;TRUE
7-8-2020;8017;Epe;196608;484240;8161PH;VR06;Noord- en Oost-Gelderland;1;164;TRUE
8-8-2020;2038;Franeker;166837;577207;8801JW;VR02;Friesland;1;0;TRUE
8-8-2020;1034;Feerwerd;227917;590220;9892TC;VR01;Groningen;1;0;TRUE
9-8-2020;9016;Arnhem;187878;442241;6841HJ;VR07;Gelderland-Midden;0,864490095;96;TRUE
9-8-2020;9016;Arnhem;187878;442241;6841HJ;VR08;Gelderland-Zuid;0,135509905;96;TRUE
9-8-2020;9024;Nijmegen;183502;429077;6551DK;VR08;Gelderland-Zuid;1;111;TRUE
9-8-2020;15007;De Groote Lucht;80108;435452;3133KA;VR15;Haaglanden;0,093925536;594;TRUE
9-8-2020;13010;Haarlem-Waarderpolder;105881;489932;2031BH;VR12;Kennemerland;1;526;TRUE
9-8-2020;15007;De Groote Lucht;80108;435452;3133KA;VR17;Rotterdam-Rijnmond;0,906074464;594;TRUE
10-8-2020;3033;Echten;224791;525338;7909HS;VR03;Drenthe;0,969794629;210;TRUE
10-8-2020;3027;Smilde;226104;551047;9422JK;VR03;Drenthe;1;0;TRUE
10-8-2020;4027;Tollebeek;175622;521799;8309PP;VR25;Flevoland;1;0;TRUE
10-8-2020;2015;Gorredijk;199899;558357;8401JD;VR02;Friesland;1;116;TRUE
10-8-2020;2011;Leeuwarden;184401;578940;8937AN;VR02;Friesland;1;0;TRUE
10-8-2020;15008;Harnaschpolder;81598;447803;2635BX;VR15;Haaglanden;0,959505899;1121;TRUE
10-8-2020;15005;Houtrust;78484;455921;2566GJ;VR15;Haaglanden;1;946;TRUE
10-8-2020;15008;Harnaschpolder;81598;447803;2635BX;VR16;Hollands-Midden;0,004198207;1121;TRUE
10-8-2020;4019;Deventer;205851;476223;7414KA;VR04;IJsselland;1;194;TRUE
10-8-2020;3033;Echten;224791;525338;7909HS;VR04;IJsselland;0,030205371;210;TRUE
10-8-2020;4023;Kampen;188724;509149;8263AP;VR04;IJsselland;1;288;TRUE
10-8-2020;4026;Zwolle;199604;502805;8042PK;VR04;IJsselland;1;0;TRUE
10-8-2020;32002;Tilburg;132554;401565;5048TD;VR20;Midden- en West-Brabant;1;310;TRUE
10-8-2020;12023;Den Helder;115228;547921;1786PT;VR10;Noord-Holland-Noord;1;264;TRUE
10-8-2020;12021;Wervershoof;137975;527101;1693HC;VR10;Noord-Holland-Noord;1;334;TRUE
10-8-2020;12018;Wieringen;131100;549100;1779GX;VR10;Noord-Holland-Noord;1;0;TRUE
10-8-2020;15008;Harnaschpolder;81598;447803;2635BX;VR17;Rotterdam-Rijnmond;0,036295894;1121;TRUE
10-8-2020;5002;Enschede-West;254652;472540;7547AM;VR05;Twente;1;353;TRUE
10-8-2020;23002;Terneuzen;46894;368651;4538BJ;VR19;Zeeland;1;72;FALSE
10-8-2020;21001;Walcheren;31809;385219;4389VM;VR19;Zeeland;1;132;TRUE
11-8-2020;11014;Amsterdam-West;114580;490289;1046BS;VR13;Amsterdam-Amstelland;0,989553131;1041;TRUE
11-8-2020;27010;St Oedenrode;159021;396687;5492VB;VR21;Brabant-Noord;0,29726163;0;TRUE
11-8-2020;28002;Asten;180032;377360;5725TB;VR22;Brabant-Zuidoost;1;0;TRUE
11-8-2020;27010;St Oedenrode;159021;396687;5492VB;VR22;Brabant-Zuidoost;0,70273837;0;TRUE
11-8-2020;2021;Damwoude;197783;588948;9113AV;VR02;Friesland;1;1000;TRUE
11-8-2020;2012;Drachten;200760;569642;9206AG;VR02;Friesland;1;0;TRUE
11-8-2020;2022;Joure;180039;554315;8512AT;VR02;Friesland;1;0;TRUE
11-8-2020;9016;Arnhem;187878;442241;6841HJ;VR07;Gelderland-Midden;0,864490095;76;TRUE
11-8-2020;8021;Ede;170941;450113;6715AT;VR07;Gelderland-Midden;1;238;TRUE
11-8-2020;10020;Woudenberg;158675;455096;3931MR;VR07;Gelderland-Midden;0,341985268;107;TRUE
11-8-2020;9016;Arnhem;187878;442241;6841HJ;VR08;Gelderland-Zuid;0,135509905;76;TRUE
11-8-2020;9013;Asperen;136056;432812;4147CV;VR08;Gelderland-Zuid;1;0;TRUE
11-8-2020;9017;Bergharen;172712;428608;6617KE;VR08;Gelderland-Zuid;1;0;TRUE
11-8-2020;11008;Blaricum Gooiergracht;145454;475392;1261JL;VR14;Gooi en Vechtstreek;0,706612903;188;TRUE
11-8-2020;13033;Leiden-Zuidwest;92339;461320;2324AB;VR15;Haaglanden;0,007372899;390;TRUE
11-8-2020;13033;Leiden-Zuidwest;92339;461320;2324AB;VR16;Hollands-Midden;0,992627101;390;TRUE
11-8-2020;25021;Bath;75411;379662;4411SV;VR20;Midden- en West-Brabant;1;350;TRUE
11-8-2020;25020;Kaatsheuvel;129083;407604;5171VG;VR20;Midden- en West-Brabant;1;0;TRUE
11-8-2020;25027;Lage Zwaluwe;107818;414149;4926CZ;VR20;Midden- en West-Brabant;1;385;TRUE
11-8-2020;25017;Nieuwveer;107848;404705;4823ZJ;VR20;Midden- en West-Brabant;1;111;TRUE
11-8-2020;25012;Putte;85592;375476;4645BH;VR20;Midden- en West-Brabant;1;0;TRUE
11-8-2020;25013;Riel;129443;393499;5133AB;VR20;Midden- en West-Brabant;1;0;TRUE
11-8-2020;16010;Capelle ad IJssel/Kralingseveer;96982;435734;2909LM;VR17;Rotterdam-Rijnmond;1;590;TRUE
11-8-2020;17011;Ridderkerk;101964;431762;2984BP;VR17;Rotterdam-Rijnmond;1;628;TRUE
11-8-2020;10027;Amersfoort;152483;464648;3812RH;VR09;Utrecht;1;689;TRUE
11-8-2020;11014;Amsterdam-West;114580;490289;1046BS;VR09;Utrecht;0,010446869;1041;TRUE
11-8-2020;11008;Blaricum Gooiergracht;145454;475392;1261JL;VR09;Utrecht;0,293387097;188;TRUE
11-8-2020;10009;Utrecht;135481;458130;3552TJ;VR09;Utrecht;1;980;TRUE
11-8-2020;10020;Woudenberg;158675;455096;3931MR;VR09;Utrecht;0,658014732;107;TRUE
11-8-2020;17054;Piershil;83701;423791;3265LC;VR18;Zuid-Holland-Zuid;1;159;TRUE
12-8-2020;29003;Land van Cuijk;189957;411781;5443PL;VR21;Brabant-Noord;1;69;TRUE
12-8-2020;3028;Sleen;249969;532246;7841BP;VR03;Drenthe;1;0;TRUE
12-8-2020;13030;Leimuiden;104642;470631;2451VX;VR16;Hollands-Midden;0,855650522;0;TRUE
12-8-2020;13038;Nieuwveen;112426;466225;2441LB;VR16;Hollands-Midden;1;213;TRUE
12-8-2020;4024;Hardenberg;237908;506639;7691PZ;VR04;IJsselland;1;0;TRUE
12-8-2020;13030;Leimuiden;104642;470631;2451VX;VR12;Kennemerland;0,144349478;0;TRUE
12-8-2020;30023;Panheel;189132;354020;6097NE;VR23;Limburg-Noord;1;0;TRUE
12-8-2020;30022;Susteren;186972;341598;6114RG;VR23;Limburg-Noord;0,321863866;40;TRUE
12-8-2020;30017;Venlo;208583;377116;5928NM;VR23;Limburg-Noord;1;228;TRUE
12-8-2020;30020;Venraij;196603;395898;5804CG;VR23;Limburg-Noord;1;0;TRUE
12-8-2020;30007;Maastricht-Bosscherveld;175697;319239;6219NW;VR24;Limburg-Zuid;1;235;TRUE
12-8-2020;30011;Simpelveld;196000;316000;6369XV;VR24;Limburg-Zuid;1;122;TRUE
12-8-2020;30022;Susteren;186972;341598;6114RG;VR24;Limburg-Zuid;0,678136134;40;TRUE
12-8-2020;7022;Etten;218761;438451;7061GK;VR06;Noord- en Oost-Gelderland;1;243;TRUE
12-8-2020;7016;Winterswijk;245363;444972;7103AX;VR06;Noord- en Oost-Gelderland;1;0;TRUE
12-8-2020;5025;Den Ham;228453;497777;7683PC;VR05;Twente;1;0;TRUE
12-8-2020;5012;Oldenzaal;257703;481136;7576PE;VR05;Twente;1;201;TRUE
12-8-2020;10008;Driebergen;146869;451529;3972EH;VR09;Utrecht;1;75;TRUE
12-8-2020;10037;Loenen;129000;470700;3634BA;VR09;Utrecht;1;102;TRUE
13-8-2020;6004;Lelystad;158268;501627;8243PE;VR25;Flevoland;1;448;TRUE
13-8-2020;6006;Zeewolde;163136;485509;3899AW;VR25;Flevoland;1;1645;TRUE
13-8-2020;2038;Franeker;166837;577207;8801JW;VR02;Friesland;1;0;TRUE
13-8-2020;2032;Harlingen;159027;576146;8861KT;VR02;Friesland;1;0;TRUE
13-8-2020;1033;Garmerwolde;240219;585040;9798TC;VR01;Groningen;1;354;TRUE
13-8-2020;12022;Beverwijk;106373;498868;1948NS;VR12;Kennemerland;0,435961337;243;TRUE
13-8-2020;8022;Apeldoorn;194895;472607;7317AX;VR06;Noord- en Oost-Gelderland;1;479;TRUE
13-8-2020;8017;Epe;196608;484240;8161PH;VR06;Noord- en Oost-Gelderland;1;0;TRUE
13-8-2020;12006;Alkmaar;110983;517113;1817ET;VR10;Noord-Holland-Noord;1;499;TRUE
13-8-2020;12022;Beverwijk;106373;498868;1948NS;VR10;Noord-Holland-Noord;0,107744265;243;TRUE
13-8-2020;12022;Beverwijk;106373;498868;1948NS;VR11;Zaanstreek-Waterland;0,456294399;243;TRUE
14-8-2020;15007;De Groote Lucht;80108;435452;3133KA;VR15;Haaglanden;0,093925536;651;TRUE
14-8-2020;15007;De Groote Lucht;80108;435452;3133KA;VR17;Rotterdam-Rijnmond;0,906074464;651;TRUE
14-8-2020;18006;Westerschouwen;42833;412362;4328NP;VR19;Zeeland;1;0;TRUE
15-8-2020;9016;Arnhem;187878;442241;6841HJ;VR07;Gelderland-Midden;0,864490095;263;TRUE
15-8-2020;9016;Arnhem;187878;442241;6841HJ;VR08;Gelderland-Zuid;0,135509905;263;TRUE
15-8-2020;9024;Nijmegen;183502;429077;6551DK;VR08;Gelderland-Zuid;1;288;TRUE
15-8-2020;13010;Haarlem-Waarderpolder;105881;489932;2031BH;VR12;Kennemerland;1;299;TRUE
16-8-2020;28002;Asten;180032;377360;5725TB;VR22;Brabant-Zuidoost;1;108;TRUE
16-8-2020;3010;Assen;234705;558203;9403AK;VR03;Drenthe;1;130;TRUE
16-8-2020;3023;Tweede Exloermond;259900;481450;7571BM;VR03;Drenthe;1;0;TRUE
16-8-2020;4027;Tollebeek;175622;521799;8309PP;VR25;Flevoland;1;193;TRUE
16-8-2020;2038;Franeker;166837;577207;8801JW;VR02;Friesland;1;173;TRUE
16-8-2020;2015;Gorredijk;199899;558357;8401JD;VR02;Friesland;1;86;TRUE
16-8-2020;9013;Asperen;136056;432812;4147CV;VR08;Gelderland-Zuid;1;156;TRUE
16-8-2020;1039;Scheemda;262970;576581;9679TW;VR01;Groningen;1;135;TRUE
16-8-2020;1008;Stadskanaal;260571;559393;9501LH;VR01;Groningen;1;0;TRUE
16-8-2020;4019;Deventer;205851;476223;7414KA;VR04;IJsselland;1;144;TRUE
16-8-2020;4023;Kampen;188724;509149;8263AP;VR04;IJsselland;1;130;TRUE
16-8-2020;4026;Zwolle;199604;502805;8042PK;VR04;IJsselland;1;47;TRUE
16-8-2020;32002;Tilburg;132554;401565;5048TD;VR20;Midden- en West-Brabant;1;297;TRUE
16-8-2020;12023;Den Helder;115228;547921;1786PT;VR10;Noord-Holland-Noord;1;139;TRUE
16-8-2020;12018;Wieringen;131100;549100;1779GX;VR10;Noord-Holland-Noord;1;602;TRUE
16-8-2020;16010;Capelle ad IJssel/Kralingseveer;96982;435734;2909LM;VR17;Rotterdam-Rijnmond;1;359;TRUE
17-8-2020;11014;Amsterdam-West;114580;490289;1046BS;VR13;Amsterdam-Amstelland;0,989553131;361;TRUE
17-8-2020;29003;Land van Cuijk;189957;411781;5443PL;VR21;Brabant-Noord;1;267;TRUE
17-8-2020;8021;Ede;170941;450113;6715AT;VR07;Gelderland-Midden;1;110;TRUE
17-8-2020;10020;Woudenberg;158675;455096;3931MR;VR07;Gelderland-Midden;0,341985268;34;TRUE
17-8-2020;11008;Blaricum Gooiergracht;145454;475392;1261JL;VR14;Gooi en Vechtstreek;0,706612903;516;TRUE
17-8-2020;5012;Oldenzaal;257703;481136;7576PE;VR05;Twente;1;90;TRUE
17-8-2020;10027;Amersfoort;152483;464648;3812RH;VR09;Utrecht;1;221;TRUE
17-8-2020;11014;Amsterdam-West;114580;490289;1046BS;VR09;Utrecht;0,010446869;361;TRUE
17-8-2020;11008;Blaricum Gooiergracht;145454;475392;1261JL;VR09;Utrecht;0,293387097;516;TRUE
17-8-2020;10020;Woudenberg;158675;455096;3931MR;VR09;Utrecht;0,658014732;34;TRUE
18-8-2020;28003;Aarle Rixtel;174610;391423;5735SC;VR21;Brabant-Noord;0,004472086;114;TRUE
18-8-2020;27008;Den Bosch;147493;415446;5221CD;VR21;Brabant-Noord;1;244;TRUE
18-8-2020;28005;Dinther;165227;405407;5473XL;VR21;Brabant-Noord;1;0;TRUE
18-8-2020;28003;Aarle Rixtel;174610;391423;5735SC;VR22;Brabant-Zuidoost;0,995527914;114;TRUE
18-8-2020;3033;Echten;224791;525338;7909HS;VR03;Drenthe;0,969794629;0;TRUE
18-8-2020;3027;Smilde;226104;551047;9422JK;VR03;Drenthe;1;0;TRUE
18-8-2020;2021;Damwoude;197783;588948;9113AV;VR02;Friesland;1;93;TRUE
18-8-2020;2032;Harlingen;159027;576146;8861KT;VR02;Friesland;1;0;TRUE
18-8-2020;2011;Leeuwarden;184401;578940;8937AN;VR02;Friesland;1;291;TRUE
18-8-2020;9017;Bergharen;172712;428608;6617KE;VR08;Gelderland-Zuid;1;0;TRUE
18-8-2020;15008;Harnaschpolder;81598;447803;2635BX;VR15;Haaglanden;0,959505899;434;TRUE
18-8-2020;15005;Houtrust;78484;455921;2566GJ;VR15;Haaglanden;1;320;TRUE
18-8-2020;13033;Leiden-Zuidwest;92339;461320;2324AB;VR15;Haaglanden;0,007372899;204;TRUE
18-8-2020;15008;Harnaschpolder;81598;447803;2635BX;VR16;Hollands-Midden;0,004198207;434;TRUE
18-8-2020;13033;Leiden-Zuidwest;92339;461320;2324AB;VR16;Hollands-Midden;0,992627101;204;TRUE
18-8-2020;3033;Echten;224791;525338;7909HS;VR04;IJsselland;0,030205371;0;TRUE
18-8-2020;25021;Bath;75411;379662;4411SV;VR20;Midden- en West-Brabant;1;46;TRUE
18-8-2020;25020;Kaatsheuvel;129083;407604;5171VG;VR20;Midden- en West-Brabant;1;389;TRUE
18-8-2020;25027;Lage Zwaluwe;107818;414149;4926CZ;VR20;Midden- en West-Brabant;1;0;TRUE
18-8-2020;25017;Nieuwveer;107848;404705;4823ZJ;VR20;Midden- en West-Brabant;1;401;TRUE
18-8-2020;25012;Putte;85592;375476;4645BH;VR20;Midden- en West-Brabant;1;521;TRUE
18-8-2020;25013;Riel;129443;393499;5133AB;VR20;Midden- en West-Brabant;1;0;TRUE
18-8-2020;15008;Harnaschpolder;81598;447803;2635BX;VR17;Rotterdam-Rijnmond;0,036295894;434;TRUE
18-8-2020;10037;Loenen;129000;470700;3634BA;VR09;Utrecht;1;196;TRUE
18-8-2020;21001;Walcheren;31809;385219;4389VM;VR19;Zeeland;1;93;TRUE
18-8-2020;17054;Piershil;83701;423791;3265LC;VR18;Zuid-Holland-Zuid;1;0;TRUE
19-8-2020;27010;St Oedenrode;159021;396687;5492VB;VR21;Brabant-Noord;0,29726163;0;TRUE
19-8-2020;27010;St Oedenrode;159021;396687;5492VB;VR22;Brabant-Zuidoost;0,70273837;0;TRUE
19-8-2020;6004;Lelystad;158268;501627;8243PE;VR25;Flevoland;1;278;TRUE
19-8-2020;6006;Zeewolde;163136;485509;3899AW;VR25;Flevoland;1;172;TRUE
19-8-2020;1033;Garmerwolde;240219;585040;9798TC;VR01;Groningen;1;0;TRUE
19-8-2020;4024;Hardenberg;237908;506639;7691PZ;VR04;IJsselland;1;34;TRUE
19-8-2020;30023;Panheel;189132;354020;6097NE;VR23;Limburg-Noord;1;0;TRUE
19-8-2020;30022;Susteren;186972;341598;6114RG;VR23;Limburg-Noord;0,321863866;0;TRUE
19-8-2020;30017;Venlo;208583;377116;5928NM;VR23;Limburg-Noord;1;73;TRUE
19-8-2020;30020;Venraij;196603;395898;5804CG;VR23;Limburg-Noord;1;265;TRUE
19-8-2020;30007;Maastricht-Bosscherveld;175697;319239;6219NW;VR24;Limburg-Zuid;1;215;TRUE
19-8-2020;30011;Simpelveld;196000;316000;6369XV;VR24;Limburg-Zuid;1;371;TRUE
19-8-2020;30022;Susteren;186972;341598;6114RG;VR24;Limburg-Zuid;0,678136134;0;TRUE
19-8-2020;8022;Apeldoorn;194895;472607;7317AX;VR06;Noord- en Oost-Gelderland;1;80;TRUE
19-8-2020;8017;Epe;196608;484240;8161PH;VR06;Noord- en Oost-Gelderland;1;0;TRUE
19-8-2020;7022;Etten;218761;438451;7061GK;VR06;Noord- en Oost-Gelderland;1;0;TRUE
19-8-2020;7016;Winterswijk;245363;444972;7103AX;VR06;Noord- en Oost-Gelderland;1;0;TRUE
19-8-2020;12006;Alkmaar;110983;517113;1817ET;VR10;Noord-Holland-Noord;1;171;TRUE
19-8-2020;17011;Ridderkerk;101964;431762;2984BP;VR17;Rotterdam-Rijnmond;1;726;TRUE
19-8-2020;5025;Den Ham;228453;497777;7683PC;VR05;Twente;1;0;TRUE
19-8-2020;5002;Enschede-West;254652;472540;7547AM;VR05;Twente;1;0;TRUE
19-8-2020;10008;Driebergen;146869;451529;3972EH;VR09;Utrecht;1;282;TRUE
19-8-2020;10009;Utrecht;135481;458130;3552TJ;VR09;Utrecht;1;410;TRUE
20-8-2020;3010;Assen;234705;558203;9403AK;VR03;Drenthe;1;0;TRUE
20-8-2020;1039;Scheemda;262970;576581;9679TW;VR01;Groningen;1;0;TRUE
20-8-2020;13038;Nieuwveen;112426;466225;2441LB;VR16;Hollands-Midden;1;62;TRUE
20-8-2020;23002;Terneuzen;46894;368651;4538BJ;VR19;Zeeland;1;0;TRUE
