Gemeente;Gemnr;Gemeente;Bev_2020;van_datum;tot_datum;Totaal_Absoluut;Totaal_inc100000;Zkh_Absoluut;Zkh_inc100000;Overleden_Absoluut;Overleden_inc100000;Gemeente;
Aa en Hunze;1680;WAAR;25445;16-12-2020;29-12-2020;124;487,3;1;3,9;0;0;WAAR;Aa en Hunze
Aalsmeer;358;WAAR;31859;16-12-2020;29-12-2020;226;709,4;0;0;0;0;WAAR;Aalsmeer
Aalten;197;WAAR;27121;16-12-2020;29-12-2020;274;1010,3;3;11,1;2;7,4;WAAR;Aalten
Achtkarspelen;59;WAAR;27843;16-12-2020;29-12-2020;176;632,1;1;3,6;0;0;WAAR;Achtkarspelen
Alblasserdam;482;WAAR;20165;16-12-2020;29-12-2020;201;996,8;1;5;2;9,9;WAAR;Alblasserdam
Albrandswaard;613;WAAR;25590;16-12-2020;29-12-2020;177;691,7;1;3,9;0;0;WAAR;Albrandswaard
Alkmaar;361;WAAR;109436;16-12-2020;29-12-2020;780;712,7;1;0,9;2;1,8;WAAR;Alkmaar
Almelo;141;WAAR;73107;16-12-2020;29-12-2020;675;923,3;5;6,8;6;8,2;WAAR;Almelo
Almere;34;WAAR;211893;16-12-2020;29-12-2020;2106;993,9;18;8,5;1;0,5;WAAR;Almere
Alphen aan den Rijn;484;WAAR;111897;16-12-2020;29-12-2020;1018;909,8;5;4,5;7;6,3;WAAR;Alphen aan den Rijn
Alphen-Chaam;1723;WAAR;10203;16-12-2020;29-12-2020;53;519,5;1;9,8;0;0;WAAR;Alphen-Chaam
Altena;1959;WAAR;55967;16-12-2020;29-12-2020;734;1311,5;3;5,4;8;14,3;WAAR;Altena
Ameland;60;WAAR;3716;16-12-2020;29-12-2020;41;1103,3;0;0;0;0;WAAR;Ameland
Amersfoort;307;WAAR;157276;16-12-2020;29-12-2020;1419;902,2;11;7;6;3,8;WAAR;Amersfoort
Amstelveen;362;WAAR;91675;16-12-2020;29-12-2020;480;523,6;3;3,3;2;2,2;WAAR;Amstelveen
Amsterdam;363;WAAR;872757;16-12-2020;29-12-2020;5445;623,9;51;5,8;28;3,2;WAAR;Amsterdam
Apeldoorn;200;WAAR;163818;16-12-2020;29-12-2020;1213;740,5;3;1,8;19;11,6;WAAR;Apeldoorn
Appingedam;3;WAAR;11642;16-12-2020;29-12-2020;61;524;0;0;0;0;WAAR;Appingedam
Arnhem;202;WAAR;161348;16-12-2020;29-12-2020;1295;802,6;6;3,7;5;3,1;WAAR;Arnhem
Assen;106;WAAR;68599;16-12-2020;29-12-2020;247;360,1;2;2,9;0;0;WAAR;Assen
Asten;743;WAAR;16721;16-12-2020;29-12-2020;138;825,3;1;6;0;0;WAAR;Asten
Baarle-Nassau;744;WAAR;6859;16-12-2020;29-12-2020;14;204,1;0;0;0;0;WAAR;Baarle-Nassau
Baarn;308;WAAR;24868;16-12-2020;29-12-2020;237;953;2;8;1;4;WAAR;Baarn
Barendrecht;489;WAAR;48714;16-12-2020;29-12-2020;305;626,1;1;2,1;0;0;WAAR;Barendrecht
Barneveld;203;WAAR;59082;16-12-2020;29-12-2020;1233;2086,9;0;0;3;5,1;WAAR;Barneveld
Beek;888;WAAR;15865;16-12-2020;29-12-2020;128;806,8;1;6,3;1;6,3;WAAR;Beek
Beekdaelen;1954;WAAR;35938;16-12-2020;29-12-2020;303;843,1;7;19,5;0;0;WAAR;Beekdaelen
Beemster;370;WAAR;10022;16-12-2020;29-12-2020;64;638,6;1;10;0;0;WAAR;Beemster
Beesel;889;WAAR;13482;16-12-2020;29-12-2020;135;1001,3;0;0;0;0;WAAR;Beesel
Berg en Dal;1945;WAAR;34992;16-12-2020;29-12-2020;163;465,8;0;0;0;0;WAAR;Berg en Dal
Bergeijk;1724;WAAR;18635;16-12-2020;29-12-2020;210;1126,9;0;0;0;0;WAAR;Bergeijk
Bergen (L.);893;WAAR;13085;16-12-2020;29-12-2020;192;1467,3;0;0;2;15,3;WAAR;Bergen (L.)
Bergen (NH.);373;WAAR;29839;16-12-2020;29-12-2020;216;723,9;0;0;0;0;WAAR;Bergen (NH.)
Bergen op Zoom;748;WAAR;67496;16-12-2020;29-12-2020;261;386,7;3;4,4;2;3;WAAR;Bergen op Zoom
Berkelland;1859;WAAR;43747;16-12-2020;29-12-2020;355;811,5;0;0;4;9,1;WAAR;Berkelland
Bernheze;1721;WAAR;31240;16-12-2020;29-12-2020;210;672,2;0;0;1;3,2;WAAR;Bernheze
Best;753;WAAR;29988;16-12-2020;29-12-2020;320;1067,1;2;6,7;1;3,3;WAAR;Best
Beuningen;209;WAAR;25890;16-12-2020;29-12-2020;178;687,5;1;3,9;2;7,7;WAAR;Beuningen
Beverwijk;375;WAAR;41626;16-12-2020;29-12-2020;256;615;0;0;0;0;WAAR;Beverwijk
Bladel;1728;WAAR;20390;16-12-2020;29-12-2020;184;902,4;1;4,9;2;9,8;WAAR;Bladel
Blaricum;376;WAAR;11540;16-12-2020;29-12-2020;79;684,6;0;0;2;17,3;WAAR;Blaricum
Bloemendaal;377;WAAR;23571;16-12-2020;29-12-2020;138;585,5;0;0;0;0;WAAR;Bloemendaal
Bodegraven-Reeuwijk;1901;WAAR;34872;16-12-2020;29-12-2020;392;1124,1;5;14,3;3;8,6;WAAR;Bodegraven-Reeuwijk
Boekel;755;WAAR;10785;16-12-2020;29-12-2020;111;1029,2;1;9,3;1;9,3;WAAR;Boekel
Borger-Odoorn;1681;WAAR;25559;16-12-2020;29-12-2020;153;598,6;2;7,8;1;3,9;WAAR;Borger-Odoorn
Borne;147;WAAR;23312;16-12-2020;29-12-2020;327;1402,7;1;4,3;7;30;WAAR;Borne
Borsele;654;WAAR;22739;16-12-2020;29-12-2020;136;598,1;1;4,4;1;4,4;WAAR;Borsele
Boxmeer;756;WAAR;29365;16-12-2020;29-12-2020;432;1471,1;2;6,8;0;0;WAAR;Boxmeer
Boxtel;757;WAAR;30801;16-12-2020;29-12-2020;272;883,1;2;6,5;3;9,7;WAAR;Boxtel
Breda;758;WAAR;184069;16-12-2020;29-12-2020;1143;621;5;2,7;8;4,3;WAAR;Breda
Brielle;501;WAAR;17271;16-12-2020;29-12-2020;101;584,8;0;0;0;0;WAAR;Brielle
Bronckhorst;1876;WAAR;36055;16-12-2020;29-12-2020;284;787,7;0;0;3;8,3;WAAR;Bronckhorst
Brummen;213;WAAR;20726;16-12-2020;29-12-2020;191;921,5;3;14,5;0;0;WAAR;Brummen
Brunssum;899;WAAR;27821;16-12-2020;29-12-2020;277;995,7;1;3,6;1;3,6;WAAR;Brunssum
Bunnik;312;WAAR;15191;16-12-2020;29-12-2020;106;697,8;0;0;0;0;WAAR;Bunnik
Bunschoten;313;WAAR;21866;16-12-2020;29-12-2020;556;2542,8;0;0;10;45,7;WAAR;Bunschoten
Buren;214;WAAR;26749;16-12-2020;29-12-2020;263;983,2;1;3,7;1;3,7;WAAR;Buren
Capelle aan den IJssel;502;WAAR;67122;16-12-2020;29-12-2020;461;686,8;4;6;2;3;WAAR;Capelle aan den IJssel
Castricum;383;WAAR;35986;16-12-2020;29-12-2020;254;705,8;0;0;0;0;WAAR;Castricum
Coevorden;109;WAAR;35297;16-12-2020;29-12-2020;270;764,9;1;2,8;0;0;WAAR;Coevorden
Cranendonck;1706;WAAR;21138;16-12-2020;29-12-2020;206;974,5;1;4,7;2;9,5;WAAR;Cranendonck
Cuijk;1684;WAAR;25130;16-12-2020;29-12-2020;206;819,7;0;0;2;8;WAAR;Cuijk
Culemborg;216;WAAR;28955;16-12-2020;29-12-2020;193;666,6;1;3,5;1;3,5;WAAR;Culemborg
Dalfsen;148;WAAR;28587;16-12-2020;29-12-2020;191;668,1;0;0;0;0;WAAR;Dalfsen
Dantumadiel;1891;WAAR;18922;16-12-2020;29-12-2020;132;697,6;0;0;1;5,3;WAAR;Dantumadiel
De Bilt;310;WAAR;43137;16-12-2020;29-12-2020;295;683,9;0;0;11;25,5;WAAR;De Bilt
De Fryske Marren;1940;WAAR;51564;16-12-2020;29-12-2020;222;430,5;1;1,9;0;0;WAAR;De Fryske Marren
De Ronde Venen;736;WAAR;44456;16-12-2020;29-12-2020;314;706,3;0;0;3;6,7;WAAR;De Ronde Venen
De Wolden;1690;WAAR;24330;16-12-2020;29-12-2020;183;752,2;0;0;1;4,1;WAAR;De Wolden
Delft;503;WAAR;103595;16-12-2020;29-12-2020;565;545,4;1;1;5;4,8;WAAR;Delft
Delfzijl;10;WAAR;24678;16-12-2020;29-12-2020;203;822,6;3;12,2;1;4,1;WAAR;Delfzijl
Den Helder;400;WAAR;56296;16-12-2020;29-12-2020;510;905,9;3;5,3;0;0;WAAR;Den Helder
Deurne;762;WAAR;32471;16-12-2020;29-12-2020;226;696;3;9,2;2;6,2;WAAR;Deurne
Deventer;150;WAAR;100719;16-12-2020;29-12-2020;789;783,4;2;2;5;5;WAAR;Deventer
Diemen;384;WAAR;30780;16-12-2020;29-12-2020;226;734,2;2;6,5;4;13;WAAR;Diemen
Dinkelland;1774;WAAR;26461;16-12-2020;29-12-2020;283;1069,5;0;0;1;3,8;WAAR;Dinkelland
Doesburg;221;WAAR;11077;16-12-2020;29-12-2020;68;613,9;0;0;0;0;WAAR;Doesburg
Doetinchem;222;WAAR;58001;16-12-2020;29-12-2020;443;763,8;2;3,4;3;5,2;WAAR;Doetinchem
Dongen;766;WAAR;26222;16-12-2020;29-12-2020;254;968,7;0;0;1;3,8;WAAR;Dongen
Dordrecht;505;WAAR;119284;16-12-2020;29-12-2020;866;726;1;0,8;4;3,4;WAAR;Dordrecht
Drechterland;498;WAAR;19719;16-12-2020;29-12-2020;236;1196,8;1;5,1;0;0;WAAR;Drechterland
Drimmelen;1719;WAAR;27272;16-12-2020;29-12-2020;221;810,4;4;14,7;2;7,3;WAAR;Drimmelen
Dronten;303;WAAR;41555;16-12-2020;29-12-2020;475;1143,1;1;2,4;1;2,4;WAAR;Dronten
Druten;225;WAAR;18926;16-12-2020;29-12-2020;188;993,3;1;5,3;0;0;WAAR;Druten
Duiven;226;WAAR;25126;16-12-2020;29-12-2020;227;903,4;4;15,9;0;0;WAAR;Duiven
Echt-Susteren;1711;WAAR;31610;16-12-2020;29-12-2020;295;933,2;2;6,3;0;0;WAAR;Echt-Susteren
Edam-Volendam;385;WAAR;36197;16-12-2020;29-12-2020;148;408,9;3;8,3;0;0;WAAR;Edam-Volendam
Ede;228;WAAR;117165;16-12-2020;29-12-2020;1546;1319,5;2;1,7;6;5,1;WAAR;Ede
Eemnes;317;WAAR;9247;16-12-2020;29-12-2020;113;1222;0;0;0;0;WAAR;Eemnes
Eersel;770;WAAR;19313;16-12-2020;29-12-2020;154;797,4;0;0;0;0;WAAR;Eersel
Eijsden-Margraten;1903;WAAR;25768;16-12-2020;29-12-2020;170;659,7;0;0;0;0;WAAR;Eijsden-Margraten
Eindhoven;772;WAAR;234394;16-12-2020;29-12-2020;1379;588,3;6;2,6;9;3,8;WAAR;Eindhoven
Elburg;230;WAAR;23161;16-12-2020;29-12-2020;221;954,2;1;4,3;1;4,3;WAAR;Elburg
Emmen;114;WAAR;107048;16-12-2020;29-12-2020;729;681;2;1,9;2;1,9;WAAR;Emmen
Enkhuizen;388;WAAR;18591;16-12-2020;29-12-2020;275;1479,2;3;16,1;0;0;WAAR;Enkhuizen
Enschede;153;WAAR;159640;16-12-2020;29-12-2020;1206;755,4;8;5;17;10,6;WAAR;Enschede
Epe;232;WAAR;33178;16-12-2020;29-12-2020;291;877,1;1;3;1;3;WAAR;Epe
Ermelo;233;WAAR;27008;16-12-2020;29-12-2020;416;1540,3;1;3,7;2;7,4;WAAR;Ermelo
Etten-Leur;777;WAAR;43878;16-12-2020;29-12-2020;308;701,9;1;2,3;0;0;WAAR;Etten-Leur
Geertruidenberg;779;WAAR;21544;16-12-2020;29-12-2020;193;895,8;1;4,6;5;23,2;WAAR;Geertruidenberg
Geldrop-Mierlo;1771;WAAR;39726;16-12-2020;29-12-2020;356;896,1;2;5;2;5;WAAR;Geldrop-Mierlo
Gemert-Bakel;1652;WAAR;30723;16-12-2020;29-12-2020;233;758,4;2;6,5;0;0;WAAR;Gemert-Bakel
Gennep;907;WAAR;16921;16-12-2020;29-12-2020;218;1288,3;1;5,9;1;5,9;WAAR;Gennep
Gilze en Rijen;784;WAAR;26431;16-12-2020;29-12-2020;188;711,3;0;0;0;0;WAAR;Gilze en Rijen
Goeree-Overflakkee;1924;WAAR;50049;16-12-2020;29-12-2020;290;579,4;1;2;3;6;WAAR;Goeree-Overflakkee
Goes;664;WAAR;38082;16-12-2020;29-12-2020;134;351,9;1;2,6;0;0;WAAR;Goes
Goirle;785;WAAR;23904;16-12-2020;29-12-2020;175;732,1;1;4,2;0;0;WAAR;Goirle
Gooise Meren;1942;WAAR;58055;16-12-2020;29-12-2020;424;730,3;4;6,9;0;0;WAAR;Gooise Meren
Gorinchem;512;WAAR;37022;16-12-2020;29-12-2020;353;953,5;0;0;0;0;WAAR;Gorinchem
Gouda;513;WAAR;73427;16-12-2020;29-12-2020;493;671,4;8;10,9;20;27,2;WAAR;Gouda
Grave;786;WAAR;12436;16-12-2020;29-12-2020;146;1174;0;0;0;0;WAAR;Grave
Groningen;14;WAAR;232874;16-12-2020;29-12-2020;881;378,3;8;3,4;4;1,7;WAAR;Groningen
Gulpen-Wittem;1729;WAAR;14171;16-12-2020;29-12-2020;119;839,7;1;7,1;0;0;WAAR;Gulpen-Wittem
Haaksbergen;158;WAAR;24311;16-12-2020;29-12-2020;332;1365,6;1;4,1;1;4,1;WAAR;Haaksbergen
Haaren;788;WAAR;14370;16-12-2020;29-12-2020;96;668,1;0;0;0;0;WAAR;Haaren
Haarlem;392;WAAR;162902;16-12-2020;29-12-2020;1126;691,2;7;4,3;6;3,7;WAAR;Haarlem
Haarlemmermeer;394;WAAR;156002;16-12-2020;29-12-2020;1104;707,7;5;3,2;15;9,6;WAAR;Haarlemmermeer
Halderberge;1655;WAAR;30284;16-12-2020;29-12-2020;182;601;2;6,6;0;0;WAAR;Halderberge
Hardenberg;160;WAAR;60948;16-12-2020;29-12-2020;657;1078;3;4,9;1;1,6;WAAR;Hardenberg
Harderwijk;243;WAAR;48414;16-12-2020;29-12-2020;483;997,6;3;6,2;3;6,2;WAAR;Harderwijk
Hardinxveld-Giessendam;523;WAAR;18295;16-12-2020;29-12-2020;240;1311,8;0;0;0;0;WAAR;Hardinxveld-Giessendam
Harlingen;72;WAAR;15722;16-12-2020;29-12-2020;34;216,3;0;0;0;0;WAAR;Harlingen
Hattem;244;WAAR;12209;16-12-2020;29-12-2020;86;704,4;0;0;0;0;WAAR;Hattem
Heemskerk;396;WAAR;39182;16-12-2020;29-12-2020;276;704,4;3;7,7;0;0;WAAR;Heemskerk
Heemstede;397;WAAR;27234;16-12-2020;29-12-2020;153;561,8;0;0;1;3,7;WAAR;Heemstede
Heerde;246;WAAR;18589;16-12-2020;29-12-2020;120;645,5;0;0;0;0;WAAR;Heerde
Heerenveen;74;WAAR;50493;16-12-2020;29-12-2020;172;340,6;0;0;0;0;WAAR;Heerenveen
Heerhugowaard;398;WAAR;57587;16-12-2020;29-12-2020;459;797,1;0;0;2;3,5;WAAR;Heerhugowaard
Heerlen;917;WAAR;87086;16-12-2020;29-12-2020;653;749,8;1;1,1;0;0;WAAR;Heerlen
Heeze-Leende;1658;WAAR;16152;16-12-2020;29-12-2020;131;811;0;0;0;0;WAAR;Heeze-Leende
Heiloo;399;WAAR;23968;16-12-2020;29-12-2020;180;751;0;0;0;0;WAAR;Heiloo
Hellendoorn;163;WAAR;35916;16-12-2020;29-12-2020;533;1484;0;0;4;11,1;WAAR;Hellendoorn
Hellevoetsluis;530;WAAR;40142;16-12-2020;29-12-2020;188;468,3;0;0;4;10;WAAR;Hellevoetsluis
Helmond;794;WAAR;92423;16-12-2020;29-12-2020;610;660;1;1,1;0;0;WAAR;Helmond
Hendrik-Ido-Ambacht;531;WAAR;31202;16-12-2020;29-12-2020;219;701,9;0;0;5;16;WAAR;Hendrik-Ido-Ambacht
Hengelo;164;WAAR;81140;16-12-2020;29-12-2020;816;1005,7;1;1,2;6;7,4;WAAR;Hengelo
Het Hogeland;1966;WAAR;47801;16-12-2020;29-12-2020;298;623,4;1;2,1;4;8,4;WAAR;Het Hogeland
Heumen;252;WAAR;16454;16-12-2020;29-12-2020;143;869,1;3;18,2;0;0;WAAR;Heumen
Heusden;797;WAAR;44692;16-12-2020;29-12-2020;348;778,7;2;4,5;2;4,5;WAAR;Heusden
Hillegom;534;WAAR;22209;16-12-2020;29-12-2020;159;715,9;0;0;0;0;WAAR;Hillegom
Hilvarenbeek;798;WAAR;15518;16-12-2020;29-12-2020;169;1089,1;0;0;1;6,4;WAAR;Hilvarenbeek
Hilversum;402;WAAR;90831;16-12-2020;29-12-2020;534;587,9;2;2,2;6;6,6;WAAR;Hilversum
Hoeksche Waard;1963;WAAR;87401;16-12-2020;29-12-2020;531;607,5;1;1,1;2;2,3;WAAR;Hoeksche Waard
Hof van Twente;1735;WAAR;35017;16-12-2020;29-12-2020;336;959,5;3;8,6;2;5,7;WAAR;Hof van Twente
Hollands Kroon;1911;WAAR;48432;16-12-2020;29-12-2020;437;902,3;0;0;1;2,1;WAAR;Hollands Kroon
Hoogeveen;118;WAAR;55699;16-12-2020;29-12-2020;619;1111,3;3;5,4;4;7,2;WAAR;Hoogeveen
Hoorn;405;WAAR;73261;16-12-2020;29-12-2020;665;907,7;1;1,4;2;2,7;WAAR;Hoorn
Horst aan de Maas;1507;WAAR;42429;16-12-2020;29-12-2020;578;1362,3;1;2,4;9;21,2;WAAR;Horst aan de Maas
Houten;321;WAAR;50146;16-12-2020;29-12-2020;358;713,9;1;2;1;2;WAAR;Houten
Huizen;406;WAAR;41273;16-12-2020;29-12-2020;423;1024,9;2;4,8;9;21,8;WAAR;Huizen
Hulst;677;WAAR;27556;16-12-2020;29-12-2020;104;377,4;0;0;0;0;WAAR;Hulst
IJsselstein;353;WAAR;34109;16-12-2020;29-12-2020;188;551,2;2;5,9;0;0;WAAR;IJsselstein
Kaag en Braassem;1884;WAAR;27297;16-12-2020;29-12-2020;223;816,9;1;3,7;0;0;WAAR;Kaag en Braassem
Kampen;166;WAAR;54319;16-12-2020;29-12-2020;359;660,9;1;1,8;1;1,8;WAAR;Kampen
Kapelle;678;WAAR;12695;16-12-2020;29-12-2020;135;1063,4;0;0;1;7,9;WAAR;Kapelle
Katwijk;537;WAAR;65753;16-12-2020;29-12-2020;822;1250,1;4;6,1;2;3;WAAR;Katwijk
Kerkrade;928;WAAR;45749;16-12-2020;29-12-2020;319;697,3;4;8,7;1;2,2;WAAR;Kerkrade
Koggenland;1598;WAAR;22749;16-12-2020;29-12-2020;151;663,8;0;0;0;0;WAAR;Koggenland
Krimpen aan den IJssel;542;WAAR;29526;16-12-2020;29-12-2020;306;1036,4;0;0;4;13,5;WAAR;Krimpen aan den IJssel
Krimpenerwaard;1931;WAAR;56319;16-12-2020;29-12-2020;446;791,9;8;14,2;3;5,3;WAAR;Krimpenerwaard
Laarbeek;1659;WAAR;22523;16-12-2020;29-12-2020;170;754,8;3;13,3;1;4,4;WAAR;Laarbeek
Landerd;1685;WAAR;15730;16-12-2020;29-12-2020;160;1017,2;1;6,4;0;0;WAAR;Landerd
Landgraaf;882;WAAR;37445;16-12-2020;29-12-2020;358;956,1;2;5,3;3;8;WAAR;Landgraaf
Landsmeer;415;WAAR;11491;16-12-2020;29-12-2020;74;644;0;0;0;0;WAAR;Landsmeer
Langedijk;416;WAAR;28163;16-12-2020;29-12-2020;236;838;0;0;0;0;WAAR;Langedijk
Lansingerland;1621;WAAR;62384;16-12-2020;29-12-2020;498;798,3;7;11,2;1;1,6;WAAR;Lansingerland
Laren;417;WAAR;11280;16-12-2020;29-12-2020;120;1063,8;0;0;2;17,7;WAAR;Laren
Leeuwarden;80;WAAR;124084;16-12-2020;29-12-2020;556;448,1;2;1,6;3;2,4;WAAR;Leeuwarden
Leiden;546;WAAR;125099;16-12-2020;29-12-2020;740;591,5;3;2,4;1;0,8;WAAR;Leiden
Leiderdorp;547;WAAR;27056;16-12-2020;29-12-2020;167;617,2;0;0;3;11,1;WAAR;Leiderdorp
Leidschendam-Voorburg;1916;WAAR;76534;16-12-2020;29-12-2020;543;709,5;9;11,8;1;1,3;WAAR;Leidschendam-Voorburg
Lelystad;995;WAAR;78598;16-12-2020;29-12-2020;571;726,5;4;5,1;0;0;WAAR;Lelystad
Leudal;1640;WAAR;35879;16-12-2020;29-12-2020;384;1070,3;3;8,4;0;0;WAAR;Leudal
Leusden;327;WAAR;30401;16-12-2020;29-12-2020;252;828,9;1;3,3;4;13,2;WAAR;Leusden
Lingewaard;1705;WAAR;46601;16-12-2020;29-12-2020;398;854,1;2;4,3;0;0;WAAR;Lingewaard
Lisse;553;WAAR;22955;16-12-2020;29-12-2020;202;880;2;8,7;2;8,7;WAAR;Lisse
Lochem;262;WAAR;33729;16-12-2020;29-12-2020;182;539,6;3;8,9;3;8,9;WAAR;Lochem
Loon op Zand;809;WAAR;23408;16-12-2020;29-12-2020;226;965,5;1;4,3;1;4,3;WAAR;Loon op Zand
Lopik;331;WAAR;14467;16-12-2020;29-12-2020;75;518,4;0;0;0;0;WAAR;Lopik
Loppersum;24;WAAR;9537;16-12-2020;29-12-2020;45;471,8;0;0;0;0;WAAR;Loppersum
Losser;168;WAAR;22683;16-12-2020;29-12-2020;280;1234,4;5;22;6;26,5;WAAR;Losser
Maasdriel;263;WAAR;25030;16-12-2020;29-12-2020;196;783,1;2;8;0;0;WAAR;Maasdriel
Maasgouw;1641;WAAR;23965;16-12-2020;29-12-2020;243;1014;2;8,3;0;0;WAAR;Maasgouw
Maassluis;556;WAAR;33213;16-12-2020;29-12-2020;284;855,1;2;6;1;3;WAAR;Maassluis
Maastricht;935;WAAR;121575;16-12-2020;29-12-2020;762;626,8;6;4,9;4;3,3;WAAR;Maastricht
Medemblik;420;WAAR;45101;16-12-2020;29-12-2020;559;1239,4;3;6,7;1;2,2;WAAR;Medemblik
Meerssen;938;WAAR;18828;16-12-2020;29-12-2020;151;802;0;0;1;5,3;WAAR;Meerssen
Meierijstad;1948;WAAR;81194;16-12-2020;29-12-2020;710;874,4;2;2,5;6;7,4;WAAR;Meierijstad
Meppel;119;WAAR;33920;16-12-2020;29-12-2020;274;807,8;1;2,9;4;11,8;WAAR;Meppel
Middelburg;687;WAAR;48822;16-12-2020;29-12-2020;251;514,1;1;2;0;0;WAAR;Middelburg
Midden-Delfland;1842;WAAR;19341;16-12-2020;29-12-2020;169;873,8;0;0;1;5,2;WAAR;Midden-Delfland
Midden-Drenthe;1731;WAAR;33185;16-12-2020;29-12-2020;160;482,1;1;3;0;0;WAAR;Midden-Drenthe
Midden-Groningen;1952;WAAR;60797;16-12-2020;29-12-2020;316;519,8;4;6,6;5;8,2;WAAR;Midden-Groningen
Mill en Sint Hubert;815;WAAR;10939;16-12-2020;29-12-2020;112;1023,9;0;0;1;9,1;WAAR;Mill en Sint Hubert
Moerdijk;1709;WAAR;37129;16-12-2020;29-12-2020;185;498,3;4;10,8;1;2,7;WAAR;Moerdijk
Molenlanden;1978;WAAR;43909;16-12-2020;29-12-2020;404;920,1;0;0;1;2,3;WAAR;Molenlanden
Montferland;1955;WAAR;36011;16-12-2020;29-12-2020;304;844,2;1;2,8;0;0;WAAR;Montferland
Montfoort;335;WAAR;13917;16-12-2020;29-12-2020;134;962,9;1;7,2;0;0;WAAR;Montfoort
Mook en Middelaar;944;WAAR;7847;16-12-2020;29-12-2020;61;777,4;0;0;0;0;WAAR;Mook en Middelaar
Neder-Betuwe;1740;WAAR;24339;16-12-2020;29-12-2020;245;1006,6;3;12,3;1;4,1;WAAR;Neder-Betuwe
Nederweert;946;WAAR;17019;16-12-2020;29-12-2020;213;1251,5;1;5,9;0;0;WAAR;Nederweert
Nieuwegein;356;WAAR;63462;16-12-2020;29-12-2020;352;554,7;5;7,9;0;0;WAAR;Nieuwegein
Nieuwkoop;569;WAAR;28811;16-12-2020;29-12-2020;270;937,1;0;0;2;6,9;WAAR;Nieuwkoop
Nijkerk;267;WAAR;43171;16-12-2020;29-12-2020;545;1262,4;3;6,9;2;4,6;WAAR;Nijkerk
Nijmegen;268;WAAR;177659;16-12-2020;29-12-2020;1222;687,8;7;3,9;9;5,1;WAAR;Nijmegen
Nissewaard;1930;WAAR;85219;16-12-2020;29-12-2020;450;528,1;3;3,5;3;3,5;WAAR;Nissewaard
Noardeast-Fryslan;1970;WAAR;45228;16-12-2020;29-12-2020;263;581,5;3;6,6;4;8,8;WAAR;Noardeast-Fryslan
Noord-Beveland;1695;WAAR;7392;16-12-2020;29-12-2020;14;189,4;0;0;0;0;WAAR;Noord-Beveland
Noordenveld;1699;WAAR;31253;16-12-2020;29-12-2020;84;268,8;0;0;1;3,2;WAAR;Noordenveld
Noordoostpolder;171;WAAR;47291;16-12-2020;29-12-2020;352;744,3;0;0;0;0;WAAR;Noordoostpolder
Noordwijk;575;WAAR;43508;16-12-2020;29-12-2020;372;855;5;11,5;0;0;WAAR;Noordwijk
Nuenen, Gerwen en Nederwetten;820;WAAR;23383;16-12-2020;29-12-2020;145;620,1;1;4,3;0;0;WAAR;Nuenen, Gerwen en Nederwetten
Nunspeet;302;WAAR;27851;16-12-2020;29-12-2020;231;829,4;1;3,6;2;7,2;WAAR;Nunspeet
Oegstgeest;579;WAAR;24840;16-12-2020;29-12-2020;229;921,9;0;0;9;36,2;WAAR;Oegstgeest
Oirschot;823;WAAR;18714;16-12-2020;29-12-2020;171;913,8;0;0;0;0;WAAR;Oirschot
Oisterwijk;824;WAAR;26245;16-12-2020;29-12-2020;177;674,4;0;0;0;0;WAAR;Oisterwijk
Oldambt;1895;WAAR;38209;16-12-2020;29-12-2020;249;651,7;4;10,5;6;15,7;WAAR;Oldambt
Oldebroek;269;WAAR;23646;16-12-2020;29-12-2020;281;1188,4;0;0;4;16,9;WAAR;Oldebroek
Oldenzaal;173;WAAR;31836;16-12-2020;29-12-2020;300;942,3;4;12,6;2;6,3;WAAR;Oldenzaal
Olst-Wijhe;1773;WAAR;18252;16-12-2020;29-12-2020;113;619,1;0;0;0;0;WAAR;Olst-Wijhe
Ommen;175;WAAR;18009;16-12-2020;29-12-2020;153;849,6;1;5,6;1;5,6;WAAR;Ommen
Oost Gelre;1586;WAAR;29627;16-12-2020;29-12-2020;264;891,1;2;6,8;3;10,1;WAAR;Oost Gelre
Oosterhout;826;WAAR;55982;16-12-2020;29-12-2020;405;723,4;5;8,9;1;1,8;WAAR;Oosterhout
Ooststellingwerf;85;WAAR;25469;16-12-2020;29-12-2020;79;310,2;1;3,9;0;0;WAAR;Ooststellingwerf
Oostzaan;431;WAAR;9735;16-12-2020;29-12-2020;104;1068,3;0;0;0;0;WAAR;Oostzaan
Opmeer;432;WAAR;11836;16-12-2020;29-12-2020;116;980,1;0;0;0;0;WAAR;Opmeer
Opsterland;86;WAAR;29733;16-12-2020;29-12-2020;97;326,2;1;3,4;0;0;WAAR;Opsterland
Oss;828;WAAR;91915;16-12-2020;29-12-2020;519;564,7;0;0;0;0;WAAR;Oss
Oude IJsselstreek;1509;WAAR;39388;16-12-2020;29-12-2020;369;936,8;1;2,5;5;12,7;WAAR;Oude IJsselstreek
Ouder-Amstel;437;WAAR;14026;16-12-2020;29-12-2020;122;869,8;0;0;1;7,1;WAAR;Ouder-Amstel
Oudewater;589;WAAR;10230;16-12-2020;29-12-2020;105;1026,4;0;0;0;0;WAAR;Oudewater
Overbetuwe;1734;WAAR;47906;16-12-2020;29-12-2020;327;682,6;0;0;1;2,1;WAAR;Overbetuwe
Papendrecht;590;WAAR;32136;16-12-2020;29-12-2020;264;821,5;0;0;5;15,6;WAAR;Papendrecht
Peel en Maas;1894;WAAR;43425;16-12-2020;29-12-2020;358;824,4;1;2,3;1;2,3;WAAR;Peel en Maas
Pekela;765;WAAR;12196;16-12-2020;29-12-2020;60;492;1;8,2;0;0;WAAR;Pekela
Pijnacker-Nootdorp;1926;WAAR;55308;16-12-2020;29-12-2020;407;735,9;0;0;2;3,6;WAAR;Pijnacker-Nootdorp
Purmerend;439;WAAR;81249;16-12-2020;29-12-2020;475;584,6;4;4,9;2;2,5;WAAR;Purmerend
Putten;273;WAAR;24112;16-12-2020;29-12-2020;419;1737,7;1;4,1;0;0;WAAR;Putten
Raalte;177;WAAR;37712;16-12-2020;29-12-2020;363;962,6;0;0;0;0;WAAR;Raalte
Reimerswaal;703;WAAR;22730;16-12-2020;29-12-2020;225;989,9;0;0;0;0;WAAR;Reimerswaal
Renkum;274;WAAR;31419;16-12-2020;29-12-2020;185;588,8;0;0;4;12,7;WAAR;Renkum
Renswoude;339;WAAR;5444;16-12-2020;29-12-2020;107;1965,5;0;0;0;0;WAAR;Renswoude
Reusel-De Mierden;1667;WAAR;13112;16-12-2020;29-12-2020;107;816;0;0;0;0;WAAR;Reusel-De Mierden
Rheden;275;WAAR;43761;16-12-2020;29-12-2020;329;751,8;1;2,3;7;16;WAAR;Rheden
Rhenen;340;WAAR;20119;16-12-2020;29-12-2020;313;1555,7;2;9,9;1;5;WAAR;Rhenen
Ridderkerk;597;WAAR;46189;16-12-2020;29-12-2020;298;645,2;2;4,3;1;2,2;WAAR;Ridderkerk
Rijssen-Holten;1742;WAAR;38177;16-12-2020;29-12-2020;500;1309,7;2;5,2;1;2,6;WAAR;Rijssen-Holten
Rijswijk;603;WAAR;54450;16-12-2020;29-12-2020;340;624,4;2;3,7;2;3,7;WAAR;Rijswijk
Roerdalen;1669;WAAR;20574;16-12-2020;29-12-2020;184;894,3;0;0;3;14,6;WAAR;Roerdalen
Roermond;957;WAAR;58260;16-12-2020;29-12-2020;510;875,4;2;3,4;1;1,7;WAAR;Roermond
Roosendaal;1674;WAAR;77251;16-12-2020;29-12-2020;381;493,2;1;1,3;8;10,4;WAAR;Roosendaal
Rotterdam;599;WAAR;651157;16-12-2020;29-12-2020;3105;476,8;44;6,8;16;2,5;WAAR;Rotterdam
Rozendaal;277;WAAR;1704;16-12-2020;29-12-2020;15;880,3;0;0;0;0;WAAR;Rozendaal
Rucphen;840;WAAR;22878;16-12-2020;29-12-2020;133;581,3;0;0;0;0;WAAR;Rucphen
Schagen;441;WAAR;46483;16-12-2020;29-12-2020;348;748,7;1;2,2;4;8,6;WAAR;Schagen
Scherpenzeel;279;WAAR;9880;16-12-2020;29-12-2020;154;1558,7;0;0;4;40,5;WAAR;Scherpenzeel
Schiedam;606;WAAR;78730;16-12-2020;29-12-2020;352;447,1;6;7,6;3;3,8;WAAR;Schiedam
Schiermonnikoog;88;WAAR;947;16-12-2020;29-12-2020;1;105,6;0;0;0;0;WAAR;Schiermonnikoog
Schouwen-Duiveland;1676;WAAR;33839;16-12-2020;29-12-2020;136;401,9;0;0;1;3;WAAR;Schouwen-Duiveland
's-Gravenhage;518;WAAR;545838;16-12-2020;29-12-2020;2977;545,4;47;8,6;17;3,1;WAAR;'s-Gravenhage
's-Hertogenbosch;796;WAAR;155111;16-12-2020;29-12-2020;1216;784;2;1,3;6;3,9;WAAR;'s-Hertogenbosch
Simpelveld;965;WAAR;10555;16-12-2020;29-12-2020;105;994,8;0;0;0;0;WAAR;Simpelveld
Sint Anthonis;1702;WAAR;11664;16-12-2020;29-12-2020;137;1174,6;0;0;0;0;WAAR;Sint Anthonis
Sint-Michielsgestel;845;WAAR;29208;16-12-2020;29-12-2020;264;903,9;1;3,4;2;6,8;WAAR;Sint-Michielsgestel
Sittard-Geleen;1883;WAAR;92429;16-12-2020;29-12-2020;720;779;7;7,6;1;1,1;WAAR;Sittard-Geleen
Sliedrecht;610;WAAR;25220;16-12-2020;29-12-2020;286;1134;0;0;4;15,9;WAAR;Sliedrecht
Sluis;1714;WAAR;23210;16-12-2020;29-12-2020;167;719,5;5;21,5;6;25,9;WAAR;Sluis
Smallingerland;90;WAAR;56150;16-12-2020;29-12-2020;221;393,6;0;0;1;1,8;WAAR;Smallingerland
Soest;342;WAAR;46606;16-12-2020;29-12-2020;442;948,4;2;4,3;1;2,1;WAAR;Soest
Someren;847;WAAR;19368;16-12-2020;29-12-2020;198;1022,3;0;0;1;5,2;WAAR;Someren
Son en Breugel;848;WAAR;17322;16-12-2020;29-12-2020;90;519,6;2;11,5;0;0;WAAR;Son en Breugel
Stadskanaal;37;WAAR;31686;16-12-2020;29-12-2020;235;741,7;2;6,3;0;0;WAAR;Stadskanaal
Staphorst;180;WAAR;17145;16-12-2020;29-12-2020;296;1726,5;0;0;0;0;WAAR;Staphorst
Stede Broec;532;WAAR;21726;16-12-2020;29-12-2020;327;1505,1;0;0;1;4,6;WAAR;Stede Broec
Steenbergen;851;WAAR;24416;16-12-2020;29-12-2020;136;557;3;12,3;1;4,1;WAAR;Steenbergen
Steenwijkerland;1708;WAAR;44126;16-12-2020;29-12-2020;305;691,2;0;0;1;2,3;WAAR;Steenwijkerland
Stein;971;WAAR;25007;16-12-2020;29-12-2020;211;843,8;0;0;0;0;WAAR;Stein
Stichtse Vecht;1904;WAAR;64931;16-12-2020;29-12-2020;382;588,3;0;0;2;3,1;WAAR;Stichtse Vecht
Sudwest-Fryslan;1900;WAAR;89987;16-12-2020;29-12-2020;521;579;3;3,3;5;5,6;WAAR;Sudwest-Fryslan
Terneuzen;715;WAAR;54426;16-12-2020;29-12-2020;398;731,3;4;7,3;3;5,5;WAAR;Terneuzen
Terschelling;93;WAAR;4888;16-12-2020;29-12-2020;7;143,2;0;0;0;0;WAAR;Terschelling
Texel;448;WAAR;13575;16-12-2020;29-12-2020;90;663;0;0;0;0;WAAR;Texel
Teylingen;1525;WAAR;37440;16-12-2020;29-12-2020;395;1055;1;2,7;1;2,7;WAAR;Teylingen
Tholen;716;WAAR;25757;16-12-2020;29-12-2020;142;551,3;0;0;0;0;WAAR;Tholen
Tiel;281;WAAR;42159;16-12-2020;29-12-2020;256;607,2;0;0;3;7,1;WAAR;Tiel
Tilburg;855;WAAR;219789;16-12-2020;29-12-2020;1644;748;7;3,2;15;6,8;WAAR;Tilburg
Tubbergen;183;WAAR;21275;16-12-2020;29-12-2020;189;888,4;1;4,7;2;9,4;WAAR;Tubbergen
Twenterand;1700;WAAR;33743;16-12-2020;29-12-2020;621;1840,4;4;11,9;4;11,9;WAAR;Twenterand
Tynaarlo;1730;WAAR;33887;16-12-2020;29-12-2020;119;351,2;0;0;1;3;WAAR;Tynaarlo
Tytsjerksteradiel;737;WAAR;32052;16-12-2020;29-12-2020;98;305,8;0;0;0;0;WAAR;Tytsjerksteradiel
Uden;856;WAAR;42119;16-12-2020;29-12-2020;313;743,1;0;0;0;0;WAAR;Uden
Uitgeest;450;WAAR;13666;16-12-2020;29-12-2020;116;848,8;1;7,3;1;7,3;WAAR;Uitgeest
Uithoorn;451;WAAR;29478;16-12-2020;29-12-2020;185;627,6;0;0;0;0;WAAR;Uithoorn
Urk;184;WAAR;21031;16-12-2020;29-12-2020;199;946,2;2;9,5;0;0;WAAR;Urk
Utrecht;344;WAAR;357597;16-12-2020;29-12-2020;1868;522,4;11;3,1;10;2,8;WAAR;Utrecht
Utrechtse Heuvelrug;1581;WAAR;49580;16-12-2020;29-12-2020;484;976,2;4;8,1;10;20,2;WAAR;Utrechtse Heuvelrug
Vaals;981;WAAR;10105;16-12-2020;29-12-2020;51;504,7;3;29,7;0;0;WAAR;Vaals
Valkenburg aan de Geul;994;WAAR;16367;16-12-2020;29-12-2020;123;751,5;0;0;0;0;WAAR;Valkenburg aan de Geul
Valkenswaard;858;WAAR;31193;16-12-2020;29-12-2020;332;1064,3;1;3,2;0;0;WAAR;Valkenswaard
Veendam;47;WAAR;27384;16-12-2020;29-12-2020;183;668,3;0;0;1;3,7;WAAR;Veendam
Veenendaal;345;WAAR;66493;16-12-2020;29-12-2020;1085;1631,8;4;6;7;10,5;WAAR;Veenendaal
Veere;717;WAAR;21880;16-12-2020;29-12-2020;170;777;0;0;0;0;WAAR;Veere
Veldhoven;861;WAAR;45466;16-12-2020;29-12-2020;370;813,8;3;6,6;0;0;WAAR;Veldhoven
Velsen;453;WAAR;68648;16-12-2020;29-12-2020;510;742,9;4;5,8;4;5,8;WAAR;Velsen
Venlo;983;WAAR;101802;16-12-2020;29-12-2020;1013;995,1;9;8,8;12;11,8;WAAR;Venlo
Venray;984;WAAR;43614;16-12-2020;29-12-2020;643;1474,3;2;4,6;3;6,9;WAAR;Venray
Vijfheerenlanden;1961;WAAR;56811;16-12-2020;29-12-2020;464;816,7;2;3,5;1;1,8;WAAR;Vijfheerenlanden
Vlaardingen;622;WAAR;73397;16-12-2020;29-12-2020;343;467,3;1;1,4;1;1,4;WAAR;Vlaardingen
Vlieland;96;WAAR;1155;16-12-2020;29-12-2020;2;173,2;0;0;0;0;WAAR;Vlieland
Vlissingen;718;WAAR;44360;16-12-2020;29-12-2020;187;421,6;3;6,8;0;0;WAAR;Vlissingen
Voerendaal;986;WAAR;12475;16-12-2020;29-12-2020;107;857,7;0;0;0;0;WAAR;Voerendaal
Voorschoten;626;WAAR;25596;16-12-2020;29-12-2020;162;632,9;1;3,9;0;0;WAAR;Voorschoten
Voorst;285;WAAR;24552;16-12-2020;29-12-2020;193;786,1;4;16,3;1;4,1;WAAR;Voorst
Vught;865;WAAR;26558;16-12-2020;29-12-2020;272;1024,2;0;0;6;22,6;WAAR;Vught
Waadhoeke;1949;WAAR;46090;16-12-2020;29-12-2020;267;579,3;2;4,3;0;0;WAAR;Waadhoeke
Waalre;866;WAAR;17456;16-12-2020;29-12-2020;128;733,3;0;0;0;0;WAAR;Waalre
Waalwijk;867;WAAR;48637;16-12-2020;29-12-2020;486;999,2;1;2,1;6;12,3;WAAR;Waalwijk
Waddinxveen;627;WAAR;29291;16-12-2020;29-12-2020;227;775;3;10,2;0;0;WAAR;Waddinxveen
Wageningen;289;WAAR;39664;16-12-2020;29-12-2020;221;557,2;0;0;3;7,6;WAAR;Wageningen
Wassenaar;629;WAAR;26305;16-12-2020;29-12-2020;138;524,6;1;3,8;2;7,6;WAAR;Wassenaar
Waterland;852;WAAR;17424;16-12-2020;29-12-2020;143;820,7;2;11,5;0;0;WAAR;Waterland
Weert;988;WAAR;50105;16-12-2020;29-12-2020;784;1564,7;4;8;7;14;WAAR;Weert
Weesp;457;WAAR;19738;16-12-2020;29-12-2020;118;597,8;1;5,1;1;5,1;WAAR;Weesp
West Betuwe;1960;WAAR;51128;16-12-2020;29-12-2020;493;964,2;1;2;1;2;WAAR;West Betuwe
West Maas en Waal;668;WAAR;19324;16-12-2020;29-12-2020;135;698,6;0;0;0;0;WAAR;West Maas en Waal
Westerkwartier;1969;WAAR;63329;16-12-2020;29-12-2020;278;439;0;0;2;3,2;WAAR;Westerkwartier
Westerveld;1701;WAAR;19460;16-12-2020;29-12-2020;88;452,2;0;0;1;5,1;WAAR;Westerveld
Westervoort;293;WAAR;14971;16-12-2020;29-12-2020;115;768,2;1;6,7;1;6,7;WAAR;Westervoort
Westerwolde;1950;WAAR;25733;16-12-2020;29-12-2020;168;652,9;0;0;0;0;WAAR;Westerwolde
Westland;1783;WAAR;110375;16-12-2020;29-12-2020;1155;1046,4;4;3,6;6;5,4;WAAR;Westland
Weststellingwerf;98;WAAR;25914;16-12-2020;29-12-2020;123;474,6;0;0;0;0;WAAR;Weststellingwerf
Westvoorne;614;WAAR;14731;16-12-2020;29-12-2020;70;475,2;0;0;3;20,4;WAAR;Westvoorne
Wierden;189;WAAR;24446;16-12-2020;29-12-2020;353;1444;0;0;2;8,2;WAAR;Wierden
Wijchen;296;WAAR;41110;16-12-2020;29-12-2020;400;973;0;0;3;7,3;WAAR;Wijchen
Wijdemeren;1696;WAAR;24358;16-12-2020;29-12-2020;142;583;0;0;2;8,2;WAAR;Wijdemeren
Wijk bij Duurstede;352;WAAR;23914;16-12-2020;29-12-2020;181;756,9;0;0;1;4,2;WAAR;Wijk bij Duurstede
Winterswijk;294;WAAR;28854;16-12-2020;29-12-2020;171;592,6;0;0;0;0;WAAR;Winterswijk
Woensdrecht;873;WAAR;21876;16-12-2020;29-12-2020;77;352;1;4,6;0;0;WAAR;Woensdrecht
Woerden;632;WAAR;52299;16-12-2020;29-12-2020;419;801,2;1;1,9;1;1,9;WAAR;Woerden
Wormerland;880;WAAR;16270;16-12-2020;29-12-2020;126;774,4;0;0;0;0;WAAR;Wormerland
Woudenberg;351;WAAR;13362;16-12-2020;29-12-2020;166;1242,3;0;0;0;0;WAAR;Woudenberg
Zaanstad;479;WAAR;156794;16-12-2020;29-12-2020;1151;734,1;8;5,1;15;9,6;WAAR;Zaanstad
Zaltbommel;297;WAAR;28881;16-12-2020;29-12-2020;421;1457,7;1;3,5;12;41,5;WAAR;Zaltbommel
Zandvoort;473;WAAR;17116;16-12-2020;29-12-2020;131;765,4;0;0;7;40,9;WAAR;Zandvoort
Zeewolde;50;WAAR;22653;16-12-2020;29-12-2020;263;1161;0;0;2;8,8;WAAR;Zeewolde
Zeist;355;WAAR;64905;16-12-2020;29-12-2020;469;722,6;1;1,5;1;1,5;WAAR;Zeist
Zevenaar;299;WAAR;43750;16-12-2020;29-12-2020;258;589,7;0;0;0;0;WAAR;Zevenaar
Zoetermeer;637;WAAR;125285;16-12-2020;29-12-2020;818;652,9;9;7,2;3;2,4;WAAR;Zoetermeer
Zoeterwoude;638;WAAR;8605;16-12-2020;29-12-2020;57;662,4;2;23,2;0;0;WAAR;Zoeterwoude
Zuidplas;1892;WAAR;43885;16-12-2020;29-12-2020;350;797,5;0;0;2;4,6;WAAR;Zuidplas
Zundert;879;WAAR;21829;16-12-2020;29-12-2020;139;636,8;1;4,6;0;0;WAAR;Zundert
Zutphen;301;WAAR;47934;16-12-2020;29-12-2020;270;563,3;2;4,2;2;4,2;WAAR;Zutphen
Zwartewaterland;1896;WAAR;22685;16-12-2020;29-12-2020;134;590,7;0;0;0;0;WAAR;Zwartewaterland
Zwijndrecht;642;WAAR;44737;16-12-2020;29-12-2020;322;719,8;0;0;1;2,2;WAAR;Zwijndrecht
Zwolle;193;WAAR;128840;16-12-2020;29-12-2020;666;516,9;1;0,8;1;0,8;WAAR;Zwolle
