Gemeente;Totaal_Absoluut;Totaal_inc100000;Zkh_Absoluut;Zkh_inc100000;Overleden_Absoluut;Overleden_inc100000;Gemeente;Totaal_Absoluut;Totaal_inc100000;Zkh_Absoluut;Zkh_inc100000;Overleden_Absoluut;Overleden_inc100000;||;Gemeente;Totaal_Absoluut;Totaal_inc100000;Zkh_Absoluut;Zkh_inc100000;Overleden_Absoluut;Overleden_inc100000;
's-Gravenhage (gemeente);26;4,8;12;2,2;0;0;'s-Gravenhage (gemeente);7;1,3;3;0,5;0;0;||;'s-Gravenhage (gemeente);;19;3,5;9;1,7;0;0
's-Hertogenbosch;30;19,3;14;9;2;1,3;'s-Hertogenbosch;6;3,9;3;1,9;0;0;||;'s-Hertogenbosch;;24;15,4;11;7,1;2;1,3
Aa en Hunze;0;0;0;0;0;0;Aa en Hunze;0;0;0;0;0;0;||;Aa en Hunze;;0;0;0;0;0;0
Aalsmeer;4;12,6;0;0;0;0;Aalsmeer;3;9,4;0;0;0;0;||;Aalsmeer;;1;3,2;0;0;0;0
Aalten;0;0;0;0;0;0;Aalten;0;0;0;0;0;0;||;Aalten;;0;0;0;0;0;0
Achtkarspelen;0;0;0;0;0;0;Achtkarspelen;0;0;0;0;0;0;||;Achtkarspelen;;0;0;0;0;0;0
Alblasserdam;2;9,9;1;5;0;0;Alblasserdam;0;0;1;5;0;0;||;Alblasserdam;;2;9,9;0;0;0;0
Albrandswaard;4;15,6;0;0;0;0;Albrandswaard;1;3,9;0;0;0;0;||;Albrandswaard;;3;11,7;0;0;0;0
Alkmaar;8;7,3;5;4,6;0;0;Alkmaar;1;0,9;2;1,8;0;0;||;Alkmaar;;7;6,4;3;2,8;0;0
Almelo;2;2,7;1;1,4;0;0;Almelo;1;1,4;0;0;0;0;||;Almelo;;1;1,3;1;1,4;0;0
Almere;3;1,4;3;1,4;0;0;Almere;1;0,5;2;0,9;0;0;||;Almere;;2;0,9;1;0,5;0;0
Alphen aan den Rijn;7;6,3;3;2,7;0;0;Alphen aan den Rijn;2;1,8;0;0;0;0;||;Alphen aan den Rijn;;5;4,5;3;2,7;0;0
Alphen-Chaam;6;58,8;4;39,2;0;0;Alphen-Chaam;0;0;0;0;0;0;||;Alphen-Chaam;;6;58,8;4;39,2;0;0
Altena;11;19,7;4;7,1;0;0;Altena;5;8,9;3;5,4;0;0;||;Altena;;6;10,8;1;1,7;0;0
Ameland;0;0;0;0;0;0;Ameland;0;0;0;0;0;0;||;Ameland;;0;0;0;0;0;0
Amersfoort;26;16,5;10;6,4;1;0,6;Amersfoort;3;1,9;2;1,3;0;0;||;Amersfoort;;23;14,6;8;5,1;1;0,6
Amstelveen;13;14,2;3;3,3;0;0;Amstelveen;2;2,2;0;0;0;0;||;Amstelveen;;11;12;3;3,3;0;0
Amsterdam;92;10,5;35;4;1;0,1;Amsterdam;16;1,8;3;0,3;0;0;||;Amsterdam;;76;8,7;32;3,7;1;0,1
Apeldoorn;9;5,5;3;1,8;0;0;Apeldoorn;1;0,6;0;0;0;0;||;Apeldoorn;;8;4,9;3;1,8;0;0
Appingedam;0;0;0;0;0;0;Appingedam;0;0;0;0;0;0;||;Appingedam;;0;0;0;0;0;0
Arnhem;10;6,2;4;2,5;0;0;Arnhem;3;1,9;1;0,6;0;0;||;Arnhem;;7;4,3;3;1,9;0;0
Assen;1;1,5;1;1,5;0;0;Assen;0;0;0;0;0;0;||;Assen;;1;1,5;1;1,5;0;0
Asten;2;12;1;6;0;0;Asten;0;0;1;6;0;0;||;Asten;;2;12;0;0;0;0
Baarle-Nassau;0;0;0;0;0;0;Baarle-Nassau;0;0;0;0;0;0;||;Baarle-Nassau;;0;0;0;0;0;0
Baarn;0;0;0;0;0;0;Baarn;0;0;0;0;0;0;||;Baarn;;0;0;0;0;0;0
Barendrecht;3;6,2;3;6,2;0;0;Barendrecht;1;2,1;1;2,1;0;0;||;Barendrecht;;2;4,1;2;4,1;0;0
Barneveld;7;11,8;1;1,7;0;0;Barneveld;0;0;0;0;0;0;||;Barneveld;;7;11,8;1;1,7;0;0
Beek (L.);3;18,9;2;12,6;0;0;Beek (L.);0;0;0;0;0;0;||;Beek (L.);;3;18,9;2;12,6;0;0
Beekdaelen;17;47,3;8;22,3;3;8,3;Beekdaelen;8;22,3;2;5,6;0;0;||;Beekdaelen;;9;25;6;16,7;3;8,3
Beemster;0;0;0;0;0;0;Beemster;0;0;0;0;0;0;||;Beemster;;0;0;0;0;0;0
Beesel;0;0;0;0;0;0;Beesel;0;0;0;0;0;0;||;Beesel;;0;0;0;0;0;0
Berg en Dal;15;42,9;1;2,9;0;0;Berg en Dal;3;8,6;0;0;0;0;||;Berg en Dal;;12;34,3;1;2,9;0;0
Bergeijk;1;5,4;1;5,4;0;0;Bergeijk;1;5,4;0;0;0;0;||;Bergeijk;;0;0;1;5,4;0;0
Bergen (L.);1;7,6;0;0;0;0;Bergen (L.);0;0;0;0;0;0;||;Bergen (L.);;1;7,6;0;0;0;0
Bergen (NH.);4;13,4;3;10,1;0;0;Bergen (NH.);0;0;0;0;0;0;||;Bergen (NH.);;4;13,4;3;10,1;0;0
Bergen op Zoom;5;7,4;5;7,4;1;1,5;Bergen op Zoom;1;1,5;2;3;0;0;||;Bergen op Zoom;;4;5,9;3;4,4;1;1,5
Berkelland;1;2,3;0;0;0;0;Berkelland;0;0;0;0;0;0;||;Berkelland;;1;2,3;0;0;0;0
Bernheze;28;89,6;17;54,4;2;6,4;Bernheze;2;6,4;2;6,4;0;0;||;Bernheze;;26;83,2;15;48;2;6,4
Best;6;20;5;16,7;0;0;Best;3;10;2;6,7;0;0;||;Best;;3;10;3;10;0;0
Beuningen;6;23,2;0;0;0;0;Beuningen;3;11,6;0;0;0;0;||;Beuningen;;3;11,6;0;0;0;0
Beverwijk;3;7,2;1;2,4;0;0;Beverwijk;4;9,6;2;4,8;0;0;||;Beverwijk;;-1;-2,4;-1;-2,4;0;0
Bladel;3;14,7;5;24,5;1;4,9;Bladel;0;0;0;0;0;0;||;Bladel;;3;14,7;5;24,5;1;4,9
Blaricum;2;17,3;0;0;0;0;Blaricum;1;8,7;0;0;0;0;||;Blaricum;;1;8,6;0;0;0;0
Bloemendaal;5;21,2;0;0;0;0;Bloemendaal;1;4,2;0;0;0;0;||;Bloemendaal;;4;17;0;0;0;0
Bodegraven-Reeuwijk;1;2,9;0;0;0;0;Bodegraven-Reeuwijk;0;0;0;0;0;0;||;Bodegraven-Reeuwijk;;1;2,9;0;0;0;0
Boekel;20;185,4;7;64,9;2;18,5;Boekel;8;74,2;3;27,8;0;0;||;Boekel;;12;111,2;4;37,1;2;18,5
Borger-Odoorn;0;0;0;0;0;0;Borger-Odoorn;0;0;0;0;0;0;||;Borger-Odoorn;;0;0;0;0;0;0
Borne;2;8,6;1;4,3;0;0;Borne;3;12,9;1;4,3;0;0;||;Borne;;-1;-4,3;0;0;0;0
Borsele;3;13,2;2;8,8;0;0;Borsele;1;4,4;1;4,4;0;0;||;Borsele;;2;8,8;1;4,4;0;0
Boxmeer;3;10,2;2;6,8;0;0;Boxmeer;0;0;0;0;0;0;||;Boxmeer;;3;10,2;2;6,8;0;0
Boxtel;5;16,2;1;3,2;1;3,2;Boxtel;0;0;0;0;0;0;||;Boxtel;;5;16,2;1;3,2;1;3,2
Breda;100;54,3;34;18,5;6;3,3;Breda;45;24,4;13;7,1;0;0;||;Breda;;55;29,9;21;11,4;6;3,3
Brielle;0;0;0;0;0;0;Brielle;0;0;1;5,8;0;0;||;Brielle;;0;0;-1;-5,8;0;0
Bronckhorst;1;2,8;0;0;0;0;Bronckhorst;2;5,5;0;0;0;0;||;Bronckhorst;;-1;-2,7;0;0;0;0
Brummen;0;0;1;4,8;0;0;Brummen;0;0;0;0;0;0;||;Brummen;;0;0;1;4,8;0;0
Brunssum;5;18;3;10,8;1;3,6;Brunssum;0;0;1;3,6;0;0;||;Brunssum;;5;18;2;7,2;1;3,6
Bunnik;1;6,6;0;0;0;0;Bunnik;0;0;0;0;0;0;||;Bunnik;;1;6,6;0;0;0;0
Bunschoten;0;0;0;0;0;0;Bunschoten;0;0;0;0;0;0;||;Bunschoten;;0;0;0;0;0;0
Buren;5;18,7;1;3,7;0;0;Buren;1;3,7;0;0;0;0;||;Buren;;4;15;1;3,7;0;0
Capelle aan den IJssel;1;1,5;0;0;0;0;Capelle aan den IJssel;0;0;0;0;0;0;||;Capelle aan den IJssel;;1;1,5;0;0;0;0
Castricum;5;13,9;2;5,6;0;0;Castricum;0;0;1;2,8;0;0;||;Castricum;;5;13,9;1;2,8;0;0
Coevorden;9;25,5;1;2,8;0;0;Coevorden;11;31,2;0;0;0;0;||;Coevorden;;-2;-5,7;1;2,8;0;0
Cranendonck;6;28,4;0;0;1;4,7;Cranendonck;1;4,7;0;0;0;0;||;Cranendonck;;5;23,7;0;0;1;4,7
Cuijk;2;8;1;4;0;0;Cuijk;1;4;0;0;0;0;||;Cuijk;;1;4;1;4;0;0
Culemborg;3;10,4;2;6,9;0;0;Culemborg;1;3,5;0;0;0;0;||;Culemborg;;2;6,9;2;6,9;0;0
Dalfsen;1;3,5;1;3,5;0;0;Dalfsen;0;0;1;3,5;0;0;||;Dalfsen;;1;3,5;0;0;0;0
Dantumadiel;0;0;0;0;0;0;Dantumadiel;0;0;0;0;0;0;||;Dantumadiel;;0;0;0;0;0;0
De Bilt;12;27,8;2;4,6;0;0;De Bilt;10;23,2;1;2,3;0;0;||;De Bilt;;2;4,6;1;2,3;0;0
De Fryske Marren;6;11,6;1;1,9;0;0;De Fryske Marren;0;0;0;0;0;0;||;De Fryske Marren;;6;11,6;1;1,9;0;0
De Ronde Venen;2;4,5;0;0;0;0;De Ronde Venen;0;0;0;0;0;0;||;De Ronde Venen;;2;4,5;0;0;0;0
De Wolden;1;4,1;0;0;0;0;De Wolden;0;0;0;0;0;0;||;De Wolden;;1;4,1;0;0;0;0
Delft;3;2,9;3;2,9;0;0;Delft;1;1;0;0;0;0;||;Delft;;2;1,9;3;2,9;0;0
Delfzijl;0;0;0;0;0;0;Delfzijl;0;0;0;0;0;0;||;Delfzijl;;0;0;0;0;0;0
Den Helder;2;3,6;2;3,6;0;0;Den Helder;1;1,8;0;0;0;0;||;Den Helder;;1;1,8;2;3,6;0;0
Deurne;13;40;9;27,7;1;3,1;Deurne;3;9,2;1;3,1;0;0;||;Deurne;;10;30,8;8;24,6;1;3,1
Deventer;5;5;2;2;0;0;Deventer;0;0;0;0;0;0;||;Deventer;;5;5;2;2;0;0
Diemen;1;3,2;1;3,2;0;0;Diemen;0;0;0;0;0;0;||;Diemen;;1;3,2;1;3,2;0;0
Dinkelland;7;26,5;3;11,3;1;3,8;Dinkelland;3;11,3;1;3,8;0;0;||;Dinkelland;;4;15,2;2;7,5;1;3,8
Doesburg;1;9;0;0;0;0;Doesburg;0;0;0;0;0;0;||;Doesburg;;1;9;0;0;0;0
Doetinchem;0;0;1;1,7;0;0;Doetinchem;0;0;0;0;0;0;||;Doetinchem;;0;0;1;1,7;0;0
Dongen;3;11,4;0;0;0;0;Dongen;3;11,4;0;0;0;0;||;Dongen;;0;0;0;0;0;0
Dordrecht;5;4,2;7;5,9;0;0;Dordrecht;0;0;1;0,8;0;0;||;Dordrecht;;5;4,2;6;5,1;0;0
Drechterland;0;0;0;0;0;0;Drechterland;0;0;0;0;0;0;||;Drechterland;;0;0;0;0;0;0
Drimmelen;12;44;4;14,7;0;0;Drimmelen;4;14,7;1;3,7;0;0;||;Drimmelen;;8;29,3;3;11;0;0
Dronten;7;16,8;2;4,8;0;0;Dronten;0;0;0;0;0;0;||;Dronten;;7;16,8;2;4,8;0;0
Druten;5;26,4;3;15,9;0;0;Druten;1;5,3;0;0;0;0;||;Druten;;4;21,1;3;15,9;0;0
Duiven;2;8;0;0;0;0;Duiven;0;0;0;0;0;0;||;Duiven;;2;8;0;0;0;0
Echt-Susteren;10;31,6;9;28,5;3;9,5;Echt-Susteren;0;0;0;0;0;0;||;Echt-Susteren;;10;31,6;9;28,5;3;9,5
Edam-Volendam;1;2,8;2;5,5;0;0;Edam-Volendam;0;0;1;2,8;0;0;||;Edam-Volendam;;1;2,8;1;2,7;0;0
Ede;5;4,3;1;0,9;0;0;Ede;0;0;0;0;0;0;||;Ede;;5;4,3;1;0,9;0;0
Eemnes;1;10,8;0;0;0;0;Eemnes;0;0;0;0;0;0;||;Eemnes;;1;10,8;0;0;0;0
Eersel;5;25,9;4;20,7;0;0;Eersel;0;0;0;0;0;0;||;Eersel;;5;25,9;4;20,7;0;0
Eijsden-Margraten;3;11,6;0;0;0;0;Eijsden-Margraten;0;0;1;3,9;0;0;||;Eijsden-Margraten;;3;11,6;-1;-3,9;0;0
Eindhoven;25;10,7;10;4,3;0;0;Eindhoven;6;2,6;1;0,4;0;0;||;Eindhoven;;19;8,1;9;3,9;0;0
Elburg;1;4,3;1;4,3;0;0;Elburg;0;0;0;0;0;0;||;Elburg;;1;4,3;1;4,3;0;0
Emmen;3;2,8;0;0;0;0;Emmen;1;0,9;0;0;0;0;||;Emmen;;2;1,9;0;0;0;0
Enkhuizen;1;5,4;1;5,4;0;0;Enkhuizen;0;0;0;0;0;0;||;Enkhuizen;;1;5,4;1;5,4;0;0
Enschede;6;3,8;3;1,9;0;0;Enschede;2;1,3;0;0;0;0;||;Enschede;;4;2,5;3;1,9;0;0
Epe;4;12,1;1;3;0;0;Epe;0;0;0;0;0;0;||;Epe;;4;12,1;1;3;0;0
Ermelo;9;33,3;5;18,5;0;0;Ermelo;1;3,7;3;11,1;0;0;||;Ermelo;;8;29,6;2;7,4;0;0
Etten-Leur;13;29,6;4;9,1;1;2,3;Etten-Leur;5;11,4;1;2,3;1;2,3;||;Etten-Leur;;8;18,2;3;6,8;0;0
Geertruidenberg;7;32,5;3;13,9;0;0;Geertruidenberg;1;4,6;0;0;0;0;||;Geertruidenberg;;6;27,9;3;13,9;0;0
Geldrop-Mierlo;3;7,6;1;2,5;1;2,5;Geldrop-Mierlo;1;2,5;0;0;0;0;||;Geldrop-Mierlo;;2;5,1;1;2,5;1;2,5
Gemert-Bakel;34;110,7;25;81,4;2;6,5;Gemert-Bakel;7;22,8;5;16,3;0;0;||;Gemert-Bakel;;27;87,9;20;65,1;2;6,5
Gennep;3;17,7;2;11,8;1;5,9;Gennep;0;0;0;0;0;0;||;Gennep;;3;17,7;2;11,8;1;5,9
Gilze en Rijen;3;11,4;0;0;0;0;Gilze en Rijen;0;0;0;0;0;0;||;Gilze en Rijen;;3;11,4;0;0;0;0
Goeree-Overflakkee;9;18;1;2;0;0;Goeree-Overflakkee;0;0;0;0;0;0;||;Goeree-Overflakkee;;9;18;1;2;0;0
Goes;3;7,9;0;0;0;0;Goes;2;5,3;0;0;0;0;||;Goes;;1;2,6;0;0;0;0
Goirle;11;46;2;8,4;2;8,4;Goirle;6;25,1;0;0;1;4,2;||;Goirle;;5;20,9;2;8,4;1;4,2
Gooise Meren;7;12,1;1;1,7;0;0;Gooise Meren;4;6,9;0;0;0;0;||;Gooise Meren;;3;5,2;1;1,7;0;0
Gorinchem;0;0;0;0;0;0;Gorinchem;0;0;0;0;0;0;||;Gorinchem;;0;0;0;0;0;0
Gouda;8;10,9;2;2,7;0;0;Gouda;2;2,7;0;0;0;0;||;Gouda;;6;8,2;2;2,7;0;0
Grave;3;24,1;1;8;0;0;Grave;0;0;0;0;0;0;||;Grave;;3;24,1;1;8;0;0
Groningen (gemeente);11;4,7;1;0,4;0;0;Groningen (gemeente);0;0;0;0;0;0;||;Groningen (gemeente);;11;4,7;1;0,4;0;0
Gulpen-Wittem;2;14,1;1;7,1;0;0;Gulpen-Wittem;0;0;0;0;0;0;||;Gulpen-Wittem;;2;14,1;1;7,1;0;0
Haaksbergen;2;8,2;0;0;0;0;Haaksbergen;0;0;0;0;0;0;||;Haaksbergen;;2;8,2;0;0;0;0
Haaren;9;62,6;3;20,9;1;7;Haaren;6;41,8;1;7;0;0;||;Haaren;;3;20,8;2;13,9;1;7
Haarlem;9;5,5;4;2,5;0;0;Haarlem;2;1,2;1;0,6;0;0;||;Haarlem;;7;4,3;3;1,9;0;0
Haarlemmermeer;7;4,5;3;1,9;1;0,6;Haarlemmermeer;0;0;1;0,6;0;0;||;Haarlemmermeer;;7;4,5;2;1,3;1;0,6
Halderberge;2;6,6;1;3,3;0;0;Halderberge;0;0;0;0;0;0;||;Halderberge;;2;6,6;1;3,3;0;0
Hardenberg;0;0;2;3,3;0;0;Hardenberg;0;0;0;0;0;0;||;Hardenberg;;0;0;2;3,3;0;0
Harderwijk;4;8,3;4;8,3;1;2,1;Harderwijk;1;2,1;4;8,3;0;0;||;Harderwijk;;3;6,2;0;0;1;2,1
Hardinxveld-Giessendam;2;10,9;0;0;0;0;Hardinxveld-Giessendam;5;27,3;0;0;0;0;||;Hardinxveld-Giessendam;;-3;-16,4;0;0;0;0
Harlingen;1;6,4;0;0;0;0;Harlingen;0;0;0;0;0;0;||;Harlingen;;1;6,4;0;0;0;0
Hattem;0;0;0;0;0;0;Hattem;0;0;0;0;0;0;||;Hattem;;0;0;0;0;0;0
Heemskerk;3;7,7;2;5,1;0;0;Heemskerk;0;0;0;0;0;0;||;Heemskerk;;3;7,7;2;5,1;0;0
Heemstede;6;22;0;0;0;0;Heemstede;1;3,7;0;0;0;0;||;Heemstede;;5;18,3;0;0;0;0
Heerde;4;21,5;7;37,7;0;0;Heerde;0;0;0;0;0;0;||;Heerde;;4;21,5;7;37,7;0;0
Heerenveen;0;0;0;0;0;0;Heerenveen;0;0;0;0;0;0;||;Heerenveen;;0;0;0;0;0;0
Heerhugowaard;2;3,5;1;1,7;0;0;Heerhugowaard;0;0;0;0;0;0;||;Heerhugowaard;;2;3,5;1;1,7;0;0
Heerlen;14;16,1;13;14,9;2;2,3;Heerlen;3;3,4;5;5,7;0;0;||;Heerlen;;11;12,7;8;9,2;2;2,3
Heeze-Leende;4;24,8;2;12,4;0;0;Heeze-Leende;1;6,2;0;0;0;0;||;Heeze-Leende;;3;18,6;2;12,4;0;0
Heiloo;3;12,5;0;0;0;0;Heiloo;0;0;0;0;0;0;||;Heiloo;;3;12,5;0;0;0;0
Hellendoorn;2;5,6;0;0;0;0;Hellendoorn;2;5,6;0;0;0;0;||;Hellendoorn;;0;0;0;0;0;0
Hellevoetsluis;1;2,5;0;0;0;0;Hellevoetsluis;1;2,5;0;0;0;0;||;Hellevoetsluis;;0;0;0;0;0;0
Helmond;17;18,4;12;13;1;1,1;Helmond;13;14,1;1;1,1;0;0;||;Helmond;;4;4,3;11;11,9;1;1,1
Hendrik-Ido-Ambacht;0;0;1;3,2;0;0;Hendrik-Ido-Ambacht;0;0;0;0;0;0;||;Hendrik-Ido-Ambacht;;0;0;1;3,2;0;0
Hengelo (O.);4;4,9;1;1,2;0;0;Hengelo (O.);0;0;0;0;0;0;||;Hengelo (O.);;4;4,9;1;1,2;0;0
Het Hogeland;0;0;0;0;0;0;Het Hogeland;0;0;0;0;0;0;||;Het Hogeland;;0;0;0;0;0;0
Heumen;6;36,5;0;0;0;0;Heumen;0;0;0;0;0;0;||;Heumen;;6;36,5;0;0;0;0
Heusden;5;11,2;0;0;0;0;Heusden;2;4,5;0;0;0;0;||;Heusden;;3;6,7;0;0;0;0
Hillegom;1;4,5;1;4,5;0;0;Hillegom;0;0;0;0;0;0;||;Hillegom;;1;4,5;1;4,5;0;0
Hilvarenbeek;5;32,2;0;0;0;0;Hilvarenbeek;2;12,9;0;0;0;0;||;Hilvarenbeek;;3;19,3;0;0;0;0
Hilversum;3;3,3;2;2,2;0;0;Hilversum;0;0;1;1,1;0;0;||;Hilversum;;3;3,3;1;1,1;0;0
Hoeksche Waard;9;10,3;7;8;1;1,1;Hoeksche Waard;3;3,4;1;1,1;1;1,1;||;Hoeksche Waard;;6;6,9;6;6,9;0;0
Hof van Twente;3;8,6;1;2,9;0;0;Hof van Twente;0;0;0;0;0;0;||;Hof van Twente;;3;8,6;1;2,9;0;0
Hollands Kroon;1;2,1;2;4,1;0;0;Hollands Kroon;0;0;0;0;0;0;||;Hollands Kroon;;1;2,1;2;4,1;0;0
Hoogeveen;3;5,4;1;1,8;0;0;Hoogeveen;0;0;0;0;0;0;||;Hoogeveen;;3;5,4;1;1,8;0;0
Hoorn;4;5,5;3;4,1;0;0;Hoorn;0;0;1;1,4;0;0;||;Hoorn;;4;5,5;2;2,7;0;0
Horst aan de Maas;8;18,9;6;14,1;1;2,4;Horst aan de Maas;0;0;3;7,1;0;0;||;Horst aan de Maas;;8;18,9;3;7;1;2,4
Houten;7;14;0;0;0;0;Houten;14;27,9;0;0;0;0;||;Houten;;-7;-13,9;0;0;0;0
Huizen;2;4,8;0;0;0;0;Huizen;1;2,4;0;0;0;0;||;Huizen;;1;2,4;0;0;0;0
Hulst;0;0;0;0;0;0;Hulst;0;0;0;0;0;0;||;Hulst;;0;0;0;0;0;0
IJsselstein;8;23,5;3;8,8;0;0;IJsselstein;2;5,9;0;0;0;0;||;IJsselstein;;6;17,6;3;8,8;0;0
Kaag en Braassem;0;0;0;0;0;0;Kaag en Braassem;0;0;0;0;0;0;||;Kaag en Braassem;;0;0;0;0;0;0
Kampen;3;5,5;2;3,7;0;0;Kampen;0;0;1;1,8;0;0;||;Kampen;;3;5,5;1;1,9;0;0
Kapelle;2;15,8;1;7,9;0;0;Kapelle;0;0;0;0;0;0;||;Kapelle;;2;15,8;1;7,9;0;0
Katwijk;1;1,5;1;1,5;0;0;Katwijk;1;1,5;0;0;0;0;||;Katwijk;;0;0;1;1,5;0;0
Kerkrade;4;8,7;2;4,4;0;0;Kerkrade;0;0;2;4,4;0;0;||;Kerkrade;;4;8,7;0;0;0;0
Koggenland;2;8,8;0;0;0;0;Koggenland;0;0;0;0;0;0;||;Koggenland;;2;8,8;0;0;0;0
Krimpen aan den IJssel;3;10,2;0;0;0;0;Krimpen aan den IJssel;1;3,4;0;0;0;0;||;Krimpen aan den IJssel;;2;6,8;0;0;0;0
Krimpenerwaard;4;7,1;2;3,6;0;0;Krimpenerwaard;3;5,3;1;1,8;0;0;||;Krimpenerwaard;;1;1,8;1;1,8;0;0
Laarbeek;6;26,6;6;26,6;0;0;Laarbeek;0;0;1;4,4;0;0;||;Laarbeek;;6;26,6;5;22,2;0;0
Landerd;16;101,7;7;44,5;1;6,4;Landerd;1;6,4;2;12,7;0;0;||;Landerd;;15;95,3;5;31,8;1;6,4
Landgraaf;7;18,7;4;10,7;1;2,7;Landgraaf;0;0;2;5,3;0;0;||;Landgraaf;;7;18,7;2;5,4;1;2,7
Landsmeer;3;26,1;0;0;0;0;Landsmeer;0;0;0;0;0;0;||;Landsmeer;;3;26,1;0;0;0;0
Langedijk;4;14,2;0;0;0;0;Langedijk;1;3,6;0;0;0;0;||;Langedijk;;3;10,6;0;0;0;0
Lansingerland;10;16;5;8;0;0;Lansingerland;4;6,4;1;1,6;0;0;||;Lansingerland;;6;9,6;4;6,4;0;0
Laren (NH.);0;0;1;8,9;0;0;Laren (NH.);0;0;0;0;0;0;||;Laren (NH.);;0;0;1;8,9;0;0
Leeuwarden;5;4;1;0,8;1;0,8;Leeuwarden;0;0;0;0;0;0;||;Leeuwarden;;5;4;1;0,8;1;0,8
Leiden;11;8,8;5;4;0;0;Leiden;2;1,6;0;0;0;0;||;Leiden;;9;7,2;5;4;0;0
Leiderdorp;2;7,4;1;3,7;0;0;Leiderdorp;0;0;0;0;0;0;||;Leiderdorp;;2;7,4;1;3,7;0;0
Leidschendam-Voorburg;6;7,8;2;2,6;0;0;Leidschendam-Voorburg;2;2,6;0;0;0;0;||;Leidschendam-Voorburg;;4;5,2;2;2,6;0;0
Lelystad;10;12,7;8;10,2;0;0;Lelystad;1;1,3;1;1,3;0;0;||;Lelystad;;9;11,4;7;8,9;0;0
Leudal;14;39;9;25,1;0;0;Leudal;3;8,4;3;8,4;0;0;||;Leudal;;11;30,6;6;16,7;0;0
Leusden;4;13,2;0;0;0;0;Leusden;0;0;0;0;0;0;||;Leusden;;4;13,2;0;0;0;0
Lingewaard;5;10,7;1;2,1;0;0;Lingewaard;2;4,3;1;2,1;0;0;||;Lingewaard;;3;6,4;0;0;0;0
Lisse;0;0;1;4,4;0;0;Lisse;0;0;0;0;0;0;||;Lisse;;0;0;1;4,4;0;0
Lochem;1;3;1;3;0;0;Lochem;0;0;0;0;0;0;||;Lochem;;1;3;1;3;0;0
Loon op Zand;7;29,9;2;8,5;0;0;Loon op Zand;7;29,9;0;0;0;0;||;Loon op Zand;;0;0;2;8,5;0;0
Lopik;3;20,7;2;13,8;0;0;Lopik;0;0;0;0;0;0;||;Lopik;;3;20,7;2;13,8;0;0
Loppersum;0;0;0;0;0;0;Loppersum;0;0;0;0;0;0;||;Loppersum;;0;0;0;0;0;0
Losser;0;0;0;0;0;0;Losser;0;0;0;0;0;0;||;Losser;;0;0;0;0;0;0
Maasdriel;1;4;1;4;0;0;Maasdriel;0;0;0;0;0;0;||;Maasdriel;;1;4;1;4;0;0
Maasgouw;4;16,7;3;12,5;1;4,2;Maasgouw;0;0;0;0;0;0;||;Maasgouw;;4;16,7;3;12,5;1;4,2
Maassluis;2;6;1;3;0;0;Maassluis;0;0;1;3;0;0;||;Maassluis;;2;6;0;0;0;0
Maastricht;39;32,1;14;11,5;2;1,6;Maastricht;8;6,6;2;1,6;0;0;||;Maastricht;;31;25,5;12;9,9;2;1,6
Medemblik;0;0;0;0;0;0;Medemblik;0;0;0;0;0;0;||;Medemblik;;0;0;0;0;0;0
Meerssen;2;10,6;0;0;0;0;Meerssen;0;0;0;0;0;0;||;Meerssen;;2;10,6;0;0;0;0
Meierijstad;64;78,8;36;44,3;13;16;Meierijstad;14;17,2;11;13,5;1;1,2;||;Meierijstad;;50;61,6;25;30,8;12;14,8
Meppel;0;0;1;2,9;0;0;Meppel;0;0;0;0;0;0;||;Meppel;;0;0;1;2,9;0;0
Middelburg (Z.);2;4,1;4;8,2;0;0;Middelburg (Z.);0;0;2;4,1;0;0;||;Middelburg (Z.);;2;4,1;2;4,1;0;0
Midden-Delfland;1;5,2;0;0;0;0;Midden-Delfland;0;0;0;0;0;0;||;Midden-Delfland;;1;5,2;0;0;0;0
Midden-Drenthe;0;0;0;0;0;0;Midden-Drenthe;0;0;0;0;0;0;||;Midden-Drenthe;;0;0;0;0;0;0
Midden-Groningen;2;3,3;0;0;0;0;Midden-Groningen;0;0;0;0;0;0;||;Midden-Groningen;;2;3,3;0;0;0;0
Mill en Sint Hubert;1;9,1;1;9,1;0;0;Mill en Sint Hubert;0;0;0;0;0;0;||;Mill en Sint Hubert;;1;9,1;1;9,1;0;0
Moerdijk;1;2,7;1;2,7;0;0;Moerdijk;0;0;0;0;0;0;||;Moerdijk;;1;2,7;1;2,7;0;0
Molenlanden;7;15,9;4;9,1;0;0;Molenlanden;0;0;1;2,3;0;0;||;Molenlanden;;7;15,9;3;6,8;0;0
Montferland;1;2,8;1;2,8;0;0;Montferland;0;0;0;0;0;0;||;Montferland;;1;2,8;1;2,8;0;0
Montfoort;0;0;0;0;0;0;Montfoort;0;0;0;0;0;0;||;Montfoort;;0;0;0;0;0;0
Mook en Middelaar;0;0;0;0;0;0;Mook en Middelaar;0;0;0;0;0;0;||;Mook en Middelaar;;0;0;0;0;0;0
Neder-Betuwe;4;16,4;3;12,3;0;0;Neder-Betuwe;1;4,1;2;8,2;0;0;||;Neder-Betuwe;;3;12,3;1;4,1;0;0
Nederweert;7;41,1;4;23,5;0;0;Nederweert;0;0;0;0;0;0;||;Nederweert;;7;41,1;4;23,5;0;0
Nieuwegein;4;6,3;3;4,7;0;0;Nieuwegein;0;0;0;0;0;0;||;Nieuwegein;;4;6,3;3;4,7;0;0
Nieuwkoop;1;3,5;0;0;0;0;Nieuwkoop;0;0;0;0;0;0;||;Nieuwkoop;;1;3,5;0;0;0;0
Nijkerk;2;4,6;1;2,3;0;0;Nijkerk;0;0;0;0;0;0;||;Nijkerk;;2;4,6;1;2,3;0;0
Nijmegen;54;30,4;13;7,3;0;0;Nijmegen;5;2,8;3;1,7;0;0;||;Nijmegen;;49;27,6;10;5,6;0;0
Nissewaard;7;8,2;7;8,2;0;0;Nissewaard;1;1,2;2;2,3;0;0;||;Nissewaard;;6;7;5;5,9;0;0
Noardeast-Fryslân;0;0;1;2,2;0;0;Noardeast-FryslÃ¢n;0;0;0;0;0;0;||;Noardeast-FryslÃ¢n;;0;0;1;2,2;0;0
Noord-Beveland;1;13,5;0;0;0;0;Noord-Beveland;1;13,5;0;0;0;0;||;Noord-Beveland;;0;0;0;0;0;0
Noordenveld;1;3,2;1;3,2;1;3,2;Noordenveld;0;0;0;0;0;0;||;Noordenveld;;1;3,2;1;3,2;1;3,2
Noordoostpolder;2;4,2;0;0;0;0;Noordoostpolder;0;0;0;0;0;0;||;Noordoostpolder;;2;4,2;0;0;0;0
Noordwijk;3;6,9;2;4,6;0;0;Noordwijk;2;4,6;1;2,3;0;0;||;Noordwijk;;1;2,3;1;2,3;0;0
Nuenen, Gerwen en Nederwetten;2;8,6;2;8,6;0;0;Nuenen, Gerwen en Nederwetten;1;4,3;0;0;0;0;||;Nuenen, Gerwen en Nederwetten;;1;4,3;2;8,6;0;0
Nunspeet;5;18;4;14,4;1;3,6;Nunspeet;1;3,6;1;3,6;0;0;||;Nunspeet;;4;14,4;3;10,8;1;3,6
Oegstgeest;3;12,1;2;8,1;0;0;Oegstgeest;2;8,1;0;0;0;0;||;Oegstgeest;;1;4;2;8,1;0;0
Oirschot;1;5,3;1;5,3;0;0;Oirschot;0;0;0;0;0;0;||;Oirschot;;1;5,3;1;5,3;0;0
Oisterwijk;10;38,1;3;11,4;0;0;Oisterwijk;5;19,1;0;0;0;0;||;Oisterwijk;;5;19;3;11,4;0;0
Oldambt;0;0;0;0;0;0;Oldambt;0;0;0;0;0;0;||;Oldambt;;0;0;0;0;0;0
Oldebroek;4;16,9;2;8,5;0;0;Oldebroek;0;0;0;0;0;0;||;Oldebroek;;4;16,9;2;8,5;0;0
Oldenzaal;3;9,4;1;3,1;0;0;Oldenzaal;0;0;0;0;0;0;||;Oldenzaal;;3;9,4;1;3,1;0;0
Olst-Wijhe;0;0;0;0;0;0;Olst-Wijhe;0;0;0;0;0;0;||;Olst-Wijhe;;0;0;0;0;0;0
Ommen;3;16,7;1;5,6;0;0;Ommen;0;0;1;5,6;0;0;||;Ommen;;3;16,7;0;0;0;0
Oost Gelre;0;0;1;3,4;0;0;Oost Gelre;0;0;0;0;0;0;||;Oost Gelre;;0;0;1;3,4;0;0
Oosterhout;10;17,9;5;8,9;0;0;Oosterhout;2;3,6;1;1,8;0;0;||;Oosterhout;;8;14,3;4;7,1;0;0
Ooststellingwerf;0;0;0;0;0;0;Ooststellingwerf;0;0;0;0;0;0;||;Ooststellingwerf;;0;0;0;0;0;0
Oostzaan;2;20,5;0;0;0;0;Oostzaan;0;0;0;0;0;0;||;Oostzaan;;2;20,5;0;0;0;0
Opmeer;0;0;0;0;0;0;Opmeer;0;0;0;0;0;0;||;Opmeer;;0;0;0;0;0;0
Opsterland;2;6,7;0;0;0;0;Opsterland;2;6,7;0;0;0;0;||;Opsterland;;0;0;0;0;0;0
Oss;19;20,7;9;9,8;0;0;Oss;2;2,2;2;2,2;0;0;||;Oss;;17;18,5;7;7,6;0;0
Oude IJsselstreek;2;5,1;2;5,1;0;0;Oude IJsselstreek;0;0;0;0;0;0;||;Oude IJsselstreek;;2;5,1;2;5,1;0;0
Ouder-Amstel;3;21,4;1;7,1;0;0;Ouder-Amstel;0;0;0;0;0;0;||;Ouder-Amstel;;3;21,4;1;7,1;0;0
Oudewater;1;9,8;1;9,8;0;0;Oudewater;0;0;0;0;0;0;||;Oudewater;;1;9,8;1;9,8;0;0
Overbetuwe;10;20,9;10;20,9;0;0;Overbetuwe;0;0;3;6,3;0;0;||;Overbetuwe;;10;20,9;7;14,6;0;0
Papendrecht;1;3,1;0;0;0;0;Papendrecht;0;0;0;0;0;0;||;Papendrecht;;1;3,1;0;0;0;0
Peel en Maas;36;82,9;25;57,6;0;0;Peel en Maas;3;6,9;3;6,9;0;0;||;Peel en Maas;;33;76;22;50,7;0;0
Pekela;1;8,2;1;8,2;0;0;Pekela;0;0;1;8,2;0;0;||;Pekela;;1;8,2;0;0;0;0
Pijnacker-Nootdorp;10;18,1;2;3,6;0;0;Pijnacker-Nootdorp;4;7,2;0;0;0;0;||;Pijnacker-Nootdorp;;6;10,9;2;3,6;0;0
Purmerend;6;7,4;6;7,4;0;0;Purmerend;1;1,2;1;1,2;0;0;||;Purmerend;;5;6,2;5;6,2;0;0
Putten;2;8,3;1;4,1;0;0;Putten;0;0;0;0;0;0;||;Putten;;2;8,3;1;4,1;0;0
Raalte;3;8;2;5,3;0;0;Raalte;0;0;0;0;0;0;||;Raalte;;3;8;2;5,3;0;0
Reimerswaal;3;13,2;3;13,2;0;0;Reimerswaal;1;4,4;2;8,8;0;0;||;Reimerswaal;;2;8,8;1;4,4;0;0
Renkum;8;25,5;2;6,4;0;0;Renkum;7;22,3;1;3,2;0;0;||;Renkum;;1;3,2;1;3,2;0;0
Renswoude;0;0;0;0;0;0;Renswoude;0;0;0;0;0;0;||;Renswoude;;0;0;0;0;0;0
Reusel-De Mierden;1;7,6;2;15,3;0;0;Reusel-De Mierden;0;0;0;0;0;0;||;Reusel-De Mierden;;1;7,6;2;15,3;0;0
Rheden;4;9,1;2;4,6;0;0;Rheden;1;2,3;0;0;0;0;||;Rheden;;3;6,8;2;4,6;0;0
Rhenen;0;0;0;0;0;0;Rhenen;0;0;0;0;0;0;||;Rhenen;;0;0;0;0;0;0
Ridderkerk;0;0;1;2,2;0;0;Ridderkerk;1;2,2;0;0;0;0;||;Ridderkerk;;-1;-2,2;1;2,2;0;0
Rijssen-Holten;0;0;0;0;0;0;Rijssen-Holten;0;0;0;0;0;0;||;Rijssen-Holten;;0;0;0;0;0;0
Rijswijk (ZH.);3;5,5;3;5,5;0;0;Rijswijk (ZH.);0;0;0;0;0;0;||;Rijswijk (ZH.);;3;5,5;3;5,5;0;0
Roerdalen;1;4,9;1;4,9;0;0;Roerdalen;0;0;0;0;0;0;||;Roerdalen;;1;4,9;1;4,9;0;0
Roermond;8;13,7;4;6,9;0;0;Roermond;1;1,7;1;1,7;0;0;||;Roermond;;7;12;3;5,2;0;0
Roosendaal;6;7,8;1;1,3;0;0;Roosendaal;1;1,3;0;0;0;0;||;Roosendaal;;5;6,5;1;1,3;0;0
Rotterdam;60;9,2;19;2,9;0;0;Rotterdam;15;2,3;4;0,6;0;0;||;Rotterdam;;45;6,9;15;2,3;0;0
Rozendaal;2;117,4;1;58,7;0;0;Rozendaal;0;0;0;0;0;0;||;Rozendaal;;2;117,4;1;58,7;0;0
Rucphen;1;4,4;1;4,4;0;0;Rucphen;0;0;1;4,4;0;0;||;Rucphen;;1;4,4;0;0;0;0
Schagen;7;15,1;2;4,3;0;0;Schagen;1;2,2;0;0;0;0;||;Schagen;;6;12,9;2;4,3;0;0
Scherpenzeel;0;0;0;0;0;0;Scherpenzeel;0;0;0;0;0;0;||;Scherpenzeel;;0;0;0;0;0;0
Schiedam;1;1,3;2;2,5;0;0;Schiedam;0;0;1;1,3;0;0;||;Schiedam;;1;1,3;1;1,2;0;0
Schiermonnikoog;0;0;0;0;0;0;Schiermonnikoog;0;0;0;0;0;0;||;Schiermonnikoog;;0;0;0;0;0;0
Schouwen-Duiveland;1;3;1;3;0;0;Schouwen-Duiveland;1;3;1;3;0;0;||;Schouwen-Duiveland;;0;0;0;0;0;0
Simpelveld;3;28,4;1;9,5;0;0;Simpelveld;2;18,9;0;0;0;0;||;Simpelveld;;1;9,5;1;9,5;0;0
Sint Anthonis;5;42,9;4;34,3;0;0;Sint Anthonis;0;0;0;0;0;0;||;Sint Anthonis;;5;42,9;4;34,3;0;0
Sint-Michielsgestel;6;20,5;3;10,3;0;0;Sint-Michielsgestel;5;17,1;0;0;0;0;||;Sint-Michielsgestel;;1;3,4;3;10,3;0;0
Sittard-Geleen;51;55,2;17;18,4;5;5,4;Sittard-Geleen;21;22,7;6;6,5;1;1,1;||;Sittard-Geleen;;30;32,5;11;11,9;4;4,3
Sliedrecht;1;4;0;0;0;0;Sliedrecht;0;0;0;0;0;0;||;Sliedrecht;;1;4;0;0;0;0
Sluis;2;8,6;2;8,6;0;0;Sluis;0;0;0;0;0;0;||;Sluis;;2;8,6;2;8,6;0;0
Smallingerland;3;5,3;1;1,8;0;0;Smallingerland;1;1,8;1;1,8;0;0;||;Smallingerland;;2;3,5;0;0;0;0
Soest;6;12,9;0;0;0;0;Soest;8;17,2;0;0;0;0;||;Soest;;-2;-4,3;0;0;0;0
Someren;4;20,7;4;20,7;1;5,2;Someren;0;0;1;5,2;0;0;||;Someren;;4;20,7;3;15,5;1;5,2
Son en Breugel;5;28,9;3;17,3;2;11,5;Son en Breugel;2;11,5;2;11,5;0;0;||;Son en Breugel;;3;17,4;1;5,8;2;11,5
Stadskanaal;0;0;0;0;0;0;Stadskanaal;0;0;0;0;0;0;||;Stadskanaal;;0;0;0;0;0;0
Staphorst;2;11,7;0;0;0;0;Staphorst;1;5,8;0;0;0;0;||;Staphorst;;1;5,9;0;0;0;0
Stede Broec;1;4,6;1;4,6;0;0;Stede Broec;0;0;0;0;0;0;||;Stede Broec;;1;4,6;1;4,6;0;0
Steenbergen;2;8,2;1;4,1;1;4,1;Steenbergen;0;0;0;0;0;0;||;Steenbergen;;2;8,2;1;4,1;1;4,1
Steenwijkerland;1;2,3;1;2,3;0;0;Steenwijkerland;0;0;0;0;0;0;||;Steenwijkerland;;1;2,3;1;2,3;0;0
Stein (L.);4;16;2;8;0;0;Stein (L.);1;4;0;0;0;0;||;Stein (L.);;3;12;2;8;0;0
Stichtse Vecht;6;9,2;2;3,1;0;0;Stichtse Vecht;5;7,7;0;0;0;0;||;Stichtse Vecht;;1;1,5;2;3,1;0;0
Súdwest-Fryslân;2;2,2;1;1,1;0;0;SÃºdwest-FryslÃ¢n;0;0;0;0;0;0;||;SÃºdwest-FryslÃ¢n;;2;2,2;1;1,1;0;0
Terneuzen;3;5,5;3;5,5;0;0;Terneuzen;0;0;0;0;0;0;||;Terneuzen;;3;5,5;3;5,5;0;0
Terschelling;0;0;0;0;0;0;Terschelling;0;0;0;0;0;0;||;Terschelling;;0;0;0;0;0;0
Texel;0;0;1;7,4;0;0;Texel;0;0;0;0;0;0;||;Texel;;0;0;1;7,4;0;0
Teylingen;2;5,3;1;2,7;0;0;Teylingen;0;0;0;0;0;0;||;Teylingen;;2;5,3;1;2,7;0;0
Tholen;2;7,8;3;11,6;0;0;Tholen;0;0;0;0;0;0;||;Tholen;;2;7,8;3;11,6;0;0
Tiel;4;9,5;4;9,5;0;0;Tiel;1;2,4;1;2,4;0;0;||;Tiel;;3;7,1;3;7,1;0;0
Tilburg;108;49,1;41;18,7;7;3,2;Tilburg;44;20;11;5;0;0;||;Tilburg;;64;29,1;30;13,7;7;3,2
Tubbergen;2;9,4;0;0;0;0;Tubbergen;1;4,7;0;0;0;0;||;Tubbergen;;1;4,7;0;0;0;0
Twenterand;0;0;0;0;0;0;Twenterand;0;0;0;0;0;0;||;Twenterand;;0;0;0;0;0;0
Tynaarlo;3;8,9;0;0;0;0;Tynaarlo;0;0;0;0;0;0;||;Tynaarlo;;3;8,9;0;0;0;0
Tytsjerksteradiel;1;3,1;0;0;0;0;Tytsjerksteradiel;0;0;0;0;0;0;||;Tytsjerksteradiel;;1;3,1;0;0;0;0
Uden;53;125,8;30;71,2;6;14,2;Uden;18;42,7;12;28,5;0;0;||;Uden;;35;83,1;18;42,7;6;14,2
Uitgeest;0;0;0;0;0;0;Uitgeest;0;0;0;0;0;0;||;Uitgeest;;0;0;0;0;0;0
Uithoorn;1;3,4;1;3,4;0;0;Uithoorn;0;0;0;0;0;0;||;Uithoorn;;1;3,4;1;3,4;0;0
Urk;2;9,5;4;19;0;0;Urk;0;0;0;0;0;0;||;Urk;;2;9,5;4;19;0;0
Utrecht (gemeente);69;19,3;12;3,4;0;0;Utrecht (gemeente);24;6,7;4;1,1;0;0;||;Utrecht (gemeente);;45;12,6;8;2,3;0;0
Utrechtse Heuvelrug;7;14,1;0;0;0;0;Utrechtse Heuvelrug;2;4;0;0;0;0;||;Utrechtse Heuvelrug;;5;10,1;0;0;0;0
Vaals;0;0;0;0;0;0;Vaals;0;0;0;0;0;0;||;Vaals;;0;0;0;0;0;0
Valkenburg aan de Geul;3;18,3;0;0;0;0;Valkenburg aan de Geul;0;0;0;0;0;0;||;Valkenburg aan de Geul;;3;18,3;0;0;0;0
Valkenswaard;1;3,2;1;3,2;0;0;Valkenswaard;0;0;0;0;0;0;||;Valkenswaard;;1;3,2;1;3,2;0;0
Veendam;0;0;0;0;0;0;Veendam;0;0;0;0;0;0;||;Veendam;;0;0;0;0;0;0
Veenendaal;1;1,5;3;4,5;0;0;Veenendaal;1;1,5;0;0;0;0;||;Veenendaal;;0;0;3;4,5;0;0
Veere;1;4,6;0;0;0;0;Veere;1;4,6;0;0;0;0;||;Veere;;0;0;0;0;0;0
Veldhoven;3;6,6;1;2,2;0;0;Veldhoven;1;2,2;1;2,2;0;0;||;Veldhoven;;2;4,4;0;0;0;0
Velsen;7;10,2;2;2,9;0;0;Velsen;1;1,5;0;0;0;0;||;Velsen;;6;8,7;2;2,9;0;0
Venlo;12;11,8;14;13,8;1;1;Venlo;2;2;1;1;0;0;||;Venlo;;10;9,8;13;12,8;1;1
Venray;1;2,3;4;9,2;0;0;Venray;0;0;1;2,3;0;0;||;Venray;;1;2,3;3;6,9;0;0
Vijfheerenlanden;7;12,3;2;3,5;0;0;Vijfheerenlanden;1;1,8;2;3,5;0;0;||;Vijfheerenlanden;;6;10,5;0;0;0;0
Vlaardingen;2;2,7;2;2,7;0;0;Vlaardingen;1;1,4;0;0;0;0;||;Vlaardingen;;1;1,3;2;2,7;0;0
Vlieland;0;0;0;0;0;0;Vlieland;0;0;0;0;0;0;||;Vlieland;;0;0;0;0;0;0
Vlissingen;4;9;1;2,3;0;0;Vlissingen;0;0;1;2,3;0;0;||;Vlissingen;;4;9;0;0;0;0
Voerendaal;3;24;2;16;0;0;Voerendaal;0;0;0;0;0;0;||;Voerendaal;;3;24;2;16;0;0
Voorschoten;1;3,9;1;3,9;0;0;Voorschoten;0;0;0;0;0;0;||;Voorschoten;;1;3,9;1;3,9;0;0
Voorst;1;4,1;1;4,1;0;0;Voorst;1;4,1;0;0;0;0;||;Voorst;;0;0;1;4,1;0;0
Vught;8;30,1;4;15,1;0;0;Vught;1;3,8;1;3,8;0;0;||;Vught;;7;26,3;3;11,3;0;0
Waadhoeke;0;0;0;0;0;0;Waadhoeke;0;0;0;0;0;0;||;Waadhoeke;;0;0;0;0;0;0
Waalre;1;5,7;0;0;0;0;Waalre;1;5,7;0;0;0;0;||;Waalre;;0;0;0;0;0;0
Waalwijk;9;18,5;4;8,2;0;0;Waalwijk;6;12,3;1;2,1;0;0;||;Waalwijk;;3;6,2;3;6,1;0;0
Waddinxveen;1;3,4;1;3,4;0;0;Waddinxveen;1;3,4;0;0;0;0;||;Waddinxveen;;0;0;1;3,4;0;0
Wageningen;1;2,5;1;2,5;0;0;Wageningen;0;0;0;0;0;0;||;Wageningen;;1;2,5;1;2,5;0;0
Wassenaar;3;11,4;1;3,8;0;0;Wassenaar;0;0;0;0;0;0;||;Wassenaar;;3;11,4;1;3,8;0;0
Waterland;5;28,7;2;11,5;0;0;Waterland;1;5,7;0;0;0;0;||;Waterland;;4;23;2;11,5;0;0
Weert;0;0;6;12;0;0;Weert;0;0;0;0;0;0;||;Weert;;0;0;6;12;0;0
Weesp;0;0;1;5,1;0;0;Weesp;0;0;1;5,1;0;0;||;Weesp;;0;0;0;0;0;0
West Betuwe;7;13,7;1;2;0;0;West Betuwe;2;3,9;0;0;0;0;||;West Betuwe;;5;9,8;1;2;0;0
West Maas en Waal;2;10,3;0;0;0;0;West Maas en Waal;2;10,3;0;0;0;0;||;West Maas en Waal;;0;0;0;0;0;0
Westerkwartier;1;1,6;1;1,6;0;0;Westerkwartier;0;0;0;0;0;0;||;Westerkwartier;;1;1,6;1;1,6;0;0
Westerveld;0;0;1;5,1;0;0;Westerveld;0;0;0;0;0;0;||;Westerveld;;0;0;1;5,1;0;0
Westervoort;0;0;0;0;0;0;Westervoort;0;0;0;0;0;0;||;Westervoort;;0;0;0;0;0;0
Westerwolde;0;0;0;0;0;0;Westerwolde;0;0;0;0;0;0;||;Westerwolde;;0;0;0;0;0;0
Westland;6;5,4;5;4,5;0;0;Westland;0;0;0;0;0;0;||;Westland;;6;5,4;5;4,5;0;0
Weststellingwerf;0;0;0;0;0;0;Weststellingwerf;0;0;0;0;0;0;||;Weststellingwerf;;0;0;0;0;0;0
Westvoorne;2;13,6;0;0;0;0;Westvoorne;1;6,8;0;0;0;0;||;Westvoorne;;1;6,8;0;0;0;0
Wierden;1;4,1;0;0;0;0;Wierden;0;0;0;0;0;0;||;Wierden;;1;4,1;0;0;0;0
Wijchen;8;19,5;6;14,6;0;0;Wijchen;1;2,4;2;4,9;0;0;||;Wijchen;;7;17,1;4;9,7;0;0
Wijdemeren;1;4,1;1;4,1;0;0;Wijdemeren;0;0;0;0;0;0;||;Wijdemeren;;1;4,1;1;4,1;0;0
Wijk bij Duurstede;4;16,7;2;8,4;0;0;Wijk bij Duurstede;1;4,2;1;4,2;0;0;||;Wijk bij Duurstede;;3;12,5;1;4,2;0;0
Winterswijk;0;0;0;0;0;0;Winterswijk;0;0;0;0;0;0;||;Winterswijk;;0;0;0;0;0;0
Woensdrecht;0;0;0;0;0;0;Woensdrecht;0;0;0;0;0;0;||;Woensdrecht;;0;0;0;0;0;0
Woerden;4;7,6;1;1,9;0;0;Woerden;2;3,8;1;1,9;0;0;||;Woerden;;2;3,8;0;0;0;0
Wormerland;1;6,1;1;6,1;0;0;Wormerland;0;0;0;0;0;0;||;Wormerland;;1;6,1;1;6,1;0;0
Woudenberg;2;15;0;0;0;0;Woudenberg;1;7,5;0;0;0;0;||;Woudenberg;;1;7,5;0;0;0;0
Zaanstad;1;0,6;5;3,2;0;0;Zaanstad;1;0,6;1;0,6;0;0;||;Zaanstad;;0;0;4;2,6;0;0
Zaltbommel;2;6,9;0;0;0;0;Zaltbommel;1;3,5;2;6,9;0;0;||;Zaltbommel;;1;3,4;-2;-6,9;0;0
Zandvoort;2;11,7;0;0;0;0;Zandvoort;0;0;1;5,8;0;0;||;Zandvoort;;2;11,7;-1;-5,8;0;0
Zeewolde;2;8,8;0;0;0;0;Zeewolde;1;4,4;0;0;0;0;||;Zeewolde;;1;4,4;0;0;0;0
Zeist;11;16,9;1;1,5;0;0;Zeist;3;4,6;1;1,5;0;0;||;Zeist;;8;12,3;0;0;0;0
Zevenaar;3;6,9;1;2,3;0;0;Zevenaar;0;0;0;0;0;0;||;Zevenaar;;3;6,9;1;2,3;0;0
Zoetermeer;2;1,6;2;1,6;0;0;Zoetermeer;0;0;1;0,8;0;0;||;Zoetermeer;;2;1,6;1;0,8;0;0
Zoeterwoude;0;0;0;0;0;0;Zoeterwoude;0;0;0;0;0;0;||;Zoeterwoude;;0;0;0;0;0;0
Zuidplas;0;0;0;0;0;0;Zuidplas;0;0;0;0;0;0;||;Zuidplas;;0;0;0;0;0;0
Zundert;6;27,5;4;18,3;1;4,6;Zundert;2;9,2;1;4,6;0;0;||;Zundert;;4;18,3;3;13,7;1;4,6
Zutphen;1;2,1;2;4,2;0;0;Zutphen;0;0;1;2,1;0;0;||;Zutphen;;1;2,1;1;2,1;0;0
Zwartewaterland;6;26,4;1;4,4;0;0;Zwartewaterland;0;0;0;0;0;0;||;Zwartewaterland;;6;26,4;1;4,4;0;0
Zwijndrecht;5;11,2;3;6,7;0;0;Zwijndrecht;0;0;0;0;0;0;||;Zwijndrecht;;5;11,2;3;6,7;0;0
Zwolle;15;11,6;1;0,8;0;0;Zwolle;2;1,6;0;0;0;0;||;Zwolle;;13;10;1;0,8;0;0
