Gemeente;Gemnr;Gemeente;Bev_2020;van_datum;tot_datum;Totaal_Absoluut;Totaal_inc100000;Zkh_Absoluut;Zkh_inc100000;Overleden_Absoluut;Overleden_inc100000;Gemeente
Aa en Hunze;1680;Aa en Hunze;25445;18-11-2020;1-12-2020;56;220,1;0;0;0;0;Aa en Hunze
Aalsmeer;358;Aalsmeer;31859;18-11-2020;1-12-2020;131;411,2;0;0;0;0;Aalsmeer
Aalten;197;Aalten;27121;18-11-2020;1-12-2020;69;254,4;0;0;1;3,7;Aalten
Achtkarspelen;59;Achtkarspelen;27843;18-11-2020;1-12-2020;46;165,2;0;0;0;0;Achtkarspelen
Alblasserdam;482;Alblasserdam;20165;18-11-2020;1-12-2020;52;257,9;0;0;0;0;Alblasserdam
Albrandswaard;613;Albrandswaard;25590;18-11-2020;1-12-2020;129;504,1;1;3,9;1;3,9;Albrandswaard
Alkmaar;361;Alkmaar;109436;18-11-2020;1-12-2020;349;318,9;3;2,7;2;1,8;Alkmaar
Almelo;141;Almelo;73107;18-11-2020;1-12-2020;370;506,1;1;1,4;2;2,7;Almelo
Almere;34;Almere;211893;18-11-2020;1-12-2020;826;389,8;5;2,4;1;0,5;Almere
Alphen aan den Rijn;484;Alphen aan den Rijn;111897;18-11-2020;1-12-2020;544;486,2;2;1,8;7;6,3;Alphen aan den Rijn
Alphen-Chaam;1723;Alphen-Chaam;10203;18-11-2020;1-12-2020;45;441;0;0;0;0;Alphen-Chaam
Altena;1959;Altena;55967;18-11-2020;1-12-2020;478;854,1;3;5,4;5;8,9;Altena
Ameland;60;Ameland;3716;18-11-2020;1-12-2020;1;26,9;0;0;0;0;Ameland
Amersfoort;307;Amersfoort;157276;18-11-2020;1-12-2020;678;431,1;8;5,1;10;6,4;Amersfoort
Amstelveen;362;Amstelveen;91675;18-11-2020;1-12-2020;261;284,7;3;3,3;5;5,5;Amstelveen
Amsterdam;363;Amsterdam;872757;18-11-2020;1-12-2020;3653;418,6;35;4;19;2,2;Amsterdam
Apeldoorn;200;Apeldoorn;163818;18-11-2020;1-12-2020;445;271,6;6;3,7;5;3,1;Apeldoorn
Appingedam;3;Appingedam;11642;18-11-2020;1-12-2020;31;266,3;0;0;0;0;Appingedam
Arnhem;202;Arnhem;161348;18-11-2020;1-12-2020;695;430,7;3;1,9;7;4,3;Arnhem
Assen;106;Assen;68599;18-11-2020;1-12-2020;163;237,6;5;7,3;2;2,9;Assen
Asten;743;Asten;16721;18-11-2020;1-12-2020;66;394,7;1;6;0;0;Asten
Baarle-Nassau;744;Baarle-Nassau;6859;18-11-2020;1-12-2020;33;481,1;1;14,6;2;29,2;Baarle-Nassau
Baarn;308;Baarn;24868;18-11-2020;1-12-2020;84;337,8;1;4;0;0;Baarn
Barendrecht;489;Barendrecht;48714;18-11-2020;1-12-2020;175;359,2;3;6,2;1;2,1;Barendrecht
Barneveld;203;Barneveld;59082;18-11-2020;1-12-2020;298;504,4;0;0;2;3,4;Barneveld
Beek;888;Beek;15865;18-11-2020;1-12-2020;55;346,7;0;0;1;6,3;Beek
Beekdaelen;1954;Beekdaelen;35938;18-11-2020;1-12-2020;104;289,4;0;0;1;2,8;Beekdaelen
Beemster;370;Beemster;10022;18-11-2020;1-12-2020;13;129,7;0;0;0;0;Beemster
Beesel;889;Beesel;13482;18-11-2020;1-12-2020;31;229,9;0;0;1;7,4;Beesel
Berg en Dal;1945;Berg en Dal;34992;18-11-2020;1-12-2020;132;377,2;1;2,9;1;2,9;Berg en Dal
Bergeijk;1724;Bergeijk;18635;18-11-2020;1-12-2020;129;692,2;0;0;0;0;Bergeijk
Bergen (L.);893;Bergen (L.);13085;18-11-2020;1-12-2020;30;229,3;0;0;0;0;Bergen (L.)
Bergen (NH.);373;Bergen (NH.);29839;18-11-2020;1-12-2020;106;355,2;2;6,7;0;0;Bergen (NH.)
Bergen op Zoom;748;Bergen op Zoom;67496;18-11-2020;1-12-2020;283;419,3;4;5,9;1;1,5;Bergen op Zoom
Berkelland;1859;Berkelland;43747;18-11-2020;1-12-2020;155;354,3;3;6,9;4;9,1;Berkelland
Bernheze;1721;Bernheze;31240;18-11-2020;1-12-2020;107;342,5;0;0;0;0;Bernheze
Best;753;Best;29988;18-11-2020;1-12-2020;104;346,8;1;3,3;0;0;Best
Beuningen;209;Beuningen;25890;18-11-2020;1-12-2020;77;297,4;1;3,9;0;0;Beuningen
Beverwijk;375;Beverwijk;41626;18-11-2020;1-12-2020;120;288,3;0;0;0;0;Beverwijk
Bladel;1728;Bladel;20390;18-11-2020;1-12-2020;93;456,1;1;4,9;1;4,9;Bladel
Blaricum;376;Blaricum;11540;18-11-2020;1-12-2020;38;329,3;0;0;0;0;Blaricum
Bloemendaal;377;Bloemendaal;23571;18-11-2020;1-12-2020;43;182,4;0;0;0;0;Bloemendaal
Bodegraven-Reeuwijk;1901;Bodegraven-Reeuwijk;34872;18-11-2020;1-12-2020;221;633,7;4;11,5;1;2,9;Bodegraven-Reeuwijk
Boekel;755;Boekel;10785;18-11-2020;1-12-2020;14;129,8;0;0;0;0;Boekel
Borger-Odoorn;1681;Borger-Odoorn;25559;18-11-2020;1-12-2020;70;273,9;0;0;1;3,9;Borger-Odoorn
Borne;147;Borne;23312;18-11-2020;1-12-2020;93;398,9;0;0;0;0;Borne
Borsele;654;Borsele;22739;18-11-2020;1-12-2020;40;175,9;1;4,4;0;0;Borsele
Boxmeer;756;Boxmeer;29365;18-11-2020;1-12-2020;102;347,4;0;0;0;0;Boxmeer
Boxtel;757;Boxtel;30801;18-11-2020;1-12-2020;139;451,3;1;3,2;1;3,2;Boxtel
Breda;758;Breda;184069;18-11-2020;1-12-2020;616;334,7;2;1,1;0;0;Breda
Brielle;501;Brielle;17271;18-11-2020;1-12-2020;47;272,1;1;5,8;0;0;Brielle
Bronckhorst;1876;Bronckhorst;36055;18-11-2020;1-12-2020;116;321,7;0;0;0;0;Bronckhorst
Brummen;213;Brummen;20726;18-11-2020;1-12-2020;33;159,2;0;0;0;0;Brummen
Brunssum;899;Brunssum;27821;18-11-2020;1-12-2020;59;212,1;1;3,6;0;0;Brunssum
Bunnik;312;Bunnik;15191;18-11-2020;1-12-2020;66;434,5;1;6,6;0;0;Bunnik
Bunschoten;313;Bunschoten;21866;18-11-2020;1-12-2020;269;1230,2;4;18,3;1;4,6;Bunschoten
Buren;214;Buren;26749;18-11-2020;1-12-2020;86;321,5;3;11,2;0;0;Buren
Capelle aan den IJssel;502;Capelle aan den IJssel;67122;18-11-2020;1-12-2020;259;385,9;3;4,5;5;7,4;Capelle aan den IJssel
Castricum;383;Castricum;35986;18-11-2020;1-12-2020;145;402,9;0;0;1;2,8;Castricum
Coevorden;109;Coevorden;35297;18-11-2020;1-12-2020;100;283,3;1;2,8;0;0;Coevorden
Cranendonck;1706;Cranendonck;21138;18-11-2020;1-12-2020;113;534,6;0;0;0;0;Cranendonck
Cuijk;1684;Cuijk;25130;18-11-2020;1-12-2020;95;378;0;0;0;0;Cuijk
Culemborg;216;Culemborg;28955;18-11-2020;1-12-2020;127;438,6;2;6,9;0;0;Culemborg
Dalfsen;148;Dalfsen;28587;18-11-2020;1-12-2020;53;185,4;0;0;0;0;Dalfsen
Dantumadiel;1891;Dantumadiel;18922;18-11-2020;1-12-2020;31;163,8;0;0;0;0;Dantumadiel
De Bilt;310;De Bilt;43137;18-11-2020;1-12-2020;127;294,4;1;2,3;3;7;De Bilt
De Fryske Marren;1940;De Fryske Marren;51564;18-11-2020;1-12-2020;75;145,5;0;0;1;1,9;De Fryske Marren
De Ronde Venen;736;De Ronde Venen;44456;18-11-2020;1-12-2020;175;393,6;5;11,2;2;4,5;De Ronde Venen
De Wolden;1690;De Wolden;24330;18-11-2020;1-12-2020;58;238,4;0;0;0;0;De Wolden
Delft;503;Delft;103595;18-11-2020;1-12-2020;343;331,1;3;2,9;8;7,7;Delft
Delfzijl;10;Delfzijl;24678;18-11-2020;1-12-2020;56;226,9;0;0;0;0;Delfzijl
Den Helder;400;Den Helder;56296;18-11-2020;1-12-2020;144;255,8;0;0;1;1,8;Den Helder
Deurne;762;Deurne;32471;18-11-2020;1-12-2020;118;363,4;0;0;1;3,1;Deurne
Deventer;150;Deventer;100719;18-11-2020;1-12-2020;375;372,3;1;1;1;1;Deventer
Diemen;384;Diemen;30780;18-11-2020;1-12-2020;155;503,6;2;6,5;1;3,2;Diemen
Dinkelland;1774;Dinkelland;26461;18-11-2020;1-12-2020;166;627,3;1;3,8;1;3,8;Dinkelland
Doesburg;221;Doesburg;11077;18-11-2020;1-12-2020;22;198,6;0;0;0;0;Doesburg
Doetinchem;222;Doetinchem;58001;18-11-2020;1-12-2020;163;281;2;3,4;0;0;Doetinchem
Dongen;766;Dongen;26222;18-11-2020;1-12-2020;161;614;1;3,8;1;3,8;Dongen
Dordrecht;505;Dordrecht;119284;18-11-2020;1-12-2020;568;476,2;4;3,4;10;8,4;Dordrecht
Drechterland;498;Drechterland;19719;18-11-2020;1-12-2020;46;233,3;0;0;0;0;Drechterland
Drimmelen;1719;Drimmelen;27272;18-11-2020;1-12-2020;84;308;1;3,7;1;3,7;Drimmelen
Dronten;303;Dronten;41555;18-11-2020;1-12-2020;166;399,5;1;2,4;0;0;Dronten
Druten;225;Druten;18926;18-11-2020;1-12-2020;51;269,5;0;0;1;5,3;Druten
Duiven;226;Duiven;25126;18-11-2020;1-12-2020;157;624,9;0;0;0;0;Duiven
Echt-Susteren;1711;Echt-Susteren;31610;18-11-2020;1-12-2020;63;199,3;0;0;0;0;Echt-Susteren
Edam-Volendam;385;Edam-Volendam;36197;18-11-2020;1-12-2020;82;226,5;4;11,1;0;0;Edam-Volendam
Ede;228;Ede;117165;18-11-2020;1-12-2020;518;442,1;2;1,7;5;4,3;Ede
Eemnes;317;Eemnes;9247;18-11-2020;1-12-2020;26;281,2;0;0;0;0;Eemnes
Eersel;770;Eersel;19313;18-11-2020;1-12-2020;122;631,7;0;0;1;5,2;Eersel
Eijsden-Margraten;1903;Eijsden-Margraten;25768;18-11-2020;1-12-2020;80;310,5;0;0;1;3,9;Eijsden-Margraten
Eindhoven;772;Eindhoven;234394;18-11-2020;1-12-2020;863;368,2;7;3;7;3;Eindhoven
Elburg;230;Elburg;23161;18-11-2020;1-12-2020;108;466,3;1;4,3;1;4,3;Elburg
Emmen;114;Emmen;107048;18-11-2020;1-12-2020;296;276,5;2;1,9;5;4,7;Emmen
Enkhuizen;388;Enkhuizen;18591;18-11-2020;1-12-2020;69;371,1;0;0;0;0;Enkhuizen
Enschede;153;Enschede;159640;18-11-2020;1-12-2020;684;428,5;6;3,8;7;4,4;Enschede
Epe;232;Epe;33178;18-11-2020;1-12-2020;75;226,1;0;0;1;3;Epe
Ermelo;233;Ermelo;27008;18-11-2020;1-12-2020;118;436,9;0;0;1;3,7;Ermelo
Etten-Leur;777;Etten-Leur;43878;18-11-2020;1-12-2020;138;314,5;1;2,3;0;0;Etten-Leur
Geertruidenberg;779;Geertruidenberg;21544;18-11-2020;1-12-2020;104;482,7;0;0;0;0;Geertruidenberg
Geldrop-Mierlo;1771;Geldrop-Mierlo;39726;18-11-2020;1-12-2020;172;433;0;0;0;0;Geldrop-Mierlo
Gemert-Bakel;1652;Gemert-Bakel;30723;18-11-2020;1-12-2020;69;224,6;0;0;0;0;Gemert-Bakel
Gennep;907;Gennep;16921;18-11-2020;1-12-2020;83;490,5;0;0;0;0;Gennep
Gilze en Rijen;784;Gilze en Rijen;26431;18-11-2020;1-12-2020;163;616,7;1;3,8;0;0;Gilze en Rijen
Goeree-Overflakkee;1924;Goeree-Overflakkee;50049;18-11-2020;1-12-2020;163;325,7;0;0;1;2;Goeree-Overflakkee
Goes;664;Goes;38082;18-11-2020;1-12-2020;57;149,7;1;2,6;0;0;Goes
Goirle;785;Goirle;23904;18-11-2020;1-12-2020;103;430,9;0;0;0;0;Goirle
Gooise Meren;1942;Gooise Meren;58055;18-11-2020;1-12-2020;170;292,8;2;3,4;1;1,7;Gooise Meren
Gorinchem;512;Gorinchem;37022;18-11-2020;1-12-2020;184;497;0;0;0;0;Gorinchem
Gouda;513;Gouda;73427;18-11-2020;1-12-2020;438;596,5;10;13,6;7;9,5;Gouda
Grave;786;Grave;12436;18-11-2020;1-12-2020;46;369,9;0;0;2;16,1;Grave
Groningen;14;Groningen;232874;18-11-2020;1-12-2020;316;135,7;2;0,9;1;0,4;Groningen
Gulpen-Wittem;1729;Gulpen-Wittem;14171;18-11-2020;1-12-2020;42;296,4;0;0;0;0;Gulpen-Wittem
Haaksbergen;158;Haaksbergen;24311;18-11-2020;1-12-2020;117;481,3;1;4,1;3;12,3;Haaksbergen
Haaren;788;Haaren;14370;18-11-2020;1-12-2020;73;508;0;0;1;7;Haaren
Haarlem;392;Haarlem;162902;18-11-2020;1-12-2020;504;309,4;6;3,7;9;5,5;Haarlem
Haarlemmermeer;394;Haarlemmermeer;156002;18-11-2020;1-12-2020;573;367,3;3;1,9;2;1,3;Haarlemmermeer
Halderberge;1655;Halderberge;30284;18-11-2020;1-12-2020;120;396,2;0;0;0;0;Halderberge
Hardenberg;160;Hardenberg;60948;18-11-2020;1-12-2020;147;241,2;4;6,6;1;1,6;Hardenberg
Harderwijk;243;Harderwijk;48414;18-11-2020;1-12-2020;151;311,9;1;2,1;0;0;Harderwijk
Hardinxveld-Giessendam;523;Hardinxveld-Giessendam;18295;18-11-2020;1-12-2020;92;502,9;0;0;0;0;Hardinxveld-Giessendam
Harlingen;72;Harlingen;15722;18-11-2020;1-12-2020;23;146,3;0;0;0;0;Harlingen
Hattem;244;Hattem;12209;18-11-2020;1-12-2020;35;286,7;0;0;0;0;Hattem
Heemskerk;396;Heemskerk;39182;18-11-2020;1-12-2020;174;444,1;2;5,1;1;2,6;Heemskerk
Heemstede;397;Heemstede;27234;18-11-2020;1-12-2020;96;352,5;1;3,7;1;3,7;Heemstede
Heerde;246;Heerde;18589;18-11-2020;1-12-2020;14;75,3;0;0;0;0;Heerde
Heerenveen;74;Heerenveen;50493;18-11-2020;1-12-2020;64;126,8;0;0;1;2;Heerenveen
Heerhugowaard;398;Heerhugowaard;57587;18-11-2020;1-12-2020;166;288,3;0;0;1;1,7;Heerhugowaard
Heerlen;917;Heerlen;87086;18-11-2020;1-12-2020;217;249,2;0;0;2;2,3;Heerlen
Heeze-Leende;1658;Heeze-Leende;16152;18-11-2020;1-12-2020;56;346,7;0;0;0;0;Heeze-Leende
Heiloo;399;Heiloo;23968;18-11-2020;1-12-2020;77;321,3;1;4,2;0;0;Heiloo
Hellendoorn;163;Hellendoorn;35916;18-11-2020;1-12-2020;170;473,3;0;0;0;0;Hellendoorn
Hellevoetsluis;530;Hellevoetsluis;40142;18-11-2020;1-12-2020;116;289;2;5;2;5;Hellevoetsluis
Helmond;794;Helmond;92423;18-11-2020;1-12-2020;325;351,6;2;2,2;0;0;Helmond
Hendrik-Ido-Ambacht;531;Hendrik-Ido-Ambacht;31202;18-11-2020;1-12-2020;106;339,7;0;0;0;0;Hendrik-Ido-Ambacht
Hengelo;164;Hengelo;81140;18-11-2020;1-12-2020;307;378,4;2;2,5;2;2,5;Hengelo
Het Hogeland;1966;Het Hogeland;47801;18-11-2020;1-12-2020;92;192,5;0;0;0;0;Het Hogeland
Heumen;252;Heumen;16454;18-11-2020;1-12-2020;47;285,6;0;0;0;0;Heumen
Heusden;797;Heusden;44692;18-11-2020;1-12-2020;256;572,8;2;4,5;5;11,2;Heusden
Hillegom;534;Hillegom;22209;18-11-2020;1-12-2020;67;301,7;0;0;0;0;Hillegom
Hilvarenbeek;798;Hilvarenbeek;15518;18-11-2020;1-12-2020;42;270,7;0;0;0;0;Hilvarenbeek
Hilversum;402;Hilversum;90831;18-11-2020;1-12-2020;241;265,3;0;0;4;4,4;Hilversum
Hoeksche Waard;1963;Hoeksche Waard;87401;18-11-2020;1-12-2020;291;332,9;0;0;1;1,1;Hoeksche Waard
Hof van Twente;1735;Hof van Twente;35017;18-11-2020;1-12-2020;166;474,1;2;5,7;4;11,4;Hof van Twente
Hollands Kroon;1911;Hollands Kroon;48432;18-11-2020;1-12-2020;117;241,6;0;0;1;2,1;Hollands Kroon
Hoogeveen;118;Hoogeveen;55699;18-11-2020;1-12-2020;100;179,5;1;1,8;0;0;Hoogeveen
Hoorn;405;Hoorn;73261;18-11-2020;1-12-2020;245;334,4;1;1,4;0;0;Hoorn
Horst aan de Maas;1507;Horst aan de Maas;42429;18-11-2020;1-12-2020;209;492,6;1;2,4;4;9,4;Horst aan de Maas
Houten;321;Houten;50146;18-11-2020;1-12-2020;162;323,1;2;4;2;4;Houten
Huizen;406;Huizen;41273;18-11-2020;1-12-2020;142;344,1;1;2,4;0;0;Huizen
Hulst;677;Hulst;27556;18-11-2020;1-12-2020;101;366,5;1;3,6;2;7,3;Hulst
IJsselstein;353;IJsselstein;34109;18-11-2020;1-12-2020;138;404,6;1;2,9;0;0;IJsselstein
Kaag en Braassem;1884;Kaag en Braassem;27297;18-11-2020;1-12-2020;99;362,7;1;3,7;0;0;Kaag en Braassem
Kampen;166;Kampen;54319;18-11-2020;1-12-2020;175;322,2;2;3,7;1;1,8;Kampen
Kapelle;678;Kapelle;12695;18-11-2020;1-12-2020;14;110,3;0;0;0;0;Kapelle
Katwijk;537;Katwijk;65753;18-11-2020;1-12-2020;279;424,3;1;1,5;1;1,5;Katwijk
Kerkrade;928;Kerkrade;45749;18-11-2020;1-12-2020;71;155,2;0;0;1;2,2;Kerkrade
Koggenland;1598;Koggenland;22749;18-11-2020;1-12-2020;100;439,6;0;0;1;4,4;Koggenland
Krimpen aan den IJssel;542;Krimpen aan den IJssel;29526;18-11-2020;1-12-2020;123;416,6;0;0;1;3,4;Krimpen aan den IJssel
Krimpenerwaard;1931;Krimpenerwaard;56319;18-11-2020;1-12-2020;229;406,6;4;7,1;4;7,1;Krimpenerwaard
Laarbeek;1659;Laarbeek;22523;18-11-2020;1-12-2020;114;506,1;0;0;0;0;Laarbeek
Landerd;1685;Landerd;15730;18-11-2020;1-12-2020;74;470,4;1;6,4;1;6,4;Landerd
Landgraaf;882;Landgraaf;37445;18-11-2020;1-12-2020;107;285,8;0;0;2;5,3;Landgraaf
Landsmeer;415;Landsmeer;11491;18-11-2020;1-12-2020;37;322;0;0;0;0;Landsmeer
Langedijk;416;Langedijk;28163;18-11-2020;1-12-2020;91;323,1;1;3,6;0;0;Langedijk
Lansingerland;1621;Lansingerland;62384;18-11-2020;1-12-2020;228;365,5;1;1,6;2;3,2;Lansingerland
Laren;417;Laren;11280;18-11-2020;1-12-2020;32;283,7;0;0;1;8,9;Laren
Leeuwarden;80;Leeuwarden;124084;18-11-2020;1-12-2020;199;160,4;3;2,4;0;0;Leeuwarden
Leiden;546;Leiden;125099;18-11-2020;1-12-2020;406;324,5;5;4;2;1,6;Leiden
Leiderdorp;547;Leiderdorp;27056;18-11-2020;1-12-2020;95;351,1;0;0;0;0;Leiderdorp
Leidschendam-Voorburg;1916;Leidschendam-Voorburg;76534;18-11-2020;1-12-2020;253;330,6;7;9,1;7;9,1;Leidschendam-Voorburg
Lelystad;995;Lelystad;78598;18-11-2020;1-12-2020;262;333,3;0;0;3;3,8;Lelystad
Leudal;1640;Leudal;35879;18-11-2020;1-12-2020;132;367,9;0;0;1;2,8;Leudal
Leusden;327;Leusden;30401;18-11-2020;1-12-2020;98;322,4;0;0;0;0;Leusden
Lingewaard;1705;Lingewaard;46601;18-11-2020;1-12-2020;176;377,7;2;4,3;0;0;Lingewaard
Lisse;553;Lisse;22955;18-11-2020;1-12-2020;67;291,9;1;4,4;0;0;Lisse
Lochem;262;Lochem;33729;18-11-2020;1-12-2020;101;299,4;0;0;3;8,9;Lochem
Loon op Zand;809;Loon op Zand;23408;18-11-2020;1-12-2020;125;534;1;4,3;2;8,5;Loon op Zand
Lopik;331;Lopik;14467;18-11-2020;1-12-2020;50;345,6;0;0;0;0;Lopik
Loppersum;24;Loppersum;9537;18-11-2020;1-12-2020;16;167,8;0;0;0;0;Loppersum
Losser;168;Losser;22683;18-11-2020;1-12-2020;153;674,5;1;4,4;1;4,4;Losser
Maasdriel;263;Maasdriel;25030;18-11-2020;1-12-2020;121;483,4;0;0;2;8;Maasdriel
Maasgouw;1641;Maasgouw;23965;18-11-2020;1-12-2020;57;237,8;0;0;0;0;Maasgouw
Maassluis;556;Maassluis;33213;18-11-2020;1-12-2020;143;430,6;1;3;0;0;Maassluis
Maastricht;935;Maastricht;121575;18-11-2020;1-12-2020;409;336,4;4;3,3;0;0;Maastricht
Medemblik;420;Medemblik;45101;18-11-2020;1-12-2020;133;294,9;0;0;0;0;Medemblik
Meerssen;938;Meerssen;18828;18-11-2020;1-12-2020;64;339,9;0;0;0;0;Meerssen
Meierijstad;1948;Meierijstad;81194;18-11-2020;1-12-2020;288;354,7;0;0;0;0;Meierijstad
Meppel;119;Meppel;33920;18-11-2020;1-12-2020;83;244,7;0;0;0;0;Meppel
Middelburg;687;Middelburg;48822;18-11-2020;1-12-2020;72;147,5;0;0;1;2;Middelburg
Midden-Delfland;1842;Midden-Delfland;19341;18-11-2020;1-12-2020;99;511,9;0;0;1;5,2;Midden-Delfland
Midden-Drenthe;1731;Midden-Drenthe;33185;18-11-2020;1-12-2020;54;162,7;0;0;1;3;Midden-Drenthe
Midden-Groningen;1952;Midden-Groningen;60797;18-11-2020;1-12-2020;180;296,1;2;3,3;3;4,9;Midden-Groningen
Mill en Sint Hubert;815;Mill en Sint Hubert;10939;18-11-2020;1-12-2020;31;283,4;0;0;0;0;Mill en Sint Hubert
Moerdijk;1709;Moerdijk;37129;18-11-2020;1-12-2020;117;315,1;1;2,7;0;0;Moerdijk
Molenlanden;1978;Molenlanden;43909;18-11-2020;1-12-2020;219;498,8;0;0;0;0;Molenlanden
Montferland;1955;Montferland;36011;18-11-2020;1-12-2020;84;233,3;0;0;0;0;Montferland
Montfoort;335;Montfoort;13917;18-11-2020;1-12-2020;58;416,8;0;0;0;0;Montfoort
Mook en Middelaar;944;Mook en Middelaar;7847;18-11-2020;1-12-2020;18;229,4;0;0;1;12,7;Mook en Middelaar
Neder-Betuwe;1740;Neder-Betuwe;24339;18-11-2020;1-12-2020;187;768,3;1;4,1;2;8,2;Neder-Betuwe
Nederweert;946;Nederweert;17019;18-11-2020;1-12-2020;95;558,2;0;0;1;5,9;Nederweert
Nieuwegein;356;Nieuwegein;63462;18-11-2020;1-12-2020;212;334,1;2;3,2;0;0;Nieuwegein
Nieuwkoop;569;Nieuwkoop;28811;18-11-2020;1-12-2020;139;482,5;0;0;0;0;Nieuwkoop
Nijkerk;267;Nijkerk;43171;18-11-2020;1-12-2020;184;426,2;1;2,3;0;0;Nijkerk
Nijmegen;268;Nijmegen;177659;18-11-2020;1-12-2020;467;262,9;3;1,7;6;3,4;Nijmegen
Nissewaard;1930;Nissewaard;85219;18-11-2020;1-12-2020;395;463,5;2;2,3;7;8,2;Nissewaard
Noardeast-Fryslan;1970;Noardeast-Fryslan;45228;18-11-2020;1-12-2020;87;192,4;1;2,2;2;4,4;Noardeast-Fryslan
Noord-Beveland;1695;Noord-Beveland;7392;18-11-2020;1-12-2020;5;67,6;2;27,1;0;0;Noord-Beveland
Noordenveld;1699;Noordenveld;31253;18-11-2020;1-12-2020;36;115,2;0;0;0;0;Noordenveld
Noordoostpolder;171;Noordoostpolder;47291;18-11-2020;1-12-2020;276;583,6;1;2,1;4;8,5;Noordoostpolder
Noordwijk;575;Noordwijk;43508;18-11-2020;1-12-2020;150;344,8;1;2,3;0;0;Noordwijk
Nuenen, Gerwen en Nederwetten;820;Nuenen, Gerwen en Nederwetten;23383;18-11-2020;1-12-2020;94;402;0;0;1;4,3;Nuenen, Gerwen en Nederwetten
Nunspeet;302;Nunspeet;27851;18-11-2020;1-12-2020;110;395;0;0;0;0;Nunspeet
Oegstgeest;579;Oegstgeest;24840;18-11-2020;1-12-2020;110;442,8;1;4;3;12,1;Oegstgeest
Oirschot;823;Oirschot;18714;18-11-2020;1-12-2020;75;400,8;0;0;1;5,3;Oirschot
Oisterwijk;824;Oisterwijk;26245;18-11-2020;1-12-2020;143;544,9;0;0;0;0;Oisterwijk
Oldambt;1895;Oldambt;38209;18-11-2020;1-12-2020;67;175,4;0;0;1;2,6;Oldambt
Oldebroek;269;Oldebroek;23646;18-11-2020;1-12-2020;57;241,1;0;0;0;0;Oldebroek
Oldenzaal;173;Oldenzaal;31836;18-11-2020;1-12-2020;158;496,3;3;9,4;6;18,8;Oldenzaal
Olst-Wijhe;1773;Olst-Wijhe;18252;18-11-2020;1-12-2020;26;142,5;0;0;0;0;Olst-Wijhe
Ommen;175;Ommen;18009;18-11-2020;1-12-2020;32;177,7;0;0;1;5,6;Ommen
Oost Gelre;1586;Oost Gelre;29627;18-11-2020;1-12-2020;71;239,6;1;3,4;4;13,5;Oost Gelre
Oosterhout;826;Oosterhout;55982;18-11-2020;1-12-2020;230;410,8;0;0;1;1,8;Oosterhout
Ooststellingwerf;85;Ooststellingwerf;25469;18-11-2020;1-12-2020;83;325,9;1;3,9;0;0;Ooststellingwerf
Oostzaan;431;Oostzaan;9735;18-11-2020;1-12-2020;33;339;0;0;0;0;Oostzaan
Opmeer;432;Opmeer;11836;18-11-2020;1-12-2020;48;405,5;0;0;0;0;Opmeer
Opsterland;86;Opsterland;29733;18-11-2020;1-12-2020;56;188,3;0;0;0;0;Opsterland
Oss;828;Oss;91915;18-11-2020;1-12-2020;257;279,6;0;0;4;4,4;Oss
Oude IJsselstreek;1509;Oude IJsselstreek;39388;18-11-2020;1-12-2020;153;388,4;2;5,1;2;5,1;Oude IJsselstreek
Ouder-Amstel;437;Ouder-Amstel;14026;18-11-2020;1-12-2020;61;434,9;0;0;0;0;Ouder-Amstel
Oudewater;589;Oudewater;10230;18-11-2020;1-12-2020;43;420,3;0;0;0;0;Oudewater
Overbetuwe;1734;Overbetuwe;47906;18-11-2020;1-12-2020;143;298,5;0;0;0;0;Overbetuwe
Papendrecht;590;Papendrecht;32136;18-11-2020;1-12-2020;112;348,5;1;3,1;2;6,2;Papendrecht
Peel en Maas;1894;Peel en Maas;43425;18-11-2020;1-12-2020;108;248,7;1;2,3;0;0;Peel en Maas
Pekela;765;Pekela;12196;18-11-2020;1-12-2020;9;73,8;0;0;0;0;Pekela
Pijnacker-Nootdorp;1926;Pijnacker-Nootdorp;55308;18-11-2020;1-12-2020;220;397,8;0;0;2;3,6;Pijnacker-Nootdorp
Purmerend;439;Purmerend;81249;18-11-2020;1-12-2020;206;253,5;0;0;2;2,5;Purmerend
Putten;273;Putten;24112;18-11-2020;1-12-2020;139;576,5;0;0;2;8,3;Putten
Raalte;177;Raalte;37712;18-11-2020;1-12-2020;124;328,8;0;0;0;0;Raalte
Reimerswaal;703;Reimerswaal;22730;18-11-2020;1-12-2020;80;352;1;4,4;0;0;Reimerswaal
Renkum;274;Renkum;31419;18-11-2020;1-12-2020;88;280,1;0;0;0;0;Renkum
Renswoude;339;Renswoude;5444;18-11-2020;1-12-2020;15;275,5;0;0;0;0;Renswoude
Reusel-De Mierden;1667;Reusel-De Mierden;13112;18-11-2020;1-12-2020;39;297,4;0;0;1;7,6;Reusel-De Mierden
Rheden;275;Rheden;43761;18-11-2020;1-12-2020;143;326,8;0;0;0;0;Rheden
Rhenen;340;Rhenen;20119;18-11-2020;1-12-2020;111;551,7;0;0;0;0;Rhenen
Ridderkerk;597;Ridderkerk;46189;18-11-2020;1-12-2020;198;428,7;1;2,2;5;10,8;Ridderkerk
Rijssen-Holten;1742;Rijssen-Holten;38177;18-11-2020;1-12-2020;167;437,4;1;2,6;0;0;Rijssen-Holten
Rijswijk;603;Rijswijk;54450;18-11-2020;1-12-2020;170;312,2;3;5,5;2;3,7;Rijswijk
Roerdalen;1669;Roerdalen;20574;18-11-2020;1-12-2020;60;291,6;0;0;0;0;Roerdalen
Roermond;957;Roermond;58260;18-11-2020;1-12-2020;213;365,6;0;0;2;3,4;Roermond
Roosendaal;1674;Roosendaal;77251;18-11-2020;1-12-2020;381;493,2;5;6,5;1;1,3;Roosendaal
Rotterdam;599;Rotterdam;651157;18-11-2020;1-12-2020;2768;425,1;35;5,4;22;3,4;Rotterdam
Rozendaal;277;Rozendaal;1704;18-11-2020;1-12-2020;10;586,9;0;0;0;0;Rozendaal
Rucphen;840;Rucphen;22878;18-11-2020;1-12-2020;82;358,4;2;8,7;0;0;Rucphen
Schagen;441;Schagen;46483;18-11-2020;1-12-2020;225;484;1;2,2;0;0;Schagen
Scherpenzeel;279;Scherpenzeel;9880;18-11-2020;1-12-2020;46;465,6;0;0;0;0;Scherpenzeel
Schiedam;606;Schiedam;78730;18-11-2020;1-12-2020;446;566,5;10;12,7;1;1,3;Schiedam
Schiermonnikoog;88;Schiermonnikoog;947;18-11-2020;1-12-2020;0;0;0;0;0;0;Schiermonnikoog
Schouwen-Duiveland;1676;Schouwen-Duiveland;33839;18-11-2020;1-12-2020;43;127,1;0;0;0;0;Schouwen-Duiveland
's-Gravenhage;518;'s-Gravenhage;545838;18-11-2020;1-12-2020;1543;282,7;32;5,9;4;0,7;'s-Gravenhage
's-Hertogenbosch;796;'s-Hertogenbosch;155111;18-11-2020;1-12-2020;690;444,8;3;1,9;4;2,6;'s-Hertogenbosch
Simpelveld;965;Simpelveld;10555;18-11-2020;1-12-2020;28;265,3;0;0;0;0;Simpelveld
Sint Anthonis;1702;Sint Anthonis;11664;18-11-2020;1-12-2020;36;308,6;0;0;0;0;Sint Anthonis
Sint-Michielsgestel;845;Sint-Michielsgestel;29208;18-11-2020;1-12-2020;76;260,2;0;0;1;3,4;Sint-Michielsgestel
Sittard-Geleen;1883;Sittard-Geleen;92429;18-11-2020;1-12-2020;259;280,2;4;4,3;5;5,4;Sittard-Geleen
Sliedrecht;610;Sliedrecht;25220;18-11-2020;1-12-2020;128;507,5;0;0;0;0;Sliedrecht
Sluis;1714;Sluis;23210;18-11-2020;1-12-2020;96;413,6;0;0;0;0;Sluis
Smallingerland;90;Smallingerland;56150;18-11-2020;1-12-2020;76;135,4;1;1,8;1;1,8;Smallingerland
Soest;342;Soest;46606;18-11-2020;1-12-2020;136;291,8;3;6,4;0;0;Soest
Someren;847;Someren;19368;18-11-2020;1-12-2020;120;619,6;1;5,2;0;0;Someren
Son en Breugel;848;Son en Breugel;17322;18-11-2020;1-12-2020;74;427,2;0;0;0;0;Son en Breugel
Stadskanaal;37;Stadskanaal;31686;18-11-2020;1-12-2020;100;315,6;0;0;0;0;Stadskanaal
Staphorst;180;Staphorst;17145;18-11-2020;1-12-2020;73;425,8;0;0;0;0;Staphorst
Stede Broec;532;Stede Broec;21726;18-11-2020;1-12-2020;46;211,7;0;0;0;0;Stede Broec
Steenbergen;851;Steenbergen;24416;18-11-2020;1-12-2020;79;323,6;1;4,1;0;0;Steenbergen
Steenwijkerland;1708;Steenwijkerland;44126;18-11-2020;1-12-2020;92;208,5;0;0;0;0;Steenwijkerland
Stein;971;Stein;25007;18-11-2020;1-12-2020;65;259,9;1;4;0;0;Stein
Stichtse Vecht;1904;Stichtse Vecht;64931;18-11-2020;1-12-2020;316;486,7;3;4,6;2;3,1;Stichtse Vecht
Sudwest-Fryslan;1900;Sudwest-Fryslan;89987;18-11-2020;1-12-2020;318;353,4;2;2,2;7;7,8;Sudwest-Fryslan
Terneuzen;715;Terneuzen;54426;18-11-2020;1-12-2020;250;459,3;2;3,7;1;1,8;Terneuzen
Terschelling;93;Terschelling;4888;18-11-2020;1-12-2020;4;81,8;0;0;0;0;Terschelling
Texel;448;Texel;13575;18-11-2020;1-12-2020;3;22,1;0;0;0;0;Texel
Teylingen;1525;Teylingen;37440;18-11-2020;1-12-2020;149;398;2;5,3;0;0;Teylingen
Tholen;716;Tholen;25757;18-11-2020;1-12-2020;105;407,7;1;3,9;1;3,9;Tholen
Tiel;281;Tiel;42159;18-11-2020;1-12-2020;136;322,6;1;2,4;2;4,7;Tiel
Tilburg;855;Tilburg;219789;18-11-2020;1-12-2020;1100;500,5;2;0,9;12;5,5;Tilburg
Tubbergen;183;Tubbergen;21275;18-11-2020;1-12-2020;145;681,6;0;0;1;4,7;Tubbergen
Twenterand;1700;Twenterand;33743;18-11-2020;1-12-2020;150;444,5;1;3;0;0;Twenterand
Tynaarlo;1730;Tynaarlo;33887;18-11-2020;1-12-2020;36;106,2;0;0;3;8,9;Tynaarlo
Tytsjerksteradiel;737;Tytsjerksteradiel;32052;18-11-2020;1-12-2020;44;137,3;0;0;0;0;Tytsjerksteradiel
Uden;856;Uden;42119;18-11-2020;1-12-2020;156;370,4;1;2,4;1;2,4;Uden
Uitgeest;450;Uitgeest;13666;18-11-2020;1-12-2020;59;431,7;0;0;0;0;Uitgeest
Uithoorn;451;Uithoorn;29478;18-11-2020;1-12-2020;125;424;2;6,8;1;3,4;Uithoorn
Urk;184;Urk;21031;18-11-2020;1-12-2020;499;2372,7;4;19;4;19;Urk
Utrecht;344;Utrecht;357597;18-11-2020;1-12-2020;1195;334,2;17;4,8;5;1,4;Utrecht
Utrechtse Heuvelrug;1581;Utrechtse Heuvelrug;49580;18-11-2020;1-12-2020;142;286,4;2;4;0;0;Utrechtse Heuvelrug
Vaals;981;Vaals;10105;18-11-2020;1-12-2020;32;316,7;1;9,9;0;0;Vaals
Valkenburg aan de Geul;994;Valkenburg aan de Geul;16367;18-11-2020;1-12-2020;60;366,6;0;0;1;6,1;Valkenburg aan de Geul
Valkenswaard;858;Valkenswaard;31193;18-11-2020;1-12-2020;119;381,5;0;0;1;3,2;Valkenswaard
Veendam;47;Veendam;27384;18-11-2020;1-12-2020;39;142,4;0;0;0;0;Veendam
Veenendaal;345;Veenendaal;66493;18-11-2020;1-12-2020;480;721,9;6;9;2;3;Veenendaal
Veere;717;Veere;21880;18-11-2020;1-12-2020;21;96;1;4,6;0;0;Veere
Veldhoven;861;Veldhoven;45466;18-11-2020;1-12-2020;158;347,5;0;0;3;6,6;Veldhoven
Velsen;453;Velsen;68648;18-11-2020;1-12-2020;279;406,4;2;2,9;3;4,4;Velsen
Venlo;983;Venlo;101802;18-11-2020;1-12-2020;317;311,4;2;2;5;4,9;Venlo
Venray;984;Venray;43614;18-11-2020;1-12-2020;140;321;1;2,3;0;0;Venray
Vijfheerenlanden;1961;Vijfheerenlanden;56811;18-11-2020;1-12-2020;262;461,2;0;0;5;8,8;Vijfheerenlanden
Vlaardingen;622;Vlaardingen;73397;18-11-2020;1-12-2020;313;426,4;4;5,4;5;6,8;Vlaardingen
Vlieland;96;Vlieland;1155;18-11-2020;1-12-2020;1;86,6;0;0;0;0;Vlieland
Vlissingen;718;Vlissingen;44360;18-11-2020;1-12-2020;57;128,5;0;0;1;2,3;Vlissingen
Voerendaal;986;Voerendaal;12475;18-11-2020;1-12-2020;28;224,4;0;0;0;0;Voerendaal
Voorschoten;626;Voorschoten;25596;18-11-2020;1-12-2020;65;253,9;0;0;1;3,9;Voorschoten
Voorst;285;Voorst;24552;18-11-2020;1-12-2020;52;211,8;0;0;0;0;Voorst
Vught;865;Vught;26558;18-11-2020;1-12-2020;162;610;0;0;2;7,5;Vught
Waadhoeke;1949;Waadhoeke;46090;18-11-2020;1-12-2020;71;154;1;2,2;4;8,7;Waadhoeke
Waalre;866;Waalre;17456;18-11-2020;1-12-2020;50;286,4;0;0;1;5,7;Waalre
Waalwijk;867;Waalwijk;48637;18-11-2020;1-12-2020;244;501,7;1;2,1;5;10,3;Waalwijk
Waddinxveen;627;Waddinxveen;29291;18-11-2020;1-12-2020;124;423,3;4;13,7;2;6,8;Waddinxveen
Wageningen;289;Wageningen;39664;18-11-2020;1-12-2020;160;403,4;1;2,5;3;7,6;Wageningen
Wassenaar;629;Wassenaar;26305;18-11-2020;1-12-2020;75;285,1;2;7,6;0;0;Wassenaar
Waterland;852;Waterland;17424;18-11-2020;1-12-2020;42;241;0;0;1;5,7;Waterland
Weert;988;Weert;50105;18-11-2020;1-12-2020;224;447,1;1;2;4;8;Weert
Weesp;457;Weesp;19738;18-11-2020;1-12-2020;64;324,2;0;0;0;0;Weesp
West Betuwe;1960;West Betuwe;51128;18-11-2020;1-12-2020;328;641,5;4;7,8;3;5,9;West Betuwe
West Maas en Waal;668;West Maas en Waal;19324;18-11-2020;1-12-2020;42;217,3;0;0;0;0;West Maas en Waal
Westerkwartier;1969;Westerkwartier;63329;18-11-2020;1-12-2020;93;146,9;1;1,6;0;0;Westerkwartier
Westerveld;1701;Westerveld;19460;18-11-2020;1-12-2020;28;143,9;0;0;0;0;Westerveld
Westervoort;293;Westervoort;14971;18-11-2020;1-12-2020;102;681,3;0;0;0;0;Westervoort
Westerwolde;1950;Westerwolde;25733;18-11-2020;1-12-2020;91;353,6;1;3,9;0;0;Westerwolde
Westland;1783;Westland;110375;18-11-2020;1-12-2020;681;617;6;5,4;10;9,1;Westland
Weststellingwerf;98;Weststellingwerf;25914;18-11-2020;1-12-2020;44;169,8;0;0;0;0;Weststellingwerf
Westvoorne;614;Westvoorne;14731;18-11-2020;1-12-2020;23;156,1;0;0;0;0;Westvoorne
Wierden;189;Wierden;24446;18-11-2020;1-12-2020;171;699,5;1;4,1;2;8,2;Wierden
Wijchen;296;Wijchen;41110;18-11-2020;1-12-2020;129;313,8;0;0;1;2,4;Wijchen
Wijdemeren;1696;Wijdemeren;24358;18-11-2020;1-12-2020;42;172,4;0;0;0;0;Wijdemeren
Wijk bij Duurstede;352;Wijk bij Duurstede;23914;18-11-2020;1-12-2020;103;430,7;0;0;0;0;Wijk bij Duurstede
Winterswijk;294;Winterswijk;28854;18-11-2020;1-12-2020;98;339,6;0;0;1;3,5;Winterswijk
Woensdrecht;873;Woensdrecht;21876;18-11-2020;1-12-2020;82;374,8;0;0;1;4,6;Woensdrecht
Woerden;632;Woerden;52299;18-11-2020;1-12-2020;256;489,5;2;3,8;2;3,8;Woerden
Wormerland;880;Wormerland;16270;18-11-2020;1-12-2020;60;368,8;0;0;0;0;Wormerland
Woudenberg;351;Woudenberg;13362;18-11-2020;1-12-2020;57;426,6;0;0;0;0;Woudenberg
Zaanstad;479;Zaanstad;156794;18-11-2020;1-12-2020;707;450,9;7;4,5;8;5,1;Zaanstad
Zaltbommel;297;Zaltbommel;28881;18-11-2020;1-12-2020;155;536,7;1;3,5;0;0;Zaltbommel
Zandvoort;473;Zandvoort;17116;18-11-2020;1-12-2020;48;280,4;0;0;0;0;Zandvoort
Zeewolde;50;Zeewolde;22653;18-11-2020;1-12-2020;50;220,7;0;0;1;4,4;Zeewolde
Zeist;355;Zeist;64905;18-11-2020;1-12-2020;191;294,3;2;3,1;3;4,6;Zeist
Zevenaar;299;Zevenaar;43750;18-11-2020;1-12-2020;105;240;0;0;1;2,3;Zevenaar
Zoetermeer;637;Zoetermeer;125285;18-11-2020;1-12-2020;577;460,5;4;3,2;3;2,4;Zoetermeer
Zoeterwoude;638;Zoeterwoude;8605;18-11-2020;1-12-2020;45;523;0;0;0;0;Zoeterwoude
Zuidplas;1892;Zuidplas;43885;18-11-2020;1-12-2020;178;405,6;5;11,4;1;2,3;Zuidplas
Zundert;879;Zundert;21829;18-11-2020;1-12-2020;41;187,8;2;9,2;1;4,6;Zundert
Zutphen;301;Zutphen;47934;18-11-2020;1-12-2020;151;315;0;0;0;0;Zutphen
Zwartewaterland;1896;Zwartewaterland;22685;18-11-2020;1-12-2020;83;365,9;1;4,4;1;4,4;Zwartewaterland
Zwijndrecht;642;Zwijndrecht;44737;18-11-2020;1-12-2020;158;353,2;0;0;3;6,7;Zwijndrecht
Zwolle;193;Zwolle;128840;18-11-2020;1-12-2020;250;194;1;0,8;1;0,8;Zwolle
