Gemeente;Gemnr;Gemeente;Bev_2020;van_datum;tot_datum;Totaal_Absoluut;Totaal_inc100000;Zkh_Absoluut;Zkh_inc100000;Overleden_Absoluut;Overleden_inc100000;;;
Aa en Hunze;1680;Aa en Hunze;25445;4-11-2020;2020-11-17;30;117,9;0;0;0;0;;WAAR;Aa en Hunze
Aalsmeer;358;Aalsmeer;31859;4-11-2020;2020-11-17;164;514,8;3;9,4;7;22;;WAAR;Aalsmeer
Aalten;197;Aalten;27121;4-11-2020;2020-11-17;113;416,7;0;0;1;3,7;;WAAR;Aalten
Achtkarspelen;59;Achtkarspelen;27843;4-11-2020;2020-11-17;36;129,3;0;0;0;0;;WAAR;Achtkarspelen
Alblasserdam;482;Alblasserdam;20165;4-11-2020;2020-11-17;150;743,9;0;0;1;5;;WAAR;Alblasserdam
Albrandswaard;613;Albrandswaard;25590;4-11-2020;2020-11-17;130;508;2;7,8;0;0;;WAAR;Albrandswaard
Alkmaar;361;Alkmaar;109436;4-11-2020;2020-11-17;451;412,1;4;3,7;5;4,6;;WAAR;Alkmaar
Almelo;141;Almelo;73107;4-11-2020;2020-11-17;559;764,6;1;1,4;4;5,5;;WAAR;Almelo
Almere;34;Almere;211893;4-11-2020;2020-11-17;883;416,7;3;1,4;4;1,9;;WAAR;Almere
Alphen aan den Rijn;484;Alphen aan den Rijn;111897;4-11-2020;2020-11-17;635;567,5;5;4,5;7;6,3;;WAAR;Alphen aan den Rijn
Alphen-Chaam;1723;Alphen-Chaam;10203;4-11-2020;2020-11-17;72;705,7;0;0;0;0;;WAAR;Alphen-Chaam
Altena;1959;Altena;55967;4-11-2020;2020-11-17;329;587,8;2;3,6;9;16,1;;WAAR;Altena
Ameland;60;Ameland;3716;4-11-2020;2020-11-17;0;0;0;0;0;0;;WAAR;Ameland
Amersfoort;307;Amersfoort;157276;4-11-2020;2020-11-17;643;408,8;5;3,2;10;6,4;;WAAR;Amersfoort
Amstelveen;362;Amstelveen;91675;4-11-2020;2020-11-17;327;356,7;3;3,3;1;1,1;;WAAR;Amstelveen
Amsterdam;363;Amsterdam;872757;4-11-2020;2020-11-17;4194;480,5;50;5,7;33;3,8;;WAAR;Amsterdam
Apeldoorn;200;Apeldoorn;163818;4-11-2020;2020-11-17;477;291,2;1;0,6;2;1,2;;WAAR;Apeldoorn
Appingedam;3;Appingedam;11642;4-11-2020;2020-11-17;10;85,9;0;0;0;0;;WAAR;Appingedam
Arnhem;202;Arnhem;161348;4-11-2020;2020-11-17;650;402,9;6;3,7;12;7,4;;WAAR;Arnhem
Assen;106;Assen;68599;4-11-2020;2020-11-17;102;148,7;2;2,9;1;1,5;;WAAR;Assen
Asten;743;Asten;16721;4-11-2020;2020-11-17;60;358,8;0;0;2;12;;WAAR;Asten
Baarle-Nassau;744;Baarle-Nassau;6859;4-11-2020;2020-11-17;29;422,8;1;14,6;0;0;;WAAR;Baarle-Nassau
Baarn;308;Baarn;24868;4-11-2020;2020-11-17;80;321,7;2;8;1;4;;WAAR;Baarn
Barendrecht;489;Barendrecht;48714;4-11-2020;2020-11-17;176;361,3;3;6,2;3;6,2;;WAAR;Barendrecht
Barneveld;203;Barneveld;59082;4-11-2020;2020-11-17;347;587,3;4;6,8;4;6,8;;WAAR;Barneveld
Beek (L.);888;Beek (L.);15865;4-11-2020;2020-11-17;55;346,7;0;0;0;0;;WAAR;Beek (L.)
Beekdaelen;1954;Beekdaelen;35938;4-11-2020;2020-11-17;93;258,8;1;2,8;0;0;;WAAR;Beekdaelen
Beemster;370;Beemster;10022;4-11-2020;2020-11-17;49;488,9;0;0;0;0;;WAAR;Beemster
Beesel;889;Beesel;13482;4-11-2020;2020-11-17;35;259,6;2;14,8;0;0;;WAAR;Beesel
Berg en Dal;1945;Berg en Dal;34992;4-11-2020;2020-11-17;179;511,5;0;0;3;8,6;;WAAR;Berg en Dal
Bergeijk;1724;Bergeijk;18635;4-11-2020;2020-11-17;67;359,5;0;0;1;5,4;;WAAR;Bergeijk
Bergen (L.);893;Bergen (L.);13085;4-11-2020;2020-11-17;41;313,3;1;7,6;0;0;;WAAR;Bergen (L.)
Bergen (NH.);373;Bergen (NH.);29839;4-11-2020;2020-11-17;57;191;0;0;2;6,7;;WAAR;Bergen (NH.)
Bergen op Zoom;748;Bergen op Zoom;67496;4-11-2020;2020-11-17;465;688,9;2;3;5;7,4;;WAAR;Bergen op Zoom
Berkelland;1859;Berkelland;43747;4-11-2020;2020-11-17;211;482,3;2;4,6;7;16;;WAAR;Berkelland
Bernheze;1721;Bernheze;31240;4-11-2020;2020-11-17;149;477;1;3,2;0;0;;WAAR;Bernheze
Best;753;Best;29988;4-11-2020;2020-11-17;121;403,5;0;0;0;0;;WAAR;Best
Beuningen;209;Beuningen;25890;4-11-2020;2020-11-17;109;421;2;7,7;1;3,9;;WAAR;Beuningen
Beverwijk;375;Beverwijk;41626;4-11-2020;2020-11-17;199;478,1;1;2,4;0;0;;WAAR;Beverwijk
Bladel;1728;Bladel;20390;4-11-2020;2020-11-17;137;671,9;0;0;1;4,9;;WAAR;Bladel
Blaricum;376;Blaricum;11540;4-11-2020;2020-11-17;55;476,6;0;0;0;0;;WAAR;Blaricum
Bloemendaal;377;Bloemendaal;23571;4-11-2020;2020-11-17;65;275,8;0;0;0;0;;WAAR;Bloemendaal
Bodegraven-Reeuwijk;1901;Bodegraven-Reeuwijk;34872;4-11-2020;2020-11-17;171;490,4;6;17,2;0;0;;WAAR;Bodegraven-Reeuwijk
Boekel;755;Boekel;10785;4-11-2020;2020-11-17;23;213,3;0;0;0;0;;WAAR;Boekel
Borger-Odoorn;1681;Borger-Odoorn;25559;4-11-2020;2020-11-17;48;187,8;0;0;1;3,9;;WAAR;Borger-Odoorn
Borne;147;Borne;23312;4-11-2020;2020-11-17;88;377,5;0;0;0;0;;WAAR;Borne
Borsele;654;Borsele;22739;4-11-2020;2020-11-17;44;193,5;0;0;0;0;;WAAR;Borsele
Boxmeer;756;Boxmeer;29365;4-11-2020;2020-11-17;110;374,6;0;0;2;6,8;;WAAR;Boxmeer
Boxtel;757;Boxtel;30801;4-11-2020;2020-11-17;117;379,9;0;0;1;3,2;;WAAR;Boxtel
Breda;758;Breda;184069;4-11-2020;2020-11-17;713;387,4;6;3,3;14;7,6;;WAAR;Breda
Brielle;501;Brielle;17271;4-11-2020;2020-11-17;68;393,7;0;0;1;5,8;;WAAR;Brielle
Bronckhorst;1876;Bronckhorst;36055;4-11-2020;2020-11-17;123;341,1;0;0;0;0;;WAAR;Bronckhorst
Brummen;213;Brummen;20726;4-11-2020;2020-11-17;76;366,7;2;9,6;0;0;;WAAR;Brummen
Brunssum;899;Brunssum;27821;4-11-2020;2020-11-17;74;266;1;3,6;0;0;;WAAR;Brunssum
Bunnik;312;Bunnik;15191;4-11-2020;2020-11-17;55;362,1;0;0;2;13,2;;WAAR;Bunnik
Bunschoten;313;Bunschoten;21866;4-11-2020;2020-11-17;186;850,6;2;9,1;3;13,7;;WAAR;Bunschoten
Buren;214;Buren;26749;4-11-2020;2020-11-17;99;370,1;0;0;2;7,5;;WAAR;Buren
Capelle aan den IJssel;502;Capelle aan den IJssel;67122;4-11-2020;2020-11-17;320;476,7;3;4,5;1;1,5;;WAAR;Capelle aan den IJssel
Castricum;383;Castricum;35986;4-11-2020;2020-11-17;111;308,5;0;0;0;0;;WAAR;Castricum
Coevorden;109;Coevorden;35297;4-11-2020;2020-11-17;96;272;0;0;3;8,5;;WAAR;Coevorden
Cranendonck;1706;Cranendonck;21138;4-11-2020;2020-11-17;111;525,1;0;0;0;0;;WAAR;Cranendonck
Cuijk;1684;Cuijk;25130;4-11-2020;2020-11-17;102;405,9;1;4;1;4;;WAAR;Cuijk
Culemborg;216;Culemborg;28955;4-11-2020;2020-11-17;103;355,7;1;3,5;1;3,5;;WAAR;Culemborg
Dalfsen;148;Dalfsen;28587;4-11-2020;2020-11-17;103;360,3;0;0;0;0;;WAAR;Dalfsen
Dantumadiel;1891;Dantumadiel;18922;4-11-2020;2020-11-17;35;185;0;0;0;0;;WAAR;Dantumadiel
De Bilt;310;De Bilt;43137;4-11-2020;2020-11-17;198;459;1;2,3;2;4,6;;WAAR;De Bilt
De Fryske Marren;1940;De Fryske Marren;51564;4-11-2020;2020-11-17;61;118,3;0;0;0;0;;WAAR;De Fryske Marren
De Ronde Venen;736;De Ronde Venen;44456;4-11-2020;2020-11-17;190;427,4;0;0;1;2,2;;WAAR;De Ronde Venen
De Wolden;1690;De Wolden;24330;4-11-2020;2020-11-17;58;238,4;0;0;0;0;;WAAR;De Wolden
Delft;503;Delft;103595;4-11-2020;2020-11-17;497;479,8;2;1,9;3;2,9;;WAAR;Delft
Delfzijl;10;Delfzijl;24678;4-11-2020;2020-11-17;17;68,9;1;4,1;0;0;;WAAR;Delfzijl
Den Helder;400;Den Helder;56296;4-11-2020;2020-11-17;124;220,3;1;1,8;2;3,6;;WAAR;Den Helder
Deurne;762;Deurne;32471;4-11-2020;2020-11-17;141;434,2;1;3,1;0;0;;WAAR;Deurne
Deventer;150;Deventer;100719;4-11-2020;2020-11-17;277;275;1;1;3;3;;WAAR;Deventer
Diemen;384;Diemen;30780;4-11-2020;2020-11-17;147;477,6;1;3,2;0;0;;WAAR;Diemen
Dinkelland;1774;Dinkelland;26461;4-11-2020;2020-11-17;143;540,4;0;0;4;15,1;;WAAR;Dinkelland
Doesburg;221;Doesburg;11077;4-11-2020;2020-11-17;27;243,7;0;0;0;0;;WAAR;Doesburg
Doetinchem;222;Doetinchem;58001;4-11-2020;2020-11-17;187;322,4;3;5,2;0;0;;WAAR;Doetinchem
Dongen;766;Dongen;26222;4-11-2020;2020-11-17;172;655,9;3;11,4;2;7,6;;WAAR;Dongen
Dordrecht;505;Dordrecht;119284;4-11-2020;2020-11-17;744;623,7;1;0,8;8;6,7;;WAAR;Dordrecht
Drechterland;498;Drechterland;19719;4-11-2020;2020-11-17;71;360,1;0;0;0;0;;WAAR;Drechterland
Drimmelen;1719;Drimmelen;27272;4-11-2020;2020-11-17;125;458,3;1;3,7;1;3,7;;WAAR;Drimmelen
Dronten;303;Dronten;41555;4-11-2020;2020-11-17;80;192,5;0;0;1;2,4;;WAAR;Dronten
Druten;225;Druten;18926;4-11-2020;2020-11-17;69;364,6;0;0;0;0;;WAAR;Druten
Duiven;226;Duiven;25126;4-11-2020;2020-11-17;103;409,9;0;0;2;8;;WAAR;Duiven
Echt-Susteren;1711;Echt-Susteren;31610;4-11-2020;2020-11-17;69;218,3;1;3,2;1;3,2;;WAAR;Echt-Susteren
Edam-Volendam;385;Edam-Volendam;36197;4-11-2020;2020-11-17;202;558,1;3;8,3;1;2,8;;WAAR;Edam-Volendam
Ede;228;Ede;117165;4-11-2020;2020-11-17;479;408,8;3;2,6;5;4,3;;WAAR;Ede
Eemnes;317;Eemnes;9247;4-11-2020;2020-11-17;67;724,6;0;0;0;0;;WAAR;Eemnes
Eersel;770;Eersel;19313;4-11-2020;2020-11-17;115;595,5;2;10,4;2;10,4;;WAAR;Eersel
Eijsden-Margraten;1903;Eijsden-Margraten;25768;4-11-2020;2020-11-17;63;244,5;0;0;1;3,9;;WAAR;Eijsden-Margraten
Eindhoven;772;Eindhoven;234394;4-11-2020;2020-11-17;1080;460,8;6;2,6;14;6;;WAAR;Eindhoven
Elburg;230;Elburg;23161;4-11-2020;2020-11-17;51;220,2;1;4,3;0;0;;WAAR;Elburg
Emmen;114;Emmen;107048;4-11-2020;2020-11-17;332;310,1;1;0,9;2;1,9;;WAAR;Emmen
Enkhuizen;388;Enkhuizen;18591;4-11-2020;2020-11-17;85;457,2;0;0;1;5,4;;WAAR;Enkhuizen
Enschede;153;Enschede;159640;4-11-2020;2020-11-17;825;516,8;15;9,4;15;9,4;;WAAR;Enschede
Epe;232;Epe;33178;4-11-2020;2020-11-17;69;208;1;3;1;3;;WAAR;Epe
Ermelo;233;Ermelo;27008;4-11-2020;2020-11-17;72;266,6;0;0;1;3,7;;WAAR;Ermelo
Etten-Leur;777;Etten-Leur;43878;4-11-2020;2020-11-17;152;346,4;2;4,6;1;2,3;;WAAR;Etten-Leur
Geertruidenberg;779;Geertruidenberg;21544;4-11-2020;2020-11-17;68;315,6;0;0;0;0;;WAAR;Geertruidenberg
Geldrop-Mierlo;1771;Geldrop-Mierlo;39726;4-11-2020;2020-11-17;225;566,4;2;5;1;2,5;;WAAR;Geldrop-Mierlo
Gemert-Bakel;1652;Gemert-Bakel;30723;4-11-2020;2020-11-17;129;419,9;0;0;0;0;;WAAR;Gemert-Bakel
Gennep;907;Gennep;16921;4-11-2020;2020-11-17;51;301,4;0;0;0;0;;WAAR;Gennep
Gilze en Rijen;784;Gilze en Rijen;26431;4-11-2020;2020-11-17;115;435,1;2;7,6;1;3,8;;WAAR;Gilze en Rijen
Goeree-Overflakkee;1924;Goeree-Overflakkee;50049;4-11-2020;2020-11-17;227;453,6;2;4;1;2;;WAAR;Goeree-Overflakkee
Goes;664;Goes;38082;4-11-2020;2020-11-17;91;239;0;0;0;0;;WAAR;Goes
Goirle;785;Goirle;23904;4-11-2020;2020-11-17;121;506,2;0;0;0;0;;WAAR;Goirle
Gooise Meren;1942;Gooise Meren;58055;4-11-2020;2020-11-17;210;361,7;1;1,7;1;1,7;;WAAR;Gooise Meren
Gorinchem;512;Gorinchem;37022;4-11-2020;2020-11-17;184;497;0;0;0;0;;WAAR;Gorinchem
Gouda;513;Gouda;73427;4-11-2020;2020-11-17;386;525,7;8;10,9;13;17,7;;WAAR;Gouda
Grave;786;Grave;12436;4-11-2020;2020-11-17;81;651,3;0;0;4;32,2;;WAAR;Grave
Groningen (gemeente);14;Groningen (gemeente);232874;4-11-2020;2020-11-17;371;159,3;1;0,4;1;0,4;;WAAR;Groningen (gemeente)
Gulpen-Wittem;1729;Gulpen-Wittem;14171;4-11-2020;2020-11-17;35;247;0;0;0;0;;WAAR;Gulpen-Wittem
Haaksbergen;158;Haaksbergen;24311;4-11-2020;2020-11-17;111;456,6;2;8,2;5;20,6;;WAAR;Haaksbergen
Haaren;788;Haaren;14370;4-11-2020;2020-11-17;77;535,8;0;0;1;7;;WAAR;Haaren
Haarlem;392;Haarlem;162902;4-11-2020;2020-11-17;512;314,3;1;0,6;6;3,7;;WAAR;Haarlem
Haarlemmermeer;394;Haarlemmermeer;156002;4-11-2020;2020-11-17;622;398,7;7;4,5;1;0,6;;WAAR;Haarlemmermeer
Halderberge;1655;Halderberge;30284;4-11-2020;2020-11-17;145;478,8;0;0;2;6,6;;WAAR;Halderberge
Hardenberg;160;Hardenberg;60948;4-11-2020;2020-11-17;196;321,6;0;0;0;0;;WAAR;Hardenberg
Harderwijk;243;Harderwijk;48414;4-11-2020;2020-11-17;146;301,6;3;6,2;0;0;;WAAR;Harderwijk
Hardinxveld-Giessendam;523;Hardinxveld-Giessendam;18295;4-11-2020;2020-11-17;150;819,9;0;0;2;10,9;;WAAR;Hardinxveld-Giessendam
Harlingen;72;Harlingen;15722;4-11-2020;2020-11-17;11;70;0;0;0;0;;WAAR;Harlingen
Hattem;244;Hattem;12209;4-11-2020;2020-11-17;36;294,9;0;0;0;0;;WAAR;Hattem
Heemskerk;396;Heemskerk;39182;4-11-2020;2020-11-17;167;426,2;1;2,6;3;7,7;;WAAR;Heemskerk
Heemstede;397;Heemstede;27234;4-11-2020;2020-11-17;76;279,1;0;0;0;0;;WAAR;Heemstede
Heerde;246;Heerde;18589;4-11-2020;2020-11-17;33;177,5;0;0;0;0;;WAAR;Heerde
Heerenveen;74;Heerenveen;50493;4-11-2020;2020-11-17;76;150,5;1;2;0;0;;WAAR;Heerenveen
Heerhugowaard;398;Heerhugowaard;57587;4-11-2020;2020-11-17;214;371,6;1;1,7;0;0;;WAAR;Heerhugowaard
Heerlen;917;Heerlen;87086;4-11-2020;2020-11-17;263;302;3;3,4;1;1,1;;WAAR;Heerlen
Heeze-Leende;1658;Heeze-Leende;16152;4-11-2020;2020-11-17;45;278,6;0;0;3;18,6;;WAAR;Heeze-Leende
Heiloo;399;Heiloo;23968;4-11-2020;2020-11-17;72;300,4;0;0;0;0;;WAAR;Heiloo
Hellendoorn;163;Hellendoorn;35916;4-11-2020;2020-11-17;182;506,7;1;2,8;1;2,8;;WAAR;Hellendoorn
Hellevoetsluis;530;Hellevoetsluis;40142;4-11-2020;2020-11-17;160;398,6;2;5;1;2,5;;WAAR;Hellevoetsluis
Helmond;794;Helmond;92423;4-11-2020;2020-11-17;429;464,2;3;3,2;3;3,2;;WAAR;Helmond
Hendrik-Ido-Ambacht;531;Hendrik-Ido-Ambacht;31202;4-11-2020;2020-11-17;186;596,1;0;0;2;6,4;;WAAR;Hendrik-Ido-Ambacht
Hengelo (O.);164;Hengelo (O.);81140;4-11-2020;2020-11-17;363;447,4;1;1,2;2;2,5;;WAAR;Hengelo (O.)
Het Hogeland;1966;Het Hogeland;47801;4-11-2020;2020-11-17;55;115,1;0;0;0;0;;WAAR;Het Hogeland
Heumen;252;Heumen;16454;4-11-2020;2020-11-17;48;291,7;0;0;0;0;;WAAR;Heumen
Heusden;797;Heusden;44692;4-11-2020;2020-11-17;284;635,5;2;4,5;3;6,7;;WAAR;Heusden
Hillegom;534;Hillegom;22209;4-11-2020;2020-11-17;57;256,7;0;0;0;0;;WAAR;Hillegom
Hilvarenbeek;798;Hilvarenbeek;15518;4-11-2020;2020-11-17;88;567,1;1;6,4;3;19,3;;WAAR;Hilvarenbeek
Hilversum;402;Hilversum;90831;4-11-2020;2020-11-17;319;351,2;4;4,4;1;1,1;;WAAR;Hilversum
Hoeksche Waard;1963;Hoeksche Waard;87401;4-11-2020;2020-11-17;269;307,8;0;0;0;0;;WAAR;Hoeksche Waard
Hof van Twente;1735;Hof van Twente;35017;4-11-2020;2020-11-17;229;654;0;0;1;2,9;;WAAR;Hof van Twente
Hollands Kroon;1911;Hollands Kroon;48432;4-11-2020;2020-11-17;121;249,8;3;6,2;0;0;;WAAR;Hollands Kroon
Hoogeveen;118;Hoogeveen;55699;4-11-2020;2020-11-17;120;215,4;0;0;1;1,8;;WAAR;Hoogeveen
Hoorn;405;Hoorn;73261;4-11-2020;2020-11-17;270;368,5;3;4,1;2;2,7;;WAAR;Hoorn
Horst aan de Maas;1507;Horst aan de Maas;42429;4-11-2020;2020-11-17;159;374,7;0;0;1;2,4;;WAAR;Horst aan de Maas
Houten;321;Houten;50146;4-11-2020;2020-11-17;185;368,9;3;6;10;19,9;;WAAR;Houten
Huizen;406;Huizen;41273;4-11-2020;2020-11-17;207;501,5;2;4,8;0;0;;WAAR;Huizen
Hulst;677;Hulst;27556;4-11-2020;2020-11-17;145;526,2;2;7,3;2;7,3;;WAAR;Hulst
IJsselstein;353;IJsselstein;34109;4-11-2020;2020-11-17;130;381,1;1;2,9;3;8,8;;WAAR;IJsselstein
Kaag en Braassem;1884;Kaag en Braassem;27297;4-11-2020;2020-11-17;80;293,1;1;3,7;0;0;;WAAR;Kaag en Braassem
Kampen;166;Kampen;54319;4-11-2020;2020-11-17;117;215,4;1;1,8;0;0;;WAAR;Kampen
Kapelle;678;Kapelle;12695;4-11-2020;2020-11-17;13;102,4;0;0;0;0;;WAAR;Kapelle
Katwijk;537;Katwijk;65753;4-11-2020;2020-11-17;339;515,6;3;4,6;3;4,6;;WAAR;Katwijk
Kerkrade;928;Kerkrade;45749;4-11-2020;2020-11-17;91;198,9;1;2,2;3;6,6;;WAAR;Kerkrade
Koggenland;1598;Koggenland;22749;4-11-2020;2020-11-17;108;474,7;2;8,8;1;4,4;;WAAR;Koggenland
Krimpen aan den IJssel;542;Krimpen aan den IJssel;29526;4-11-2020;2020-11-17;127;430,1;2;6,8;8;27,1;;WAAR;Krimpen aan den IJssel
Krimpenerwaard;1931;Krimpenerwaard;56319;4-11-2020;2020-11-17;301;534,5;2;3,6;3;5,3;;WAAR;Krimpenerwaard
Laarbeek;1659;Laarbeek;22523;4-11-2020;2020-11-17;97;430,7;0;0;0;0;;WAAR;Laarbeek
Landerd;1685;Landerd;15730;4-11-2020;2020-11-17;69;438,7;0;0;0;0;;WAAR;Landerd
Landgraaf;882;Landgraaf;37445;4-11-2020;2020-11-17;76;203;0;0;0;0;;WAAR;Landgraaf
Landsmeer;415;Landsmeer;11491;4-11-2020;2020-11-17;56;487,3;1;8,7;0;0;;WAAR;Landsmeer
Langedijk;416;Langedijk;28163;4-11-2020;2020-11-17;106;376,4;0;0;0;0;;WAAR;Langedijk
Lansingerland;1621;Lansingerland;62384;4-11-2020;2020-11-17;247;395,9;1;1,6;1;1,6;;WAAR;Lansingerland
Laren (NH.);417;Laren (NH.);11280;4-11-2020;2020-11-17;59;523;0;0;2;17,7;;WAAR;Laren (NH.)
Leeuwarden;80;Leeuwarden;124084;4-11-2020;2020-11-17;178;143,5;0;0;1;0,8;;WAAR;Leeuwarden
Leiden;546;Leiden;125099;4-11-2020;2020-11-17;516;412,5;1;0,8;4;3,2;;WAAR;Leiden
Leiderdorp;547;Leiderdorp;27056;4-11-2020;2020-11-17;83;306,8;1;3,7;2;7,4;;WAAR;Leiderdorp
Leidschendam-Voorburg;1916;Leidschendam-Voorburg;76534;4-11-2020;2020-11-17;295;385,4;6;7,8;3;3,9;;WAAR;Leidschendam-Voorburg
Lelystad;995;Lelystad;78598;4-11-2020;2020-11-17;271;344,8;5;6,4;3;3,8;;WAAR;Lelystad
Leudal;1640;Leudal;35879;4-11-2020;2020-11-17;147;409,7;2;5,6;0;0;;WAAR;Leudal
Leusden;327;Leusden;30401;4-11-2020;2020-11-17;96;315,8;2;6,6;1;3,3;;WAAR;Leusden
Lingewaard;1705;Lingewaard;46601;4-11-2020;2020-11-17;170;364,8;2;4,3;2;4,3;;WAAR;Lingewaard
Lisse;553;Lisse;22955;4-11-2020;2020-11-17;73;318;1;4,4;1;4,4;;WAAR;Lisse
Lochem;262;Lochem;33729;4-11-2020;2020-11-17;72;213,5;0;0;0;0;;WAAR;Lochem
Loon op Zand;809;Loon op Zand;23408;4-11-2020;2020-11-17;153;653,6;0;0;0;0;;WAAR;Loon op Zand
Lopik;331;Lopik;14467;4-11-2020;2020-11-17;77;532,2;0;0;0;0;;WAAR;Lopik
Loppersum;24;Loppersum;9537;4-11-2020;2020-11-17;14;146,8;1;10,5;0;0;;WAAR;Loppersum
Losser;168;Losser;22683;4-11-2020;2020-11-17;112;493,8;0;0;1;4,4;;WAAR;Losser
Maasdriel;263;Maasdriel;25030;4-11-2020;2020-11-17;171;683,2;1;4;3;12;;WAAR;Maasdriel
Maasgouw;1641;Maasgouw;23965;4-11-2020;2020-11-17;77;321,3;0;0;1;4,2;;WAAR;Maasgouw
Maassluis;556;Maassluis;33213;4-11-2020;2020-11-17;148;445,6;4;12;1;3;;WAAR;Maassluis
Maastricht;935;Maastricht;121575;4-11-2020;2020-11-17;355;292;4;3,3;2;1,6;;WAAR;Maastricht
Medemblik;420;Medemblik;45101;4-11-2020;2020-11-17;141;312,6;1;2,2;0;0;;WAAR;Medemblik
Meerssen;938;Meerssen;18828;4-11-2020;2020-11-17;46;244,3;0;0;0;0;;WAAR;Meerssen
Meierijstad;1948;Meierijstad;81194;4-11-2020;2020-11-17;285;351;4;4,9;1;1,2;;WAAR;Meierijstad
Meppel;119;Meppel;33920;4-11-2020;2020-11-17;74;218,2;2;5,9;0;0;;WAAR;Meppel
Middelburg (Z.);687;Middelburg (Z.);48822;4-11-2020;2020-11-17;84;172,1;0;0;3;6,1;;WAAR;Middelburg (Z.)
Midden-Delfland;1842;Midden-Delfland;19341;4-11-2020;2020-11-17;88;455;2;10,3;3;15,5;;WAAR;Midden-Delfland
Midden-Drenthe;1731;Midden-Drenthe;33185;4-11-2020;2020-11-17;86;259,2;1;3;0;0;;WAAR;Midden-Drenthe
Midden-Groningen;1952;Midden-Groningen;60797;4-11-2020;2020-11-17;65;106,9;4;6,6;1;1,6;;WAAR;Midden-Groningen
Mill en Sint Hubert;815;Mill en Sint Hubert;10939;4-11-2020;2020-11-17;47;429,7;0;0;0;0;;WAAR;Mill en Sint Hubert
Moerdijk;1709;Moerdijk;37129;4-11-2020;2020-11-17;153;412,1;2;5,4;5;13,5;;WAAR;Moerdijk
Molenlanden;1978;Molenlanden;43909;4-11-2020;2020-11-17;260;592,1;0;0;2;4,6;;WAAR;Molenlanden
Montferland;1955;Montferland;36011;4-11-2020;2020-11-17;123;341,6;0;0;2;5,6;;WAAR;Montferland
Montfoort;335;Montfoort;13917;4-11-2020;2020-11-17;71;510,2;0;0;0;0;;WAAR;Montfoort
Mook en Middelaar;944;Mook en Middelaar;7847;4-11-2020;2020-11-17;25;318,6;0;0;1;12,7;;WAAR;Mook en Middelaar
Neder-Betuwe;1740;Neder-Betuwe;24339;4-11-2020;2020-11-17;100;410,9;0;0;0;0;;WAAR;Neder-Betuwe
Nederweert;946;Nederweert;17019;4-11-2020;2020-11-17;66;387,8;3;17,6;1;5,9;;WAAR;Nederweert
Nieuwegein;356;Nieuwegein;63462;4-11-2020;2020-11-17;215;338,8;0;0;0;0;;WAAR;Nieuwegein
Nieuwkoop;569;Nieuwkoop;28811;4-11-2020;2020-11-17;118;409,6;2;6,9;1;3,5;;WAAR;Nieuwkoop
Nijkerk;267;Nijkerk;43171;4-11-2020;2020-11-17;147;340,5;0;0;2;4,6;;WAAR;Nijkerk
Nijmegen;268;Nijmegen;177659;4-11-2020;2020-11-17;592;333,2;5;2,8;12;6,8;;WAAR;Nijmegen
Nissewaard;1930;Nissewaard;85219;4-11-2020;2020-11-17;488;572,6;3;3,5;2;2,3;;WAAR;Nissewaard
Noardeast-Fryslân;1970;Noardeast-Fryslan;45228;4-11-2020;2020-11-17;84;185,7;1;2,2;0;0;;WAAR;Noardeast-Fryslan
Noord-Beveland;1695;Noord-Beveland;7392;4-11-2020;2020-11-17;12;162,3;0;0;0;0;;WAAR;Noord-Beveland
Noordenveld;1699;Noordenveld;31253;4-11-2020;2020-11-17;16;51,2;1;3,2;0;0;;WAAR;Noordenveld
Noordoostpolder;171;Noordoostpolder;47291;4-11-2020;2020-11-17;132;279,1;1;2,1;1;2,1;;WAAR;Noordoostpolder
Noordwijk;575;Noordwijk;43508;4-11-2020;2020-11-17;139;319,5;6;13,8;1;2,3;;WAAR;Noordwijk
Nuenen, Gerwen en Nederwetten;820;Nuenen, Gerwen en Nederwetten;23383;4-11-2020;2020-11-17;96;410,6;0;0;2;8,6;;WAAR;Nuenen, Gerwen en Nederwetten
Nunspeet;302;Nunspeet;27851;4-11-2020;2020-11-17;75;269,3;0;0;0;0;;WAAR;Nunspeet
Oegstgeest;579;Oegstgeest;24840;4-11-2020;2020-11-17;70;281,8;0;0;0;0;;WAAR;Oegstgeest
Oirschot;823;Oirschot;18714;4-11-2020;2020-11-17;113;603,8;0;0;5;26,7;;WAAR;Oirschot
Oisterwijk;824;Oisterwijk;26245;4-11-2020;2020-11-17;128;487,7;0;0;0;0;;WAAR;Oisterwijk
Oldambt;1895;Oldambt;38209;4-11-2020;2020-11-17;34;89;0;0;1;2,6;;WAAR;Oldambt
Oldebroek;269;Oldebroek;23646;4-11-2020;2020-11-17;63;266,4;0;0;0;0;;WAAR;Oldebroek
Oldenzaal;173;Oldenzaal;31836;4-11-2020;2020-11-17;163;512;5;15,7;4;12,6;;WAAR;Oldenzaal
Olst-Wijhe;1773;Olst-Wijhe;18252;4-11-2020;2020-11-17;35;191,8;0;0;0;0;;WAAR;Olst-Wijhe
Ommen;175;Ommen;18009;4-11-2020;2020-11-17;44;244,3;0;0;0;0;;WAAR;Ommen
Oost Gelre;1586;Oost Gelre;29627;4-11-2020;2020-11-17;118;398,3;1;3,4;4;13,5;;WAAR;Oost Gelre
Oosterhout;826;Oosterhout;55982;4-11-2020;2020-11-17;301;537,7;0;0;4;7,1;;WAAR;Oosterhout
Ooststellingwerf;85;Ooststellingwerf;25469;4-11-2020;2020-11-17;62;243,4;1;3,9;0;0;;WAAR;Ooststellingwerf
Oostzaan;431;Oostzaan;9735;4-11-2020;2020-11-17;31;318,4;1;10,3;0;0;;WAAR;Oostzaan
Opmeer;432;Opmeer;11836;4-11-2020;2020-11-17;51;430,9;2;16,9;0;0;;WAAR;Opmeer
Opsterland;86;Opsterland;29733;4-11-2020;2020-11-17;34;114,4;0;0;0;0;;WAAR;Opsterland
Oss;828;Oss;91915;4-11-2020;2020-11-17;446;485,2;6;6,5;3;3,3;;WAAR;Oss
Oude IJsselstreek;1509;Oude IJsselstreek;39388;4-11-2020;2020-11-17;159;403,7;0;0;3;7,6;;WAAR;Oude IJsselstreek
Ouder-Amstel;437;Ouder-Amstel;14026;4-11-2020;2020-11-17;58;413,5;0;0;0;0;;WAAR;Ouder-Amstel
Oudewater;589;Oudewater;10230;4-11-2020;2020-11-17;39;381,2;0;0;0;0;;WAAR;Oudewater
Overbetuwe;1734;Overbetuwe;47906;4-11-2020;2020-11-17;146;304,8;1;2,1;1;2,1;;WAAR;Overbetuwe
Papendrecht;590;Papendrecht;32136;4-11-2020;2020-11-17;157;488,5;0;0;4;12,4;;WAAR;Papendrecht
Peel en Maas;1894;Peel en Maas;43425;4-11-2020;2020-11-17;145;333,9;1;2,3;0;0;;WAAR;Peel en Maas
Pekela;765;Pekela;12196;4-11-2020;2020-11-17;12;98,4;0;0;1;8,2;;WAAR;Pekela
Pijnacker-Nootdorp;1926;Pijnacker-Nootdorp;55308;4-11-2020;2020-11-17;267;482,8;1;1,8;2;3,6;;WAAR;Pijnacker-Nootdorp
Purmerend;439;Purmerend;81249;4-11-2020;2020-11-17;245;301,5;1;1,2;4;4,9;;WAAR;Purmerend
Putten;273;Putten;24112;4-11-2020;2020-11-17;106;439,6;0;0;1;4,1;;WAAR;Putten
Raalte;177;Raalte;37712;4-11-2020;2020-11-17;163;432,2;0;0;0;0;;WAAR;Raalte
Reimerswaal;703;Reimerswaal;22730;4-11-2020;2020-11-17;35;154;0;0;0;0;;WAAR;Reimerswaal
Renkum;274;Renkum;31419;4-11-2020;2020-11-17;88;280,1;1;3,2;0;0;;WAAR;Renkum
Renswoude;339;Renswoude;5444;4-11-2020;2020-11-17;14;257,2;0;0;0;0;;WAAR;Renswoude
Reusel-De Mierden;1667;Reusel-De Mierden;13112;4-11-2020;2020-11-17;72;549,1;0;0;0;0;;WAAR;Reusel-De Mierden
Rheden;275;Rheden;43761;4-11-2020;2020-11-17;178;406,8;2;4,6;3;6,9;;WAAR;Rheden
Rhenen;340;Rhenen;20119;4-11-2020;2020-11-17;73;362,8;1;5;0;0;;WAAR;Rhenen
Ridderkerk;597;Ridderkerk;46189;4-11-2020;2020-11-17;253;547,7;1;2,2;3;6,5;;WAAR;Ridderkerk
Rijssen-Holten;1742;Rijssen-Holten;38177;4-11-2020;2020-11-17;215;563,2;1;2,6;4;10,5;;WAAR;Rijssen-Holten
Rijswijk (ZH.);603;Rijswijk (ZH.);54450;4-11-2020;2020-11-17;216;396,7;5;9,2;6;11;;WAAR;Rijswijk (ZH.)
Roerdalen;1669;Roerdalen;20574;4-11-2020;2020-11-17;59;286,8;1;4,9;1;4,9;;WAAR;Roerdalen
Roermond;957;Roermond;58260;4-11-2020;2020-11-17;213;365,6;1;1,7;1;1,7;;WAAR;Roermond
Roosendaal;1674;Roosendaal;77251;4-11-2020;2020-11-17;467;604,5;4;5,2;5;6,5;;WAAR;Roosendaal
Rotterdam;599;Rotterdam;651157;4-11-2020;2020-11-17;3737;573,9;60;9,2;21;3,2;;WAAR;Rotterdam
Rozendaal;277;Rozendaal;1704;4-11-2020;2020-11-17;4;234,7;0;0;0;0;;WAAR;Rozendaal
Rucphen;840;Rucphen;22878;4-11-2020;2020-11-17;149;651,3;1;4,4;1;4,4;;WAAR;Rucphen
Schagen;441;Schagen;46483;4-11-2020;2020-11-17;165;355;2;4,3;1;2,2;;WAAR;Schagen
Scherpenzeel;279;Scherpenzeel;9880;4-11-2020;2020-11-17;22;222,7;0;0;0;0;;WAAR;Scherpenzeel
Schiedam;606;Schiedam;78730;4-11-2020;2020-11-17;515;654,1;12;15,2;2;2,5;;WAAR;Schiedam
Schiermonnikoog;88;Schiermonnikoog;947;4-11-2020;2020-11-17;1;105,6;0;0;0;0;;WAAR;Schiermonnikoog
Schouwen-Duiveland;1676;Schouwen-Duiveland;33839;4-11-2020;2020-11-17;64;189,1;0;0;1;3;;WAAR;Schouwen-Duiveland
's-Gravenhage (gemeente);518;'s-Gravenhage (gemeente);545838;4-11-2020;2020-11-17;2102;385,1;44;8,1;13;2,4;;WAAR;'s-Gravenhage (gemeente)
's-Hertogenbosch;796;'s-Hertogenbosch;155111;4-11-2020;2020-11-17;803;517,7;2;1,3;7;4,5;;WAAR;'s-Hertogenbosch
Simpelveld;965;Simpelveld;10555;4-11-2020;2020-11-17;30;284,2;1;9,5;0;0;;WAAR;Simpelveld
Sint Anthonis;1702;Sint Anthonis;11664;4-11-2020;2020-11-17;30;257,2;0;0;0;0;;WAAR;Sint Anthonis
Sint-Michielsgestel;845;Sint-Michielsgestel;29208;4-11-2020;2020-11-17;133;455,4;0;0;1;3,4;;WAAR;Sint-Michielsgestel
Sittard-Geleen;1883;Sittard-Geleen;92429;4-11-2020;2020-11-17;239;258,6;1;1,1;3;3,2;;WAAR;Sittard-Geleen
Sliedrecht;610;Sliedrecht;25220;4-11-2020;2020-11-17;181;717,7;0;0;2;7,9;;WAAR;Sliedrecht
Sluis;1714;Sluis;23210;4-11-2020;2020-11-17;172;741,1;5;21,5;1;4,3;;WAAR;Sluis
Smallingerland;90;Smallingerland;56150;4-11-2020;2020-11-17;81;144,3;1;1,8;0;0;;WAAR;Smallingerland
Soest;342;Soest;46606;4-11-2020;2020-11-17;158;339;2;4,3;5;10,7;;WAAR;Soest
Someren;847;Someren;19368;4-11-2020;2020-11-17;77;397,6;0;0;1;5,2;;WAAR;Someren
Son en Breugel;848;Son en Breugel;17322;4-11-2020;2020-11-17;60;346,4;0;0;0;0;;WAAR;Son en Breugel
Stadskanaal;37;Stadskanaal;31686;4-11-2020;2020-11-17;127;400,8;1;3,2;0;0;;WAAR;Stadskanaal
Staphorst;180;Staphorst;17145;4-11-2020;2020-11-17;40;233,3;0;0;1;5,8;;WAAR;Staphorst
Stede Broec;532;Stede Broec;21726;4-11-2020;2020-11-17;62;285,4;0;0;0;0;;WAAR;Stede Broec
Steenbergen;851;Steenbergen;24416;4-11-2020;2020-11-17;107;438,2;1;4,1;0;0;;WAAR;Steenbergen
Steenwijkerland;1708;Steenwijkerland;44126;4-11-2020;2020-11-17;88;199,4;0;0;1;2,3;;WAAR;Steenwijkerland
Stein (L.);971;Stein (L.);25007;4-11-2020;2020-11-17;57;227,9;0;0;0;0;;WAAR;Stein (L.)
Stichtse Vecht;1904;Stichtse Vecht;64931;4-11-2020;2020-11-17;295;454,3;5;7,7;3;4,6;;WAAR;Stichtse Vecht
Súdwest-Fryslân;1900;Sudwest-Fryslan;89987;4-11-2020;2020-11-17;258;286,7;0;0;7;7,8;;WAAR;Sudwest-Fryslan
Terneuzen;715;Terneuzen;54426;4-11-2020;2020-11-17;238;437,3;1;1,8;0;0;;WAAR;Terneuzen
Terschelling;93;Terschelling;4888;4-11-2020;2020-11-17;0;0;0;0;0;0;;WAAR;Terschelling
Texel;448;Texel;13575;4-11-2020;2020-11-17;17;125,2;0;0;0;0;;WAAR;Texel
Teylingen;1525;Teylingen;37440;4-11-2020;2020-11-17;191;510,1;1;2,7;1;2,7;;WAAR;Teylingen
Tholen;716;Tholen;25757;4-11-2020;2020-11-17;140;543,5;1;3,9;0;0;;WAAR;Tholen
Tiel;281;Tiel;42159;4-11-2020;2020-11-17;174;412,7;4;9,5;6;14,2;;WAAR;Tiel
Tilburg;855;Tilburg;219789;4-11-2020;2020-11-17;1071;487,3;5;2,3;11;5;;WAAR;Tilburg
Tubbergen;183;Tubbergen;21275;4-11-2020;2020-11-17;144;676,9;0;0;1;4,7;;WAAR;Tubbergen
Twenterand;1700;Twenterand;33743;4-11-2020;2020-11-17;220;652;1;3;2;5,9;;WAAR;Twenterand
Tynaarlo;1730;Tynaarlo;33887;4-11-2020;2020-11-17;42;123,9;1;3;4;11,8;;WAAR;Tynaarlo
Tytsjerksteradiel;737;Tytsjerksteradiel;32052;4-11-2020;2020-11-17;38;118,6;0;0;0;0;;WAAR;Tytsjerksteradiel
Uden;856;Uden;42119;4-11-2020;2020-11-17;112;265,9;0;0;2;4,7;;WAAR;Uden
Uitgeest;450;Uitgeest;13666;4-11-2020;2020-11-17;61;446,4;0;0;0;0;;WAAR;Uitgeest
Uithoorn;451;Uithoorn;29478;4-11-2020;2020-11-17;137;464,8;1;3,4;0;0;;WAAR;Uithoorn
Urk;184;Urk;21031;4-11-2020;2020-11-17;279;1326,6;1;4,8;1;4,8;;WAAR;Urk
Utrecht (gemeente);344;Utrecht (gemeente);357597;4-11-2020;2020-11-17;1457;407,4;17;4,8;12;3,4;;WAAR;Utrecht (gemeente)
Utrechtse Heuvelrug;1581;Utrechtse Heuvelrug;49580;4-11-2020;2020-11-17;134;270,3;0;0;1;2;;WAAR;Utrechtse Heuvelrug
Vaals;981;Vaals;10105;4-11-2020;2020-11-17;10;99;0;0;0;0;;WAAR;Vaals
Valkenburg aan de Geul;994;Valkenburg aan de Geul;16367;4-11-2020;2020-11-17;26;158,9;1;6,1;1;6,1;;WAAR;Valkenburg aan de Geul
Valkenswaard;858;Valkenswaard;31193;4-11-2020;2020-11-17;106;339,8;0;0;4;12,8;;WAAR;Valkenswaard
Veendam;47;Veendam;27384;4-11-2020;2020-11-17;24;87,6;0;0;0;0;;WAAR;Veendam
Veenendaal;345;Veenendaal;66493;4-11-2020;2020-11-17;311;467,7;2;3;0;0;;WAAR;Veenendaal
Veere;717;Veere;21880;4-11-2020;2020-11-17;40;182,8;0;0;0;0;;WAAR;Veere
Veldhoven;861;Veldhoven;45466;4-11-2020;2020-11-17;223;490,5;0;0;2;4,4;;WAAR;Veldhoven
Velsen;453;Velsen;68648;4-11-2020;2020-11-17;252;367,1;2;2,9;2;2,9;;WAAR;Velsen
Venlo;983;Venlo;101802;4-11-2020;2020-11-17;363;356,6;1;1;3;2,9;;WAAR;Venlo
Venray;984;Venray;43614;4-11-2020;2020-11-17;124;284,3;1;2,3;1;2,3;;WAAR;Venray
Vijfheerenlanden;1961;Vijfheerenlanden;56811;4-11-2020;2020-11-17;329;579,1;1;1,8;1;1,8;;WAAR;Vijfheerenlanden
Vlaardingen;622;Vlaardingen;73397;4-11-2020;2020-11-17;428;583,1;8;10,9;6;8,2;;WAAR;Vlaardingen
Vlieland;96;Vlieland;1155;4-11-2020;2020-11-17;1;86,6;0;0;0;0;;WAAR;Vlieland
Vlissingen;718;Vlissingen;44360;4-11-2020;2020-11-17;102;229,9;0;0;0;0;;WAAR;Vlissingen
Voerendaal;986;Voerendaal;12475;4-11-2020;2020-11-17;31;248,5;0;0;0;0;;WAAR;Voerendaal
Voorschoten;626;Voorschoten;25596;4-11-2020;2020-11-17;87;339,9;0;0;1;3,9;;WAAR;Voorschoten
Voorst;285;Voorst;24552;4-11-2020;2020-11-17;63;256,6;0;0;0;0;;WAAR;Voorst
Vught;865;Vught;26558;4-11-2020;2020-11-17;121;455,6;1;3,8;3;11,3;;WAAR;Vught
Waadhoeke;1949;Waadhoeke;46090;4-11-2020;2020-11-17;50;108,5;1;2,2;0;0;;WAAR;Waadhoeke
Waalre;866;Waalre;17456;4-11-2020;2020-11-17;83;475,5;1;5,7;1;5,7;;WAAR;Waalre
Waalwijk;867;Waalwijk;48637;4-11-2020;2020-11-17;283;581,9;0;0;3;6,2;;WAAR;Waalwijk
Waddinxveen;627;Waddinxveen;29291;4-11-2020;2020-11-17;138;471,1;2;6,8;0;0;;WAAR;Waddinxveen
Wageningen;289;Wageningen;39664;4-11-2020;2020-11-17;107;269,8;0;0;2;5;;WAAR;Wageningen
Wassenaar;629;Wassenaar;26305;4-11-2020;2020-11-17;58;220,5;2;7,6;0;0;;WAAR;Wassenaar
Waterland;852;Waterland;17424;4-11-2020;2020-11-17;80;459,1;1;5,7;1;5,7;;WAAR;Waterland
Weert;988;Weert;50105;4-11-2020;2020-11-17;239;477;5;10;3;6;;WAAR;Weert
Weesp;457;Weesp;19738;4-11-2020;2020-11-17;125;633,3;0;0;1;5,1;;WAAR;Weesp
West Betuwe;1960;West Betuwe;51128;4-11-2020;2020-11-17;243;475,3;4;7,8;3;5,9;;WAAR;West Betuwe
West Maas en Waal;668;West Maas en Waal;19324;4-11-2020;2020-11-17;60;310,5;0;0;0;0;;WAAR;West Maas en Waal
Westerkwartier;1969;Westerkwartier;63329;4-11-2020;2020-11-17;50;79;0;0;2;3,2;;WAAR;Westerkwartier
Westerveld;1701;Westerveld;19460;4-11-2020;2020-11-17;46;236,4;0;0;0;0;;WAAR;Westerveld
Westervoort;293;Westervoort;14971;4-11-2020;2020-11-17;64;427,5;0;0;1;6,7;;WAAR;Westervoort
Westerwolde;1950;Westerwolde;25733;4-11-2020;2020-11-17;40;155,4;0;0;0;0;;WAAR;Westerwolde
Westland;1783;Westland;110375;4-11-2020;2020-11-17;640;579,8;7;6,3;3;2,7;;WAAR;Westland
Weststellingwerf;98;Weststellingwerf;25914;4-11-2020;2020-11-17;49;189,1;1;3,9;1;3,9;;WAAR;Weststellingwerf
Westvoorne;614;Westvoorne;14731;4-11-2020;2020-11-17;36;244,4;0;0;0;0;;WAAR;Westvoorne
Wierden;189;Wierden;24446;4-11-2020;2020-11-17;193;789,5;0;0;0;0;;WAAR;Wierden
Wijchen;296;Wijchen;41110;4-11-2020;2020-11-17;173;420,8;2;4,9;1;2,4;;WAAR;Wijchen
Wijdemeren;1696;Wijdemeren;24358;4-11-2020;2020-11-17;89;365,4;0;0;1;4,1;;WAAR;Wijdemeren
Wijk bij Duurstede;352;Wijk bij Duurstede;23914;4-11-2020;2020-11-17;82;342,9;0;0;1;4,2;;WAAR;Wijk bij Duurstede
Winterswijk;294;Winterswijk;28854;4-11-2020;2020-11-17;97;336,2;1;3,5;2;6,9;;WAAR;Winterswijk
Woensdrecht;873;Woensdrecht;21876;4-11-2020;2020-11-17;88;402,3;0;0;4;18,3;;WAAR;Woensdrecht
Woerden;632;Woerden;52299;4-11-2020;2020-11-17;262;501;4;7,6;0;0;;WAAR;Woerden
Wormerland;880;Wormerland;16270;4-11-2020;2020-11-17;62;381,1;2;12,3;0;0;;WAAR;Wormerland
Woudenberg;351;Woudenberg;13362;4-11-2020;2020-11-17;39;291,9;1;7,5;2;15;;WAAR;Woudenberg
Zaanstad;479;Zaanstad;156794;4-11-2020;2020-11-17;816;520,4;10;6,4;7;4,5;;WAAR;Zaanstad
Zaltbommel;297;Zaltbommel;28881;4-11-2020;2020-11-17;229;792,9;2;6,9;0;0;;WAAR;Zaltbommel
Zandvoort;473;Zandvoort;17116;4-11-2020;2020-11-17;51;298;0;0;0;0;;WAAR;Zandvoort
Zeewolde;50;Zeewolde;22653;4-11-2020;2020-11-17;42;185,4;1;4,4;0;0;;WAAR;Zeewolde
Zeist;355;Zeist;64905;4-11-2020;2020-11-17;196;302;1;1,5;2;3,1;;WAAR;Zeist
Zevenaar;299;Zevenaar;43750;4-11-2020;2020-11-17;134;306,3;1;2,3;1;2,3;;WAAR;Zevenaar
Zoetermeer;637;Zoetermeer;125285;4-11-2020;2020-11-17;580;462,9;1;0,8;1;0,8;;WAAR;Zoetermeer
Zoeterwoude;638;Zoeterwoude;8605;4-11-2020;2020-11-17;38;441,6;0;0;0;0;;WAAR;Zoeterwoude
Zuidplas;1892;Zuidplas;43885;4-11-2020;2020-11-17;194;442,1;2;4,6;0;0;;WAAR;Zuidplas
Zundert;879;Zundert;21829;4-11-2020;2020-11-17;80;366,5;1;4,6;0;0;;WAAR;Zundert
Zutphen;301;Zutphen;47934;4-11-2020;2020-11-17;165;344,2;2;4,2;2;4,2;;WAAR;Zutphen
Zwartewaterland;1896;Zwartewaterland;22685;4-11-2020;2020-11-17;41;180,7;0;0;0;0;;WAAR;Zwartewaterland
Zwijndrecht;642;Zwijndrecht;44737;4-11-2020;2020-11-17;286;639,3;0;0;8;17,9;;WAAR;Zwijndrecht
Zwolle;193;Zwolle;128840;4-11-2020;2020-11-17;312;242,2;0;0;7;5,4;;WAAR;Zwolle
