7159936;02/27/2020;1;;0;;;;52.34;5.53;NL;NLD;Netherlands;;
7159938;02/28/2020;2;1;0;0;;;52.34;5.53;NL;NLD;Netherlands;;
7159941;02/29/2020;6;4;0;0;;;52.34;5.53;NL;NLD;Netherlands;;
7159943;3-1-2020;9;3;0;0;;;52.34;5.53;NL;NLD;Netherlands;;
7159945;3-2-2020;19;10;0;0;;;52.34;5.53;NL;NLD;Netherlands;;
7159947;3-3-2020;24;5;0;0;;;52.34;5.53;NL;NLD;Netherlands;;
7159949;3-4-2020;38;14;0;0;;;52.34;5.53;NL;NLD;Netherlands;;
7159951;3-5-2020;82;44;0;0;;;52.34;5.53;NL;NLD;Netherlands;;
7159954;3-6-2020;128;46;1;1;0;;52.34;5.53;NL;NLD;Netherlands;;
7159956;3-7-2020;188;60;1;0;0;0;52.34;5.53;NL;NLD;Netherlands;;
7159958;3-8-2020;264;76;3;2;0;0;52.34;5.53;NL;NLD;Netherlands;;
7159961;3-9-2020;321;57;4;1;0;0;52.34;5.53;NL;NLD;Netherlands;;
7159963;3-10-2020;382;61;4;0;0;0;52.34;5.53;NL;NLD;Netherlands;;
7159965;3-11-2020;503;121;5;1;0;0;52.34;5.53;NL;NLD;Netherlands;;
7159968;3-12-2020;614;111;5;0;0;0;52.34;5.53;NL;NLD;Netherlands;;
7159970;03/13/2020;804;190;10;5;0;0;52.34;5.53;NL;NLD;Netherlands;;
7159972;03/14/2020;959;155;12;2;;;52.34;5.53;NL;NLD;Netherlands;;
7159974;03/15/2020;1135;176;20;8;;;52.34;5.53;NL;NLD;Netherlands;;
7159976;03/16/2020;1413;278;24;4;0;;52.34;5.53;NL;NLD;Netherlands;;
7159978;03/17/2020;1705;292;43;19;;;52.34;5.53;NL;NLD;Netherlands;;
7159981;03/18/2020;2051;346;58;15;;;52.34;5.53;NL;NLD;Netherlands;;
7159983;03/19/2020;2460;409;76;18;;;52.34;5.53;NL;NLD;Netherlands;;
7159985;03/20/2020;2994;534;106;30;;;52.34;5.53;NL;NLD;Netherlands;;
7159987;03/21/2020;3631;637;136;30;;;52.34;5.53;NL;NLD;Netherlands;;
7159989;03/22/2020;4204;573;179;43;;;52.34;5.53;NL;NLD;Netherlands;;
7159991;03/23/2020;4749;545;213;34;;;52.34;5.53;NL;NLD;Netherlands;;
7159993;03/24/2020;5560;811;276;63;;;52.34;5.53;NL;NLD;Netherlands;;
7159995;03/25/2020;6412;852;356;80;;;52.34;5.53;NL;NLD;Netherlands;;
7159997;03/26/2020;7431;1019;434;78;;;52.34;5.53;NL;NLD;Netherlands;;
7159999;03/27/2020;8603;1172;546;112;;;52.34;5.53;NL;NLD;Netherlands;;
7160001;03/28/2020;9762;1159;639;93;;;52.34;5.53;NL;NLD;Netherlands;;
7160004;03/29/2020;10866;1104;771;132;;;52.34;5.53;NL;NLD;Netherlands;;
7160018;03/30/2020;11750;884;864;93;;;52.34;5.53;NL;NLD;Netherlands;;
7160020;03/31/2020;12595;845;1039;175;250;;52.34;5.53;NL;NLD;Netherlands;;
7160022;4-1-2020;13614;1019;1173;134;;;52.34;5.53;NL;NLD;Netherlands;;
7160024;4-2-2020;14697;1083;1339;166;0;;52.34;5.53;NL;NLD;Netherlands;;
7160026;4-3-2020;15723;1026;1487;148;;;52.34;5.53;NL;NLD;Netherlands;;
7160029;4-4-2020;16627;904;1651;164;;;52.34;5.53;NL;NLD;Netherlands;;
7160031;4-5-2020;17851;1224;1766;115;;;52.34;5.53;NL;NLD;Netherlands;;
7160033;4-6-2020;18803;952;1867;101;;;52.34;5.53;NL;NLD;Netherlands;;
7160035;4-7-2020;19580;777;2101;234;;;52.34;5.53;NL;NLD;Netherlands;;
7160038;4-8-2020;20549;969;2248;147;;;52.34;5.53;NL;NLD;Netherlands;;
7160040;4-9-2020;21762;1213;2396;148;;;52.34;5.53;NL;NLD;Netherlands;;
7160042;4-10-2020;23097;1335;2511;115;;;52.34;5.53;NL;NLD;Netherlands;;
7160044;4-11-2020;24413;1316;2643;132;;;52.34;5.53;NL;NLD;Netherlands;;
7160046;4-12-2020;25587;1174;2737;94;;;52.34;5.53;NL;NLD;Netherlands;;
7160048;04/13/2020;26551;964;2823;86;;;52.34;5.53;NL;NLD;Netherlands;;
7160050;04/14/2020;27419;868;2945;122;3459;;52.34;5.53;NL;NLD;Netherlands;;
7160052;04/15/2020;28153;734;3134;189;3459;0;52.34;5.53;NL;NLD;Netherlands;;
7160054;04/16/2020;29214;1061;3315;181;3459;0;52.34;5.53;NL;NLD;Netherlands;;
7160056;04/17/2020;30449;1235;3459;144;3459;0;52.34;5.53;NL;NLD;Netherlands;;
7160058;04/18/2020;31589;1140;3601;142;3459;0;52.34;5.53;NL;NLD;Netherlands;;
7160060;04/19/2020;32655;1066;3684;83;3459;0;52.34;5.53;NL;NLD;Netherlands;;
7160062;04/20/2020;33405;750;3751;67;3459;0;52.34;5.53;NL;NLD;Netherlands;;
7160064;04/21/2020;34134;729;3916;165;;;52.34;5.53;NL;NLD;Netherlands;;
7160066;04/22/2020;34842;708;4054;138;3459;;52.34;5.53;NL;NLD;Netherlands;;
7422653;04/23/2020;35729;887;4177;123;;;52.34;5.53;NL;NLD;Netherlands;;
7769040;04/24/2020;36535;806;4289;112;3459;;52.34;5.53;NL;NLD;Netherlands;;
8359581;04/25/2020;37190;655;4409;120;;;52.34;5.53;NL;NLD;Netherlands;;
8742728;04/26/2020;37845;655;4475;66;3459;;52.34;5.53;NL;NLD;Netherlands;;
9386856;04/27/2020;38245;400;4518;43;;;52.34;5.53;NL;NLD;Netherlands;;
9386857;04/28/2020;38416;171;4566;48;3459;;52.34;5.53;NL;NLD;Netherlands;;
9386858;04/29/2020;38802;386;4711;145;3459;0;52.34;5.53;NL;NLD;Netherlands;;
9386859;04/30/2020;39316;514;4795;84;3459;0;52.34;5.53;NL;NLD;Netherlands;;
9386861;5-1-2020;39791;475;4893;98;3459;0;52.34;5.53;NL;NLD;Netherlands;;
9386862;5-2-2020;40236;445;4987;94;3459;0;52.34;5.53;NL;NLD;Netherlands;;
9386863;5-3-2020;40571;335;5056;69;3459;0;52.34;5.53;NL;NLD;Netherlands;;
12625304;5-4-2020;40770;199;5082;26;3459;0;52.34;5.53;NL;NLD;Netherlands;;
12911718;5-5-2020;41087;317;5168;86;3459;0;52.34;5.53;NL;NLD;Netherlands;;
13473710;5-6-2020;41319;232;5204;36;3459;0;52.34;5.53;NL;NLD;Netherlands;;
13841106;5-7-2020;41774;455;5288;84;3459;0;52.34;5.53;NL;NLD;Netherlands;;
14278671;5-8-2020;42093;319;5359;71;3459;0;52.34;5.53;NL;NLD;Netherlands;;
14881379;5-9-2020;42382;289;5422;63;3459;0;52.34;5.53;NL;NLD;Netherlands;;
15175928;5-10-2020;42627;245;5440;18;3459;0;52.34;5.53;NL;NLD;Netherlands;;
15616276;5-11-2020;42788;161;5456;16;3459;0;52.34;5.53;NL;NLD;Netherlands;;
16045528;5-12-2020;42984;196;5510;54;3459;0;52.34;5.53;NL;NLD;Netherlands;;
16430138;05/13/2020;43211;227;5562;52;3459;0;52.34;5.53;NL;NLD;Netherlands;;
16846546;05/14/2020;43481;270;5590;28;3459;0;52.34;5.53;NL;NLD;Netherlands;;
17277823;05/15/2020;43681;200;5643;53;3459;0;52.34;5.53;NL;NLD;Netherlands;;
17654309;05/16/2020;43870;189;5670;27;3459;0;52.34;5.53;NL;NLD;Netherlands;;
18146036;05/17/2020;43995;125;5680;10;3459;0;52.34;5.53;NL;NLD;Netherlands;;
18514581;05/18/2020;44141;146;5694;14;3459;0;52.34;5.53;NL;NLD;Netherlands;;
18881497;05/19/2020;44249;108;5715;21;3459;0;52.34;5.53;NL;NLD;Netherlands;;
19254925;05/20/2020;44447;198;5748;33;3459;0;52.34;5.53;NL;NLD;Netherlands;;
19817054;05/21/2020;44700;253;5775;27;;;52.34;5.53;NL;NLD;Netherlands;;
20553685;05/22/2020;44888;188;5788;13;;;52.34;5.53;NL;NLD;Netherlands;;
20964173;05/23/2020;45064;176;5811;23;;;52.34;5.53;NL;NLD;Netherlands;;
21582532;05/24/2020;45236;172;5822;11;;;52.34;5.53;NL;NLD;Netherlands;;
22118799;05/25/2020;45445;209;5830;8;;;52.34;5.53;NL;NLD;Netherlands;;
22673343;05/26/2020;45578;133;5856;26;;;52.34;5.53;NL;NLD;Netherlands;;
23192352;05/27/2020;45768;190;5871;15;;;52.34;5.53;NL;NLD;Netherlands;;
23891406;05/28/2020;45950;182;5903;32;;;52.34;5.53;NL;NLD;Netherlands;;
24337855;05/29/2020;46126;176;5931;28;;;52.34;5.53;NL;NLD;Netherlands;;
24874333;05/30/2020;46257;131;5951;20;;;52.34;5.53;NL;NLD;Netherlands;;
25344662;05/31/2020;46442;185;5956;5;;;52.34;5.53;NL;NLD;Netherlands;;
25861250;6-1-2020;46545;103;5962;6;;;52.34;5.53;NL;NLD;Netherlands;;
26364893;6-2-2020;46647;102;5967;5;;;52.34;5.53;NL;NLD;Netherlands;;
26996377;6-3-2020;46733;86;5977;10;;;52.34;5.53;NL;NLD;Netherlands;;
27578229;6-4-2020;46942;209;5990;13;;;52.34;5.53;NL;NLD;Netherlands;;
28076786;6-5-2020;47152;210;6005;15;;;52.34;5.53;NL;NLD;Netherlands;;
28750671;6-6-2020;47335;183;6011;6;;;52.34;5.53;NL;NLD;Netherlands;;
29140069;6-7-2020;47574;239;6013;2;;;52.34;5.53;NL;NLD;Netherlands;;
29610228;6-8-2020;47739;165;6016;3;;;52.34;5.53;NL;NLD;Netherlands;;
30124822;6-9-2020;47903;164;6031;15;;;52.34;5.53;NL;NLD;Netherlands;;
30735581;6-10-2020;48087;184;6042;11;;;52.34;5.53;NL;NLD;Netherlands;;
31395447;6-11-2020;48251;164;6044;2;;;52.34;5.53;NL;NLD;Netherlands;;
32027932;6-12-2020;48461;210;6053;9;;;52.34;5.53;NL;NLD;Netherlands;;
32604418;06/13/2020;48640;179;6057;4;;;52.34;5.53;NL;NLD;Netherlands;;
33189471;06/14/2020;48783;143;6059;2;;;52.34;5.53;NL;NLD;Netherlands;;
33745452;06/15/2020;48948;165;6065;6;;;52.34;5.53;NL;NLD;Netherlands;;
34359280;06/16/2020;49087;139;6070;5;;;52.34;5.53;NL;NLD;Netherlands;;
34710933;06/17/2020;49204;117;6074;4;;;52.34;5.53;NL;NLD;Netherlands;;
35200909;06/18/2020;49319;115;6078;4;;;52.34;5.53;NL;NLD;Netherlands;;
35985236;06/19/2020;49426;107;6081;3;;;52.34;5.53;NL;NLD;Netherlands;;
36401674;06/20/2020;49502;76;6089;8;;;52.34;5.53;NL;NLD;Netherlands;;
36994963;06/21/2020;49593;91;6090;1;;;52.34;5.53;NL;NLD;Netherlands;;
37630410;06/22/2020;49658;65;6090;0;;;52.34;5.53;NL;NLD;Netherlands;;
38241790;06/23/2020;49722;64;6095;5;;;52.34;5.53;NL;NLD;Netherlands;;
38810776;06/24/2020;49804;82;6097;2;;;52.34;5.53;NL;NLD;Netherlands;;
39281416;06/25/2020;49914;110;6100;3;;;52.34;5.53;NL;NLD;Netherlands;;
39281417;06/26/2020;50005;91;6103;3;;;52.34;5.53;NL;NLD;Netherlands;;
39281418;06/27/2020;50074;69;6105;2;;;52.34;5.53;NL;NLD;Netherlands;;
39281420;06/28/2020;50147;73;6105;0;;;52.34;5.53;NL;NLD;Netherlands;;
40243085;06/29/2020;50223;76;6107;2;;;52.34;5.53;NL;NLD;Netherlands;;
40552985;06/30/2020;50273;50;6113;6;;;52.34;5.53;NL;NLD;Netherlands;;
41129624;7-1-2020;50333;60;6113;0;;;52.34;5.53;NL;NLD;Netherlands;;
41129625;7-2-2020;50393;60;6113;0;;;52.34;5.53;NL;NLD;Netherlands;;
41129626;7-3-2020;50453;60;6113;0;;;52.34;5.53;NL;NLD;Netherlands;;
41129627;7-4-2020;50513;60;6113;0;;;52.34;5.53;NL;NLD;Netherlands;;
41129628;7-5-2020;50573;60;6113;0;;;52.34;5.53;NL;NLD;Netherlands;;
41129629;7-6-2020;50633;60;6113;0;;;52.34;5.53;NL;NLD;Netherlands;;
41142417;7-7-2020;50694;61;6132;19;;;52.34;5.53;NL;NLD;Netherlands;;
41493707;7-8-2020;50746;52;6135;3;;;52.34;5.53;NL;NLD;Netherlands;;
41808337;7-9-2020;50749;3;6137;2;;;52.34;5.53;NL;NLD;Netherlands;;
4485015;4-8-2020;78;;;;;;52.86;6.62;NL;NLD;Netherlands;Drenthe;
4859743;4-10-2020;112;34;;;;;52.86;6.62;NL;NLD;Netherlands;Drenthe;
5106701;4-12-2020;147;35;;;;;52.86;6.62;NL;NLD;Netherlands;Drenthe;
5296236;04/14/2020;182;35;;;;;52.86;6.62;NL;NLD;Netherlands;Drenthe;
5412863;04/16/2020;217;35;;;;;52.86;6.62;NL;NLD;Netherlands;Drenthe;
5447041;04/18/2020;252;35;;;;;52.86;6.62;NL;NLD;Netherlands;Drenthe;
5464649;04/20/2020;287;35;;;;;52.86;6.62;NL;NLD;Netherlands;Drenthe;
5543836;04/22/2020;322;35;;;;;52.86;6.62;NL;NLD;Netherlands;Drenthe;
6892356;04/24/2020;357;35;;;;;52.86;6.62;NL;NLD;Netherlands;Drenthe;
6987558;04/26/2020;392;35;;;;;52.86;6.62;NL;NLD;Netherlands;Drenthe;
7085024;04/28/2020;427;35;;;;;52.86;6.62;NL;NLD;Netherlands;Drenthe;
7521918;04/29/2020;462;35;;;;;52.86;6.62;NL;NLD;Netherlands;Drenthe;
8002064;04/30/2020;463;1;;;;;52.86;6.62;NL;NLD;Netherlands;Drenthe;
8477533;5-1-2020;464;1;;;;;52.86;6.62;NL;NLD;Netherlands;Drenthe;
8920648;5-2-2020;465;1;;;;;52.86;6.62;NL;NLD;Netherlands;Drenthe;
9388973;5-3-2020;467;2;;;;;52.86;6.62;NL;NLD;Netherlands;Drenthe;
9863769;5-4-2020;469;2;;;;;52.86;6.62;NL;NLD;Netherlands;Drenthe;
10307496;5-5-2020;471;2;;;;;52.86;6.62;NL;NLD;Netherlands;Drenthe;
10778407;5-6-2020;473;2;;;;;52.86;6.62;NL;NLD;Netherlands;Drenthe;
11284933;5-7-2020;475;2;;;;;52.86;6.62;NL;NLD;Netherlands;Drenthe;
11776532;5-8-2020;477;2;;;;;52.86;6.62;NL;NLD;Netherlands;Drenthe;
12224325;5-9-2020;479;2;;;;;52.86;6.62;NL;NLD;Netherlands;Drenthe;
12675072;5-10-2020;481;2;;;;;52.86;6.62;NL;NLD;Netherlands;Drenthe;
13153022;5-11-2020;483;2;;;;;52.86;6.62;NL;NLD;Netherlands;Drenthe;
13613448;5-12-2020;485;2;;;;;52.86;6.62;NL;NLD;Netherlands;Drenthe;
14063063;05/13/2020;487;2;;;;;52.86;6.62;NL;NLD;Netherlands;Drenthe;
14495270;05/14/2020;489;2;;;;;52.86;6.62;NL;NLD;Netherlands;Drenthe;
14920572;05/15/2020;491;2;;;;;52.86;6.62;NL;NLD;Netherlands;Drenthe;
15334660;05/16/2020;493;2;;;;;52.86;6.62;NL;NLD;Netherlands;Drenthe;
15765659;05/17/2020;495;2;;;;;52.86;6.62;NL;NLD;Netherlands;Drenthe;
16188077;05/18/2020;497;2;;;;;52.86;6.62;NL;NLD;Netherlands;Drenthe;
16630757;05/19/2020;499;2;;;;;52.86;6.62;NL;NLD;Netherlands;Drenthe;
17054591;05/20/2020;499;0;;;;;52.86;6.62;NL;NLD;Netherlands;Drenthe;
17464439;05/21/2020;499;0;;;;;52.86;6.62;NL;NLD;Netherlands;Drenthe;
17858047;05/22/2020;499;0;;;;;52.86;6.62;NL;NLD;Netherlands;Drenthe;
18284939;05/23/2020;499;0;;;;;52.86;6.62;NL;NLD;Netherlands;Drenthe;
18685203;05/24/2020;499;0;;;;;52.86;6.62;NL;NLD;Netherlands;Drenthe;
19069087;05/25/2020;499;0;;;;;52.86;6.62;NL;NLD;Netherlands;Drenthe;
19507700;05/26/2020;499;0;;;;;52.86;6.62;NL;NLD;Netherlands;Drenthe;
20119175;05/27/2020;499;0;;;;;52.86;6.62;NL;NLD;Netherlands;Drenthe;
20685611;05/28/2020;499;0;;;;;52.86;6.62;NL;NLD;Netherlands;Drenthe;
21233634;05/29/2020;500;1;;;;;52.86;6.62;NL;NLD;Netherlands;Drenthe;
21796337;05/30/2020;501;1;;;;;52.86;6.62;NL;NLD;Netherlands;Drenthe;
22320632;05/31/2020;502;1;;;;;52.86;6.62;NL;NLD;Netherlands;Drenthe;
22918797;6-1-2020;503;1;;;;;52.86;6.62;NL;NLD;Netherlands;Drenthe;
23454335;6-2-2020;504;1;;;;;52.86;6.62;NL;NLD;Netherlands;Drenthe;
23986952;6-3-2020;505;1;;;;;52.86;6.62;NL;NLD;Netherlands;Drenthe;
24519677;6-4-2020;506;1;;;;;52.86;6.62;NL;NLD;Netherlands;Drenthe;
25044117;6-5-2020;507;1;;;;;52.86;6.62;NL;NLD;Netherlands;Drenthe;
25561559;6-6-2020;508;1;;;;;52.86;6.62;NL;NLD;Netherlands;Drenthe;
26109052;6-7-2020;509;1;;;;;52.86;6.62;NL;NLD;Netherlands;Drenthe;
26646092;6-8-2020;510;1;;;;;52.86;6.62;NL;NLD;Netherlands;Drenthe;
27212719;6-9-2020;511;1;;;;;52.86;6.62;NL;NLD;Netherlands;Drenthe;
27756501;6-10-2020;512;1;;;;;52.86;6.62;NL;NLD;Netherlands;Drenthe;
28323646;6-11-2020;513;1;;;;;52.86;6.62;NL;NLD;Netherlands;Drenthe;
28866310;6-12-2020;514;1;;;;;52.86;6.62;NL;NLD;Netherlands;Drenthe;
29356791;06/13/2020;515;1;;;;;52.86;6.62;NL;NLD;Netherlands;Drenthe;
29864378;06/14/2020;516;1;;;;;52.86;6.62;NL;NLD;Netherlands;Drenthe;
30352035;06/15/2020;517;1;;;;;52.86;6.62;NL;NLD;Netherlands;Drenthe;
30858445;06/16/2020;518;1;;;;;52.86;6.62;NL;NLD;Netherlands;Drenthe;
31452928;06/17/2020;519;1;;;;;52.86;6.62;NL;NLD;Netherlands;Drenthe;
32033578;06/18/2020;520;1;;;;;52.86;6.62;NL;NLD;Netherlands;Drenthe;
32610255;06/19/2020;521;1;;;;;52.86;6.62;NL;NLD;Netherlands;Drenthe;
33197343;06/20/2020;522;1;;;;;52.86;6.62;NL;NLD;Netherlands;Drenthe;
33778867;06/21/2020;523;1;;;;;52.86;6.62;NL;NLD;Netherlands;Drenthe;
34412455;06/22/2020;524;1;;;;;52.86;6.62;NL;NLD;Netherlands;Drenthe;
34940105;06/23/2020;525;1;;;;;52.86;6.62;NL;NLD;Netherlands;Drenthe;
35481599;06/24/2020;526;1;;;;;52.86;6.62;NL;NLD;Netherlands;Drenthe;
36090914;06/25/2020;527;1;;;;;52.86;6.62;NL;NLD;Netherlands;Drenthe;
36688048;06/26/2020;528;1;;;;;52.86;6.62;NL;NLD;Netherlands;Drenthe;
37298142;06/27/2020;529;1;;;;;52.86;6.62;NL;NLD;Netherlands;Drenthe;
37925301;06/28/2020;530;1;;;;;52.86;6.62;NL;NLD;Netherlands;Drenthe;
38543307;06/29/2020;531;1;;;;;52.86;6.62;NL;NLD;Netherlands;Drenthe;
39017861;06/30/2020;532;1;;;;;52.86;6.62;NL;NLD;Netherlands;Drenthe;
39305086;7-1-2020;533;1;;;;;52.86;6.62;NL;NLD;Netherlands;Drenthe;
39588812;7-2-2020;533;0;;;;;52.86;6.62;NL;NLD;Netherlands;Drenthe;
39883701;7-3-2020;533;0;;;;;52.86;6.62;NL;NLD;Netherlands;Drenthe;
40158343;7-4-2020;533;0;;;;;52.86;6.62;NL;NLD;Netherlands;Drenthe;
40455493;7-5-2020;533;0;;;;;52.86;6.62;NL;NLD;Netherlands;Drenthe;
40771400;7-6-2020;533;0;;;;;52.86;6.62;NL;NLD;Netherlands;Drenthe;
41186659;7-7-2020;533;0;;;;;52.86;6.62;NL;NLD;Netherlands;Drenthe;
41494760;7-8-2020;533;0;;;;;52.86;6.62;NL;NLD;Netherlands;Drenthe;
41809028;7-9-2020;533;0;;;;;52.86;6.62;NL;NLD;Netherlands;Drenthe;
4485018;4-8-2020;105;;;;;;52.55;5.52;NL;NLD;Netherlands;Flevoland;
4859744;4-10-2020;159;54;;;;;52.55;5.52;NL;NLD;Netherlands;Flevoland;
5106702;4-12-2020;213;54;;;;;52.55;5.52;NL;NLD;Netherlands;Flevoland;
5296237;04/14/2020;267;54;;;;;52.55;5.52;NL;NLD;Netherlands;Flevoland;
5412864;04/16/2020;321;54;;;;;52.55;5.52;NL;NLD;Netherlands;Flevoland;
5447042;04/18/2020;376;55;;;;;52.55;5.52;NL;NLD;Netherlands;Flevoland;
5464650;04/20/2020;431;55;;;;;52.55;5.52;NL;NLD;Netherlands;Flevoland;
5543837;04/22/2020;486;55;;;;;52.55;5.52;NL;NLD;Netherlands;Flevoland;
6892357;04/24/2020;541;55;;;;;52.55;5.52;NL;NLD;Netherlands;Flevoland;
6987559;04/26/2020;596;55;;;;;52.55;5.52;NL;NLD;Netherlands;Flevoland;
7085025;04/28/2020;651;55;;;;;52.55;5.52;NL;NLD;Netherlands;Flevoland;
7521920;04/29/2020;706;55;;;;;52.55;5.52;NL;NLD;Netherlands;Flevoland;
8002065;04/30/2020;714;8;;;;;52.55;5.52;NL;NLD;Netherlands;Flevoland;
8477534;5-1-2020;722;8;;;;;52.55;5.52;NL;NLD;Netherlands;Flevoland;
8920651;5-2-2020;730;8;;;;;52.55;5.52;NL;NLD;Netherlands;Flevoland;
9388975;5-3-2020;738;8;;;;;52.55;5.52;NL;NLD;Netherlands;Flevoland;
9863770;5-4-2020;747;9;;;;;52.55;5.52;NL;NLD;Netherlands;Flevoland;
10307498;5-5-2020;756;9;;;;;52.55;5.52;NL;NLD;Netherlands;Flevoland;
10778408;5-6-2020;765;9;;;;;52.55;5.52;NL;NLD;Netherlands;Flevoland;
11284937;5-7-2020;774;9;;;;;52.55;5.52;NL;NLD;Netherlands;Flevoland;
11776534;5-8-2020;783;9;;;;;52.55;5.52;NL;NLD;Netherlands;Flevoland;
12224326;5-9-2020;792;9;;;;;52.55;5.52;NL;NLD;Netherlands;Flevoland;
12675074;5-10-2020;801;9;;;;;52.55;5.52;NL;NLD;Netherlands;Flevoland;
13153024;5-11-2020;810;9;;;;;52.55;5.52;NL;NLD;Netherlands;Flevoland;
13613451;5-12-2020;819;9;;;;;52.55;5.52;NL;NLD;Netherlands;Flevoland;
14063065;05/13/2020;828;9;;;;;52.55;5.52;NL;NLD;Netherlands;Flevoland;
14495272;05/14/2020;837;9;;;;;52.55;5.52;NL;NLD;Netherlands;Flevoland;
14920573;05/15/2020;846;9;;;;;52.55;5.52;NL;NLD;Netherlands;Flevoland;
15334662;05/16/2020;855;9;;;;;52.55;5.52;NL;NLD;Netherlands;Flevoland;
15765667;05/17/2020;864;9;;;;;52.55;5.52;NL;NLD;Netherlands;Flevoland;
16188078;05/18/2020;873;9;;;;;52.55;5.52;NL;NLD;Netherlands;Flevoland;
16630760;05/19/2020;882;9;;;;;52.55;5.52;NL;NLD;Netherlands;Flevoland;
17054592;05/20/2020;884;2;;;;;52.55;5.52;NL;NLD;Netherlands;Flevoland;
17464441;05/21/2020;886;2;;;;;52.55;5.52;NL;NLD;Netherlands;Flevoland;
17858049;05/22/2020;888;2;;;;;52.55;5.52;NL;NLD;Netherlands;Flevoland;
18284944;05/23/2020;890;2;;;;;52.55;5.52;NL;NLD;Netherlands;Flevoland;
18685204;05/24/2020;892;2;;;;;52.55;5.52;NL;NLD;Netherlands;Flevoland;
19069089;05/25/2020;894;2;;;;;52.55;5.52;NL;NLD;Netherlands;Flevoland;
19507701;05/26/2020;896;2;;;;;52.55;5.52;NL;NLD;Netherlands;Flevoland;
20119176;05/27/2020;898;2;;;;;52.55;5.52;NL;NLD;Netherlands;Flevoland;
20685612;05/28/2020;900;2;;;;;52.55;5.52;NL;NLD;Netherlands;Flevoland;
21233638;05/29/2020;902;2;;;;;52.55;5.52;NL;NLD;Netherlands;Flevoland;
21796338;05/30/2020;904;2;;;;;52.55;5.52;NL;NLD;Netherlands;Flevoland;
22320633;05/31/2020;906;2;;;;;52.55;5.52;NL;NLD;Netherlands;Flevoland;
22918798;6-1-2020;908;2;;;;;52.55;5.52;NL;NLD;Netherlands;Flevoland;
23454336;6-2-2020;910;2;;;;;52.55;5.52;NL;NLD;Netherlands;Flevoland;
23986954;6-3-2020;912;2;;;;;52.55;5.52;NL;NLD;Netherlands;Flevoland;
24519680;6-4-2020;914;2;;;;;52.55;5.52;NL;NLD;Netherlands;Flevoland;
25044118;6-5-2020;916;2;;;;;52.55;5.52;NL;NLD;Netherlands;Flevoland;
25561560;6-6-2020;918;2;;;;;52.55;5.52;NL;NLD;Netherlands;Flevoland;
26109053;6-7-2020;920;2;;;;;52.55;5.52;NL;NLD;Netherlands;Flevoland;
26646096;6-8-2020;922;2;;;;;52.55;5.52;NL;NLD;Netherlands;Flevoland;
27212721;6-9-2020;924;2;;;;;52.55;5.52;NL;NLD;Netherlands;Flevoland;
27756504;6-10-2020;926;2;;;;;52.55;5.52;NL;NLD;Netherlands;Flevoland;
28323648;6-11-2020;928;2;;;;;52.55;5.52;NL;NLD;Netherlands;Flevoland;
28866311;6-12-2020;930;2;;;;;52.55;5.52;NL;NLD;Netherlands;Flevoland;
29356793;06/13/2020;932;2;;;;;52.55;5.52;NL;NLD;Netherlands;Flevoland;
29864379;06/14/2020;934;2;;;;;52.55;5.52;NL;NLD;Netherlands;Flevoland;
30352048;06/15/2020;936;2;;;;;52.55;5.52;NL;NLD;Netherlands;Flevoland;
30858448;06/16/2020;939;3;;;;;52.55;5.52;NL;NLD;Netherlands;Flevoland;
31452929;06/17/2020;942;3;;;;;52.55;5.52;NL;NLD;Netherlands;Flevoland;
32033580;06/18/2020;945;3;;;;;52.55;5.52;NL;NLD;Netherlands;Flevoland;
32610256;06/19/2020;948;3;;;;;52.55;5.52;NL;NLD;Netherlands;Flevoland;
33197344;06/20/2020;951;3;;;;;52.55;5.52;NL;NLD;Netherlands;Flevoland;
33778869;06/21/2020;954;3;;;;;52.55;5.52;NL;NLD;Netherlands;Flevoland;
34412456;06/22/2020;957;3;;;;;52.55;5.52;NL;NLD;Netherlands;Flevoland;
34940106;06/23/2020;960;3;;;;;52.55;5.52;NL;NLD;Netherlands;Flevoland;
35481600;06/24/2020;963;3;;;;;52.55;5.52;NL;NLD;Netherlands;Flevoland;
36090915;06/25/2020;966;3;;;;;52.55;5.52;NL;NLD;Netherlands;Flevoland;
36688051;06/26/2020;969;3;;;;;52.55;5.52;NL;NLD;Netherlands;Flevoland;
37298145;06/27/2020;972;3;;;;;52.55;5.52;NL;NLD;Netherlands;Flevoland;
37925302;06/28/2020;975;3;;;;;52.55;5.52;NL;NLD;Netherlands;Flevoland;
38543310;06/29/2020;978;3;;;;;52.55;5.52;NL;NLD;Netherlands;Flevoland;
39017862;06/30/2020;981;3;;;;;52.55;5.52;NL;NLD;Netherlands;Flevoland;
39305087;7-1-2020;984;3;;;;;52.55;5.52;NL;NLD;Netherlands;Flevoland;
39588813;7-2-2020;984;0;;;;;52.55;5.52;NL;NLD;Netherlands;Flevoland;
39883703;7-3-2020;984;0;;;;;52.55;5.52;NL;NLD;Netherlands;Flevoland;
40158345;7-4-2020;984;0;;;;;52.55;5.52;NL;NLD;Netherlands;Flevoland;
40455496;7-5-2020;984;0;;;;;52.55;5.52;NL;NLD;Netherlands;Flevoland;
40771401;7-6-2020;984;0;;;;;52.55;5.52;NL;NLD;Netherlands;Flevoland;
41186660;7-7-2020;984;0;;;;;52.55;5.52;NL;NLD;Netherlands;Flevoland;
41494763;7-8-2020;984;0;;;;;52.55;5.52;NL;NLD;Netherlands;Flevoland;
41809031;7-9-2020;984;0;;;;;52.55;5.52;NL;NLD;Netherlands;Flevoland;
4485021;4-8-2020;81;;;;;;53.07;5.81;NL;NLD;Netherlands;Friesland;
4859745;4-10-2020;120;39;;;;;53.07;5.81;NL;NLD;Netherlands;Friesland;
5106703;4-12-2020;160;40;;;;;53.07;5.81;NL;NLD;Netherlands;Friesland;
5296238;04/14/2020;200;40;;;;;53.07;5.81;NL;NLD;Netherlands;Friesland;
5412865;04/16/2020;240;40;;;;;53.07;5.81;NL;NLD;Netherlands;Friesland;
5447043;04/18/2020;280;40;;;;;53.07;5.81;NL;NLD;Netherlands;Friesland;
5464651;04/20/2020;320;40;;;;;53.07;5.81;NL;NLD;Netherlands;Friesland;
5543838;04/22/2020;360;40;;;;;53.07;5.81;NL;NLD;Netherlands;Friesland;
6892358;04/24/2020;400;40;;;;;53.07;5.81;NL;NLD;Netherlands;Friesland;
6987560;04/26/2020;440;40;;;;;53.07;5.81;NL;NLD;Netherlands;Friesland;
7085026;04/28/2020;480;40;;;;;53.07;5.81;NL;NLD;Netherlands;Friesland;
7521922;04/29/2020;520;40;;;;;53.07;5.81;NL;NLD;Netherlands;Friesland;
8002067;04/30/2020;523;3;;;;;53.07;5.81;NL;NLD;Netherlands;Friesland;
8477535;5-1-2020;526;3;;;;;53.07;5.81;NL;NLD;Netherlands;Friesland;
8920654;5-2-2020;530;4;;;;;53.07;5.81;NL;NLD;Netherlands;Friesland;
9388978;5-3-2020;534;4;;;;;53.07;5.81;NL;NLD;Netherlands;Friesland;
9863771;5-4-2020;538;4;;;;;53.07;5.81;NL;NLD;Netherlands;Friesland;
10307500;5-5-2020;542;4;;;;;53.07;5.81;NL;NLD;Netherlands;Friesland;
10778410;5-6-2020;546;4;;;;;53.07;5.81;NL;NLD;Netherlands;Friesland;
11284941;5-7-2020;550;4;;;;;53.07;5.81;NL;NLD;Netherlands;Friesland;
11776535;5-8-2020;554;4;;;;;53.07;5.81;NL;NLD;Netherlands;Friesland;
12224328;5-9-2020;558;4;;;;;53.07;5.81;NL;NLD;Netherlands;Friesland;
12675076;5-10-2020;562;4;;;;;53.07;5.81;NL;NLD;Netherlands;Friesland;
13153026;5-11-2020;566;4;;;;;53.07;5.81;NL;NLD;Netherlands;Friesland;
13613453;5-12-2020;570;4;;;;;53.07;5.81;NL;NLD;Netherlands;Friesland;
14063067;05/13/2020;574;4;;;;;53.07;5.81;NL;NLD;Netherlands;Friesland;
14495274;05/14/2020;578;4;;;;;53.07;5.81;NL;NLD;Netherlands;Friesland;
14920576;05/15/2020;582;4;;;;;53.07;5.81;NL;NLD;Netherlands;Friesland;
15334664;05/16/2020;586;4;;;;;53.07;5.81;NL;NLD;Netherlands;Friesland;
15765675;05/17/2020;590;4;;;;;53.07;5.81;NL;NLD;Netherlands;Friesland;
16188079;05/18/2020;594;4;;;;;53.07;5.81;NL;NLD;Netherlands;Friesland;
16630763;05/19/2020;598;4;;;;;53.07;5.81;NL;NLD;Netherlands;Friesland;
17054593;05/20/2020;598;0;;;;;53.07;5.81;NL;NLD;Netherlands;Friesland;
17464442;05/21/2020;598;0;;;;;53.07;5.81;NL;NLD;Netherlands;Friesland;
17858050;05/22/2020;598;0;;;;;53.07;5.81;NL;NLD;Netherlands;Friesland;
18284948;05/23/2020;598;0;;;;;53.07;5.81;NL;NLD;Netherlands;Friesland;
18685206;05/24/2020;598;0;;;;;53.07;5.81;NL;NLD;Netherlands;Friesland;
19069091;05/25/2020;598;0;;;;;53.07;5.81;NL;NLD;Netherlands;Friesland;
19507702;05/26/2020;598;0;;;;;53.07;5.81;NL;NLD;Netherlands;Friesland;
20119177;05/27/2020;598;0;;;;;53.07;5.81;NL;NLD;Netherlands;Friesland;
20685614;05/28/2020;598;0;;;;;53.07;5.81;NL;NLD;Netherlands;Friesland;
21233642;05/29/2020;598;0;;;;;53.07;5.81;NL;NLD;Netherlands;Friesland;
21796340;05/30/2020;599;1;;;;;53.07;5.81;NL;NLD;Netherlands;Friesland;
22320634;05/31/2020;600;1;;;;;53.07;5.81;NL;NLD;Netherlands;Friesland;
22918801;6-1-2020;601;1;;;;;53.07;5.81;NL;NLD;Netherlands;Friesland;
23454337;6-2-2020;602;1;;;;;53.07;5.81;NL;NLD;Netherlands;Friesland;
23986957;6-3-2020;603;1;;;;;53.07;5.81;NL;NLD;Netherlands;Friesland;
24519681;6-4-2020;604;1;;;;;53.07;5.81;NL;NLD;Netherlands;Friesland;
25044120;6-5-2020;605;1;;;;;53.07;5.81;NL;NLD;Netherlands;Friesland;
25561561;6-6-2020;606;1;;;;;53.07;5.81;NL;NLD;Netherlands;Friesland;
26109055;6-7-2020;607;1;;;;;53.07;5.81;NL;NLD;Netherlands;Friesland;
26646098;6-8-2020;608;1;;;;;53.07;5.81;NL;NLD;Netherlands;Friesland;
27212724;6-9-2020;609;1;;;;;53.07;5.81;NL;NLD;Netherlands;Friesland;
27756507;6-10-2020;610;1;;;;;53.07;5.81;NL;NLD;Netherlands;Friesland;
28323650;6-11-2020;611;1;;;;;53.07;5.81;NL;NLD;Netherlands;Friesland;
28866312;6-12-2020;612;1;;;;;53.07;5.81;NL;NLD;Netherlands;Friesland;
29356794;06/13/2020;613;1;;;;;53.07;5.81;NL;NLD;Netherlands;Friesland;
29864380;06/14/2020;614;1;;;;;53.07;5.81;NL;NLD;Netherlands;Friesland;
30352058;06/15/2020;615;1;;;;;53.07;5.81;NL;NLD;Netherlands;Friesland;
30858451;06/16/2020;616;1;;;;;53.07;5.81;NL;NLD;Netherlands;Friesland;
31452930;06/17/2020;617;1;;;;;53.07;5.81;NL;NLD;Netherlands;Friesland;
32033583;06/18/2020;618;1;;;;;53.07;5.81;NL;NLD;Netherlands;Friesland;
32610257;06/19/2020;619;1;;;;;53.07;5.81;NL;NLD;Netherlands;Friesland;
33197345;06/20/2020;620;1;;;;;53.07;5.81;NL;NLD;Netherlands;Friesland;
33778870;06/21/2020;621;1;;;;;53.07;5.81;NL;NLD;Netherlands;Friesland;
34412458;06/22/2020;622;1;;;;;53.07;5.81;NL;NLD;Netherlands;Friesland;
34940107;06/23/2020;623;1;;;;;53.07;5.81;NL;NLD;Netherlands;Friesland;
35481601;06/24/2020;624;1;;;;;53.07;5.81;NL;NLD;Netherlands;Friesland;
36090916;06/25/2020;625;1;;;;;53.07;5.81;NL;NLD;Netherlands;Friesland;
36688053;06/26/2020;626;1;;;;;53.07;5.81;NL;NLD;Netherlands;Friesland;
37298148;06/27/2020;627;1;;;;;53.07;5.81;NL;NLD;Netherlands;Friesland;
37925304;06/28/2020;628;1;;;;;53.07;5.81;NL;NLD;Netherlands;Friesland;
38543313;06/29/2020;629;1;;;;;53.07;5.81;NL;NLD;Netherlands;Friesland;
39017863;06/30/2020;630;1;;;;;53.07;5.81;NL;NLD;Netherlands;Friesland;
39305088;7-1-2020;631;1;;;;;53.07;5.81;NL;NLD;Netherlands;Friesland;
39588815;7-2-2020;631;0;;;;;53.07;5.81;NL;NLD;Netherlands;Friesland;
39883706;7-3-2020;631;0;;;;;53.07;5.81;NL;NLD;Netherlands;Friesland;
40158347;7-4-2020;631;0;;;;;53.07;5.81;NL;NLD;Netherlands;Friesland;
40455499;7-5-2020;631;0;;;;;53.07;5.81;NL;NLD;Netherlands;Friesland;
40771402;7-6-2020;631;0;;;;;53.07;5.81;NL;NLD;Netherlands;Friesland;
41186661;7-7-2020;631;0;;;;;53.07;5.81;NL;NLD;Netherlands;Friesland;
41494767;7-8-2020;631;0;;;;;53.07;5.81;NL;NLD;Netherlands;Friesland;
41809034;7-9-2020;631;0;;;;;53.07;5.81;NL;NLD;Netherlands;Friesland;
4485023;4-8-2020;926;;;;;;52.06;5.94;NL;NLD;Netherlands;Gelderland;
4859746;4-10-2020;1289;363;;;;;52.06;5.94;NL;NLD;Netherlands;Gelderland;
5106704;4-12-2020;1652;363;;;;;52.06;5.94;NL;NLD;Netherlands;Gelderland;
5296239;04/14/2020;2015;363;;;;;52.06;5.94;NL;NLD;Netherlands;Gelderland;
5412866;04/16/2020;2378;363;;;;;52.06;5.94;NL;NLD;Netherlands;Gelderland;
5447044;04/18/2020;2742;364;;;;;52.06;5.94;NL;NLD;Netherlands;Gelderland;
5464652;04/20/2020;3106;364;;;;;52.06;5.94;NL;NLD;Netherlands;Gelderland;
5543839;04/22/2020;3470;364;;;;;52.06;5.94;NL;NLD;Netherlands;Gelderland;
6892359;04/24/2020;3834;364;;;;;52.06;5.94;NL;NLD;Netherlands;Gelderland;
6987561;04/26/2020;4198;364;;;;;52.06;5.94;NL;NLD;Netherlands;Gelderland;
7085027;04/28/2020;4562;364;;;;;52.06;5.94;NL;NLD;Netherlands;Gelderland;
7521924;04/29/2020;4926;364;;;;;52.06;5.94;NL;NLD;Netherlands;Gelderland;
8002068;04/30/2020;4958;32;;;;;52.06;5.94;NL;NLD;Netherlands;Gelderland;
8477536;5-1-2020;4990;32;;;;;52.06;5.94;NL;NLD;Netherlands;Gelderland;
8920657;5-2-2020;5022;32;;;;;52.06;5.94;NL;NLD;Netherlands;Gelderland;
9388981;5-3-2020;5054;32;;;;;52.06;5.94;NL;NLD;Netherlands;Gelderland;
9863772;5-4-2020;5086;32;;;;;52.06;5.94;NL;NLD;Netherlands;Gelderland;
10307501;5-5-2020;5118;32;;;;;52.06;5.94;NL;NLD;Netherlands;Gelderland;
10778412;5-6-2020;5150;32;;;;;52.06;5.94;NL;NLD;Netherlands;Gelderland;
11284944;5-7-2020;5182;32;;;;;52.06;5.94;NL;NLD;Netherlands;Gelderland;
11776537;5-8-2020;5214;32;;;;;52.06;5.94;NL;NLD;Netherlands;Gelderland;
12224329;5-9-2020;5246;32;;;;;52.06;5.94;NL;NLD;Netherlands;Gelderland;
12675078;5-10-2020;5278;32;;;;;52.06;5.94;NL;NLD;Netherlands;Gelderland;
13153029;5-11-2020;5310;32;;;;;52.06;5.94;NL;NLD;Netherlands;Gelderland;
13613455;5-12-2020;5343;33;;;;;52.06;5.94;NL;NLD;Netherlands;Gelderland;
14063068;05/13/2020;5376;33;;;;;52.06;5.94;NL;NLD;Netherlands;Gelderland;
14495275;05/14/2020;5409;33;;;;;52.06;5.94;NL;NLD;Netherlands;Gelderland;
14920577;05/15/2020;5442;33;;;;;52.06;5.94;NL;NLD;Netherlands;Gelderland;
15334666;05/16/2020;5475;33;;;;;52.06;5.94;NL;NLD;Netherlands;Gelderland;
15765680;05/17/2020;5508;33;;;;;52.06;5.94;NL;NLD;Netherlands;Gelderland;
16188080;05/18/2020;5541;33;;;;;52.06;5.94;NL;NLD;Netherlands;Gelderland;
16630766;05/19/2020;5574;33;;;;;52.06;5.94;NL;NLD;Netherlands;Gelderland;
17054594;05/20/2020;5594;20;;;;;52.06;5.94;NL;NLD;Netherlands;Gelderland;
17464444;05/21/2020;5614;20;;;;;52.06;5.94;NL;NLD;Netherlands;Gelderland;
17858052;05/22/2020;5634;20;;;;;52.06;5.94;NL;NLD;Netherlands;Gelderland;
18284950;05/23/2020;5654;20;;;;;52.06;5.94;NL;NLD;Netherlands;Gelderland;
18685208;05/24/2020;5674;20;;;;;52.06;5.94;NL;NLD;Netherlands;Gelderland;
19069093;05/25/2020;5695;21;;;;;52.06;5.94;NL;NLD;Netherlands;Gelderland;
19507703;05/26/2020;5716;21;;;;;52.06;5.94;NL;NLD;Netherlands;Gelderland;
20119178;05/27/2020;5737;21;;;;;52.06;5.94;NL;NLD;Netherlands;Gelderland;
20685616;05/28/2020;5758;21;;;;;52.06;5.94;NL;NLD;Netherlands;Gelderland;
21233645;05/29/2020;5779;21;;;;;52.06;5.94;NL;NLD;Netherlands;Gelderland;
21796341;05/30/2020;5800;21;;;;;52.06;5.94;NL;NLD;Netherlands;Gelderland;
22320636;05/31/2020;5821;21;;;;;52.06;5.94;NL;NLD;Netherlands;Gelderland;
22918802;6-1-2020;5842;21;;;;;52.06;5.94;NL;NLD;Netherlands;Gelderland;
23454338;6-2-2020;5863;21;;;;;52.06;5.94;NL;NLD;Netherlands;Gelderland;
23986960;6-3-2020;5884;21;;;;;52.06;5.94;NL;NLD;Netherlands;Gelderland;
24519683;6-4-2020;5905;21;;;;;52.06;5.94;NL;NLD;Netherlands;Gelderland;
25044121;6-5-2020;5926;21;;;;;52.06;5.94;NL;NLD;Netherlands;Gelderland;
25561562;6-6-2020;5947;21;;;;;52.06;5.94;NL;NLD;Netherlands;Gelderland;
26109056;6-7-2020;5968;21;;;;;52.06;5.94;NL;NLD;Netherlands;Gelderland;
26646101;6-8-2020;5989;21;;;;;52.06;5.94;NL;NLD;Netherlands;Gelderland;
27212727;6-9-2020;6010;21;;;;;52.06;5.94;NL;NLD;Netherlands;Gelderland;
27756510;6-10-2020;6031;21;;;;;52.06;5.94;NL;NLD;Netherlands;Gelderland;
28323652;6-11-2020;6052;21;;;;;52.06;5.94;NL;NLD;Netherlands;Gelderland;
28866315;6-12-2020;6073;21;;;;;52.06;5.94;NL;NLD;Netherlands;Gelderland;
29356796;06/13/2020;6094;21;;;;;52.06;5.94;NL;NLD;Netherlands;Gelderland;
29864381;06/14/2020;6115;21;;;;;52.06;5.94;NL;NLD;Netherlands;Gelderland;
30352072;06/15/2020;6136;21;;;;;52.06;5.94;NL;NLD;Netherlands;Gelderland;
30858454;06/16/2020;6157;21;;;;;52.06;5.94;NL;NLD;Netherlands;Gelderland;
31452931;06/17/2020;6178;21;;;;;52.06;5.94;NL;NLD;Netherlands;Gelderland;
32033585;06/18/2020;6199;21;;;;;52.06;5.94;NL;NLD;Netherlands;Gelderland;
32610259;06/19/2020;6220;21;;;;;52.06;5.94;NL;NLD;Netherlands;Gelderland;
33197346;06/20/2020;6241;21;;;;;52.06;5.94;NL;NLD;Netherlands;Gelderland;
33778872;06/21/2020;6262;21;;;;;52.06;5.94;NL;NLD;Netherlands;Gelderland;
34412460;06/22/2020;6283;21;;;;;52.06;5.94;NL;NLD;Netherlands;Gelderland;
34940108;06/23/2020;6304;21;;;;;52.06;5.94;NL;NLD;Netherlands;Gelderland;
35481602;06/24/2020;6325;21;;;;;52.06;5.94;NL;NLD;Netherlands;Gelderland;
36090917;06/25/2020;6346;21;;;;;52.06;5.94;NL;NLD;Netherlands;Gelderland;
36688056;06/26/2020;6367;21;;;;;52.06;5.94;NL;NLD;Netherlands;Gelderland;
37298150;06/27/2020;6388;21;;;;;52.06;5.94;NL;NLD;Netherlands;Gelderland;
37925306;06/28/2020;6409;21;;;;;52.06;5.94;NL;NLD;Netherlands;Gelderland;
38543316;06/29/2020;6430;21;;;;;52.06;5.94;NL;NLD;Netherlands;Gelderland;
39017864;06/30/2020;6451;21;;;;;52.06;5.94;NL;NLD;Netherlands;Gelderland;
39305089;7-1-2020;6472;21;;;;;52.06;5.94;NL;NLD;Netherlands;Gelderland;
39588816;7-2-2020;6472;0;;;;;52.06;5.94;NL;NLD;Netherlands;Gelderland;
39883708;7-3-2020;6472;0;;;;;52.06;5.94;NL;NLD;Netherlands;Gelderland;
40158349;7-4-2020;6472;0;;;;;52.06;5.94;NL;NLD;Netherlands;Gelderland;
40455502;7-5-2020;6472;0;;;;;52.06;5.94;NL;NLD;Netherlands;Gelderland;
40771403;7-6-2020;6472;0;;;;;52.06;5.94;NL;NLD;Netherlands;Gelderland;
41186662;7-7-2020;6472;0;;;;;52.06;5.94;NL;NLD;Netherlands;Gelderland;
41494768;7-8-2020;6472;0;;;;;52.06;5.94;NL;NLD;Netherlands;Gelderland;
41809038;7-9-2020;6472;0;;;;;52.06;5.94;NL;NLD;Netherlands;Gelderland;
4485025;4-8-2020;120;;;;;;53.22;6.75;NL;NLD;Netherlands;Groningen;
4859747;4-10-2020;139;19;;;;;53.22;6.75;NL;NLD;Netherlands;Groningen;
5106705;4-12-2020;158;19;;;;;53.22;6.75;NL;NLD;Netherlands;Groningen;
5296240;04/14/2020;177;19;;;;;53.22;6.75;NL;NLD;Netherlands;Groningen;
5412867;04/16/2020;196;19;;;;;53.22;6.75;NL;NLD;Netherlands;Groningen;
5447045;04/18/2020;215;19;;;;;53.22;6.75;NL;NLD;Netherlands;Groningen;
5464653;04/20/2020;234;19;;;;;53.22;6.75;NL;NLD;Netherlands;Groningen;
5543840;04/22/2020;254;20;;;;;53.22;6.75;NL;NLD;Netherlands;Groningen;
6892360;04/24/2020;274;20;;;;;53.22;6.75;NL;NLD;Netherlands;Groningen;
6987562;04/26/2020;294;20;;;;;53.22;6.75;NL;NLD;Netherlands;Groningen;
7085028;04/28/2020;314;20;;;;;53.22;6.75;NL;NLD;Netherlands;Groningen;
7521925;04/29/2020;334;20;;;;;53.22;6.75;NL;NLD;Netherlands;Groningen;
8002070;04/30/2020;334;0;;;;;53.22;6.75;NL;NLD;Netherlands;Groningen;
8477537;5-1-2020;334;0;;;;;53.22;6.75;NL;NLD;Netherlands;Groningen;
8920660;5-2-2020;334;0;;;;;53.22;6.75;NL;NLD;Netherlands;Groningen;
9388984;5-3-2020;334;0;;;;;53.22;6.75;NL;NLD;Netherlands;Groningen;
9863773;5-4-2020;334;0;;;;;53.22;6.75;NL;NLD;Netherlands;Groningen;
10307503;5-5-2020;334;0;;;;;53.22;6.75;NL;NLD;Netherlands;Groningen;
10778413;5-6-2020;334;0;;;;;53.22;6.75;NL;NLD;Netherlands;Groningen;
11284947;5-7-2020;334;0;;;;;53.22;6.75;NL;NLD;Netherlands;Groningen;
11776540;5-8-2020;334;0;;;;;53.22;6.75;NL;NLD;Netherlands;Groningen;
12224331;5-9-2020;334;0;;;;;53.22;6.75;NL;NLD;Netherlands;Groningen;
12675080;5-10-2020;335;1;;;;;53.22;6.75;NL;NLD;Netherlands;Groningen;
13153031;5-11-2020;336;1;;;;;53.22;6.75;NL;NLD;Netherlands;Groningen;
13613457;5-12-2020;337;1;;;;;53.22;6.75;NL;NLD;Netherlands;Groningen;
14063070;05/13/2020;338;1;;;;;53.22;6.75;NL;NLD;Netherlands;Groningen;
14495277;05/14/2020;339;1;;;;;53.22;6.75;NL;NLD;Netherlands;Groningen;
14920580;05/15/2020;340;1;;;;;53.22;6.75;NL;NLD;Netherlands;Groningen;
15334668;05/16/2020;341;1;;;;;53.22;6.75;NL;NLD;Netherlands;Groningen;
15765684;05/17/2020;342;1;;;;;53.22;6.75;NL;NLD;Netherlands;Groningen;
16188081;05/18/2020;343;1;;;;;53.22;6.75;NL;NLD;Netherlands;Groningen;
16630769;05/19/2020;344;1;;;;;53.22;6.75;NL;NLD;Netherlands;Groningen;
17054595;05/20/2020;344;0;;;;;53.22;6.75;NL;NLD;Netherlands;Groningen;
17464445;05/21/2020;344;0;;;;;53.22;6.75;NL;NLD;Netherlands;Groningen;
17858053;05/22/2020;344;0;;;;;53.22;6.75;NL;NLD;Netherlands;Groningen;
18284953;05/23/2020;344;0;;;;;53.22;6.75;NL;NLD;Netherlands;Groningen;
18685210;05/24/2020;344;0;;;;;53.22;6.75;NL;NLD;Netherlands;Groningen;
19069095;05/25/2020;344;0;;;;;53.22;6.75;NL;NLD;Netherlands;Groningen;
19507704;05/26/2020;344;0;;;;;53.22;6.75;NL;NLD;Netherlands;Groningen;
20119179;05/27/2020;344;0;;;;;53.22;6.75;NL;NLD;Netherlands;Groningen;
20685618;05/28/2020;344;0;;;;;53.22;6.75;NL;NLD;Netherlands;Groningen;
21233649;05/29/2020;344;0;;;;;53.22;6.75;NL;NLD;Netherlands;Groningen;
21796343;05/30/2020;344;0;;;;;53.22;6.75;NL;NLD;Netherlands;Groningen;
22320638;05/31/2020;344;0;;;;;53.22;6.75;NL;NLD;Netherlands;Groningen;
22918805;6-1-2020;344;0;;;;;53.22;6.75;NL;NLD;Netherlands;Groningen;
23454339;6-2-2020;344;0;;;;;53.22;6.75;NL;NLD;Netherlands;Groningen;
23986964;6-3-2020;344;0;;;;;53.22;6.75;NL;NLD;Netherlands;Groningen;
24519684;6-4-2020;344;0;;;;;53.22;6.75;NL;NLD;Netherlands;Groningen;
25044122;6-5-2020;344;0;;;;;53.22;6.75;NL;NLD;Netherlands;Groningen;
25561564;6-6-2020;344;0;;;;;53.22;6.75;NL;NLD;Netherlands;Groningen;
26109057;6-7-2020;344;0;;;;;53.22;6.75;NL;NLD;Netherlands;Groningen;
26646104;6-8-2020;344;0;;;;;53.22;6.75;NL;NLD;Netherlands;Groningen;
27212730;6-9-2020;344;0;;;;;53.22;6.75;NL;NLD;Netherlands;Groningen;
27756512;6-10-2020;344;0;;;;;53.22;6.75;NL;NLD;Netherlands;Groningen;
28323654;6-11-2020;344;0;;;;;53.22;6.75;NL;NLD;Netherlands;Groningen;
28866317;6-12-2020;344;0;;;;;53.22;6.75;NL;NLD;Netherlands;Groningen;
29356797;06/13/2020;344;0;;;;;53.22;6.75;NL;NLD;Netherlands;Groningen;
29864382;06/14/2020;345;1;;;;;53.22;6.75;NL;NLD;Netherlands;Groningen;
30352077;06/15/2020;346;1;;;;;53.22;6.75;NL;NLD;Netherlands;Groningen;
30858458;06/16/2020;347;1;;;;;53.22;6.75;NL;NLD;Netherlands;Groningen;
31452932;06/17/2020;348;1;;;;;53.22;6.75;NL;NLD;Netherlands;Groningen;
32033587;06/18/2020;349;1;;;;;53.22;6.75;NL;NLD;Netherlands;Groningen;
32610260;06/19/2020;350;1;;;;;53.22;6.75;NL;NLD;Netherlands;Groningen;
33197347;06/20/2020;351;1;;;;;53.22;6.75;NL;NLD;Netherlands;Groningen;
33778873;06/21/2020;352;1;;;;;53.22;6.75;NL;NLD;Netherlands;Groningen;
34412461;06/22/2020;353;1;;;;;53.22;6.75;NL;NLD;Netherlands;Groningen;
34940109;06/23/2020;354;1;;;;;53.22;6.75;NL;NLD;Netherlands;Groningen;
35481603;06/24/2020;355;1;;;;;53.22;6.75;NL;NLD;Netherlands;Groningen;
36090919;06/25/2020;356;1;;;;;53.22;6.75;NL;NLD;Netherlands;Groningen;
36688059;06/26/2020;357;1;;;;;53.22;6.75;NL;NLD;Netherlands;Groningen;
37298153;06/27/2020;358;1;;;;;53.22;6.75;NL;NLD;Netherlands;Groningen;
37925308;06/28/2020;359;1;;;;;53.22;6.75;NL;NLD;Netherlands;Groningen;
38543319;06/29/2020;360;1;;;;;53.22;6.75;NL;NLD;Netherlands;Groningen;
39017865;06/30/2020;361;1;;;;;53.22;6.75;NL;NLD;Netherlands;Groningen;
39305090;7-1-2020;362;1;;;;;53.22;6.75;NL;NLD;Netherlands;Groningen;
39588818;7-2-2020;362;0;;;;;53.22;6.75;NL;NLD;Netherlands;Groningen;
39883711;7-3-2020;362;0;;;;;53.22;6.75;NL;NLD;Netherlands;Groningen;
40158350;7-4-2020;362;0;;;;;53.22;6.75;NL;NLD;Netherlands;Groningen;
40455505;7-5-2020;362;0;;;;;53.22;6.75;NL;NLD;Netherlands;Groningen;
40771404;7-6-2020;362;0;;;;;53.22;6.75;NL;NLD;Netherlands;Groningen;
41186663;7-7-2020;362;0;;;;;53.22;6.75;NL;NLD;Netherlands;Groningen;
41494771;7-8-2020;362;0;;;;;53.22;6.75;NL;NLD;Netherlands;Groningen;
41809041;7-9-2020;362;0;;;;;53.22;6.75;NL;NLD;Netherlands;Groningen;
4485027;4-8-2020;943;;;;;;51.21;5.93;NL;NLD;Netherlands;Limburg;
4859748;4-10-2020;1220;277;;;;;51.21;5.93;NL;NLD;Netherlands;Limburg;
5106706;4-12-2020;1497;277;;;;;51.21;5.93;NL;NLD;Netherlands;Limburg;
5296241;04/14/2020;1774;277;;;;;51.21;5.93;NL;NLD;Netherlands;Limburg;
5412868;04/16/2020;2051;277;;;;;51.21;5.93;NL;NLD;Netherlands;Limburg;
5447046;04/18/2020;2328;277;;;;;51.21;5.93;NL;NLD;Netherlands;Limburg;
5464654;04/20/2020;2605;277;;;;;51.21;5.93;NL;NLD;Netherlands;Limburg;
5543841;04/22/2020;2882;277;;;;;51.21;5.93;NL;NLD;Netherlands;Limburg;
6892361;04/24/2020;3159;277;;;;;51.21;5.93;NL;NLD;Netherlands;Limburg;
6987563;04/26/2020;3436;277;;;;;51.21;5.93;NL;NLD;Netherlands;Limburg;
7085029;04/28/2020;3713;277;;;;;51.21;5.93;NL;NLD;Netherlands;Limburg;
7521926;04/29/2020;3990;277;;;;;51.21;5.93;NL;NLD;Netherlands;Limburg;
8002072;04/30/2020;4017;27;;;;;51.21;5.93;NL;NLD;Netherlands;Limburg;
8477538;5-1-2020;4044;27;;;;;51.21;5.93;NL;NLD;Netherlands;Limburg;
8920662;5-2-2020;4071;27;;;;;51.21;5.93;NL;NLD;Netherlands;Limburg;
9388987;5-3-2020;4098;27;;;;;51.21;5.93;NL;NLD;Netherlands;Limburg;
9863774;5-4-2020;4125;27;;;;;51.21;5.93;NL;NLD;Netherlands;Limburg;
10307504;5-5-2020;4152;27;;;;;51.21;5.93;NL;NLD;Netherlands;Limburg;
10778415;5-6-2020;4179;27;;;;;51.21;5.93;NL;NLD;Netherlands;Limburg;
11284951;5-7-2020;4206;27;;;;;51.21;5.93;NL;NLD;Netherlands;Limburg;
11776543;5-8-2020;4233;27;;;;;51.21;5.93;NL;NLD;Netherlands;Limburg;
12224332;5-9-2020;4260;27;;;;;51.21;5.93;NL;NLD;Netherlands;Limburg;
12675081;5-10-2020;4287;27;;;;;51.21;5.93;NL;NLD;Netherlands;Limburg;
13153033;5-11-2020;4314;27;;;;;51.21;5.93;NL;NLD;Netherlands;Limburg;
13613459;5-12-2020;4341;27;;;;;51.21;5.93;NL;NLD;Netherlands;Limburg;
14063072;05/13/2020;4368;27;;;;;51.21;5.93;NL;NLD;Netherlands;Limburg;
14495279;05/14/2020;4395;27;;;;;51.21;5.93;NL;NLD;Netherlands;Limburg;
14920581;05/15/2020;4422;27;;;;;51.21;5.93;NL;NLD;Netherlands;Limburg;
15334670;05/16/2020;4450;28;;;;;51.21;5.93;NL;NLD;Netherlands;Limburg;
15765688;05/17/2020;4478;28;;;;;51.21;5.93;NL;NLD;Netherlands;Limburg;
16188082;05/18/2020;4506;28;;;;;51.21;5.93;NL;NLD;Netherlands;Limburg;
16630771;05/19/2020;4534;28;;;;;51.21;5.93;NL;NLD;Netherlands;Limburg;
17054596;05/20/2020;4541;7;;;;;51.21;5.93;NL;NLD;Netherlands;Limburg;
17464447;05/21/2020;4548;7;;;;;51.21;5.93;NL;NLD;Netherlands;Limburg;
17858055;05/22/2020;4555;7;;;;;51.21;5.93;NL;NLD;Netherlands;Limburg;
18284958;05/23/2020;4562;7;;;;;51.21;5.93;NL;NLD;Netherlands;Limburg;
18685212;05/24/2020;4569;7;;;;;51.21;5.93;NL;NLD;Netherlands;Limburg;
19069096;05/25/2020;4576;7;;;;;51.21;5.93;NL;NLD;Netherlands;Limburg;
19507705;05/26/2020;4583;7;;;;;51.21;5.93;NL;NLD;Netherlands;Limburg;
20119180;05/27/2020;4590;7;;;;;51.21;5.93;NL;NLD;Netherlands;Limburg;
20685620;05/28/2020;4597;7;;;;;51.21;5.93;NL;NLD;Netherlands;Limburg;
21233653;05/29/2020;4604;7;;;;;51.21;5.93;NL;NLD;Netherlands;Limburg;
21796344;05/30/2020;4611;7;;;;;51.21;5.93;NL;NLD;Netherlands;Limburg;
22320639;05/31/2020;4618;7;;;;;51.21;5.93;NL;NLD;Netherlands;Limburg;
22918806;6-1-2020;4625;7;;;;;51.21;5.93;NL;NLD;Netherlands;Limburg;
23454341;6-2-2020;4632;7;;;;;51.21;5.93;NL;NLD;Netherlands;Limburg;
23986967;6-3-2020;4639;7;;;;;51.21;5.93;NL;NLD;Netherlands;Limburg;
24519686;6-4-2020;4647;8;;;;;51.21;5.93;NL;NLD;Netherlands;Limburg;
25044124;6-5-2020;4655;8;;;;;51.21;5.93;NL;NLD;Netherlands;Limburg;
25561565;6-6-2020;4663;8;;;;;51.21;5.93;NL;NLD;Netherlands;Limburg;
26109058;6-7-2020;4671;8;;;;;51.21;5.93;NL;NLD;Netherlands;Limburg;
26646106;6-8-2020;4679;8;;;;;51.21;5.93;NL;NLD;Netherlands;Limburg;
27212733;6-9-2020;4687;8;;;;;51.21;5.93;NL;NLD;Netherlands;Limburg;
27756514;6-10-2020;4695;8;;;;;51.21;5.93;NL;NLD;Netherlands;Limburg;
28323655;6-11-2020;4703;8;;;;;51.21;5.93;NL;NLD;Netherlands;Limburg;
28866318;6-12-2020;4711;8;;;;;51.21;5.93;NL;NLD;Netherlands;Limburg;
29356798;06/13/2020;4719;8;;;;;51.21;5.93;NL;NLD;Netherlands;Limburg;
29864383;06/14/2020;4727;8;;;;;51.21;5.93;NL;NLD;Netherlands;Limburg;
30352090;06/15/2020;4735;8;;;;;51.21;5.93;NL;NLD;Netherlands;Limburg;
30858461;06/16/2020;4743;8;;;;;51.21;5.93;NL;NLD;Netherlands;Limburg;
31452933;06/17/2020;4751;8;;;;;51.21;5.93;NL;NLD;Netherlands;Limburg;
32033590;06/18/2020;4759;8;;;;;51.21;5.93;NL;NLD;Netherlands;Limburg;
32610261;06/19/2020;4767;8;;;;;51.21;5.93;NL;NLD;Netherlands;Limburg;
33197348;06/20/2020;4775;8;;;;;51.21;5.93;NL;NLD;Netherlands;Limburg;
33778874;06/21/2020;4783;8;;;;;51.21;5.93;NL;NLD;Netherlands;Limburg;
34412463;06/22/2020;4791;8;;;;;51.21;5.93;NL;NLD;Netherlands;Limburg;
34940110;06/23/2020;4799;8;;;;;51.21;5.93;NL;NLD;Netherlands;Limburg;
35481604;06/24/2020;4807;8;;;;;51.21;5.93;NL;NLD;Netherlands;Limburg;
36090920;06/25/2020;4815;8;;;;;51.21;5.93;NL;NLD;Netherlands;Limburg;
36688061;06/26/2020;4823;8;;;;;51.21;5.93;NL;NLD;Netherlands;Limburg;
37298156;06/27/2020;4831;8;;;;;51.21;5.93;NL;NLD;Netherlands;Limburg;
37925309;06/28/2020;4839;8;;;;;51.21;5.93;NL;NLD;Netherlands;Limburg;
38543322;06/29/2020;4847;8;;;;;51.21;5.93;NL;NLD;Netherlands;Limburg;
39017866;06/30/2020;4855;8;;;;;51.21;5.93;NL;NLD;Netherlands;Limburg;
39305091;7-1-2020;4863;8;;;;;51.21;5.93;NL;NLD;Netherlands;Limburg;
39588819;7-2-2020;4863;0;;;;;51.21;5.93;NL;NLD;Netherlands;Limburg;
39883713;7-3-2020;4863;0;;;;;51.21;5.93;NL;NLD;Netherlands;Limburg;
40158353;7-4-2020;4863;0;;;;;51.21;5.93;NL;NLD;Netherlands;Limburg;
40455508;7-5-2020;4863;0;;;;;51.21;5.93;NL;NLD;Netherlands;Limburg;
40771405;7-6-2020;4863;0;;;;;51.21;5.93;NL;NLD;Netherlands;Limburg;
41186665;7-7-2020;4863;0;;;;;51.21;5.93;NL;NLD;Netherlands;Limburg;
41494774;7-8-2020;4863;0;;;;;51.21;5.93;NL;NLD;Netherlands;Limburg;
41809044;7-9-2020;4863;0;;;;;51.21;5.93;NL;NLD;Netherlands;Limburg;
4485029;4-8-2020;2426;;;;;;51.56;5.18;NL;NLD;Netherlands;North Brabant;
4859749;4-10-2020;2892;466;;;;;51.56;5.18;NL;NLD;Netherlands;North Brabant;
5106707;4-12-2020;3358;466;;;;;51.56;5.18;NL;NLD;Netherlands;North Brabant;
5296242;04/14/2020;3825;467;;;;;51.56;5.18;NL;NLD;Netherlands;North Brabant;
5412869;04/16/2020;4292;467;;;;;51.56;5.18;NL;NLD;Netherlands;North Brabant;
5447047;04/18/2020;4759;467;;;;;51.56;5.18;NL;NLD;Netherlands;North Brabant;
5464655;04/20/2020;5226;467;;;;;51.56;5.18;NL;NLD;Netherlands;North Brabant;
5543842;04/22/2020;5693;467;;;;;51.56;5.18;NL;NLD;Netherlands;North Brabant;
6892362;04/24/2020;6160;467;;;;;51.56;5.18;NL;NLD;Netherlands;North Brabant;
6987564;04/26/2020;6627;467;;;;;51.56;5.18;NL;NLD;Netherlands;North Brabant;
7085030;04/28/2020;7094;467;;;;;51.56;5.18;NL;NLD;Netherlands;North Brabant;
7165113;04/29/2020;7561;467;;;;;51.56;5.18;NL;NLD;Netherlands;North Brabant;
8477539;5-1-2020;8028;467;;;;;51.56;5.18;NL;NLD;Netherlands;North Brabant;
8920667;5-2-2020;8064;36;;;;;51.56;5.18;NL;NLD;Netherlands;North Brabant;
9388989;5-3-2020;8100;36;;;;;51.56;5.18;NL;NLD;Netherlands;North Brabant;
9863775;5-4-2020;8137;37;;;;;51.56;5.18;NL;NLD;Netherlands;North Brabant;
10307505;5-5-2020;8174;37;;;;;51.56;5.18;NL;NLD;Netherlands;North Brabant;
10778416;5-6-2020;8211;37;;;;;51.56;5.18;NL;NLD;Netherlands;North Brabant;
11284954;5-7-2020;8248;37;;;;;51.56;5.18;NL;NLD;Netherlands;North Brabant;
11776546;5-8-2020;8285;37;;;;;51.56;5.18;NL;NLD;Netherlands;North Brabant;
12224334;5-9-2020;8322;37;;;;;51.56;5.18;NL;NLD;Netherlands;North Brabant;
12675082;5-10-2020;8359;37;;;;;51.56;5.18;NL;NLD;Netherlands;North Brabant;
13153035;5-11-2020;8396;37;;;;;51.56;5.18;NL;NLD;Netherlands;North Brabant;
13613461;5-12-2020;8433;37;;;;;51.56;5.18;NL;NLD;Netherlands;North Brabant;
14063075;05/13/2020;8470;37;;;;;51.56;5.18;NL;NLD;Netherlands;North Brabant;
14495281;05/14/2020;8507;37;;;;;51.56;5.18;NL;NLD;Netherlands;North Brabant;
14920583;05/15/2020;8544;37;;;;;51.56;5.18;NL;NLD;Netherlands;North Brabant;
15334671;05/16/2020;8581;37;;;;;51.56;5.18;NL;NLD;Netherlands;North Brabant;
15765692;05/17/2020;8618;37;;;;;51.56;5.18;NL;NLD;Netherlands;North Brabant;
16188083;05/18/2020;8655;37;;;;;51.56;5.18;NL;NLD;Netherlands;North Brabant;
16630774;05/19/2020;8692;37;;;;;51.56;5.18;NL;NLD;Netherlands;North Brabant;
17054597;05/20/2020;8712;20;;;;;51.56;5.18;NL;NLD;Netherlands;North Brabant;
17464448;05/21/2020;8732;20;;;;;51.56;5.18;NL;NLD;Netherlands;North Brabant;
17858056;05/22/2020;8753;21;;;;;51.56;5.18;NL;NLD;Netherlands;North Brabant;
18284964;05/23/2020;8774;21;;;;;51.56;5.18;NL;NLD;Netherlands;North Brabant;
18685214;05/24/2020;8795;21;;;;;51.56;5.18;NL;NLD;Netherlands;North Brabant;
19069097;05/25/2020;8816;21;;;;;51.56;5.18;NL;NLD;Netherlands;North Brabant;
19507706;05/26/2020;8837;21;;;;;51.56;5.18;NL;NLD;Netherlands;North Brabant;
20119181;05/27/2020;8858;21;;;;;51.56;5.18;NL;NLD;Netherlands;North Brabant;
20685622;05/28/2020;8879;21;;;;;51.56;5.18;NL;NLD;Netherlands;North Brabant;
21233658;05/29/2020;8900;21;;;;;51.56;5.18;NL;NLD;Netherlands;North Brabant;
21796345;05/30/2020;8921;21;;;;;51.56;5.18;NL;NLD;Netherlands;North Brabant;
22320640;05/31/2020;8942;21;;;;;51.56;5.18;NL;NLD;Netherlands;North Brabant;
22918809;6-1-2020;8963;21;;;;;51.56;5.18;NL;NLD;Netherlands;North Brabant;
23454342;6-2-2020;8984;21;;;;;51.56;5.18;NL;NLD;Netherlands;North Brabant;
23986970;6-3-2020;9005;21;;;;;51.56;5.18;NL;NLD;Netherlands;North Brabant;
24519687;6-4-2020;9026;21;;;;;51.56;5.18;NL;NLD;Netherlands;North Brabant;
25044125;6-5-2020;9047;21;;;;;51.56;5.18;NL;NLD;Netherlands;North Brabant;
25561566;6-6-2020;9068;21;;;;;51.56;5.18;NL;NLD;Netherlands;North Brabant;
26109059;6-7-2020;9089;21;;;;;51.56;5.18;NL;NLD;Netherlands;North Brabant;
26646109;6-8-2020;9110;21;;;;;51.56;5.18;NL;NLD;Netherlands;North Brabant;
27212735;6-9-2020;9131;21;;;;;51.56;5.18;NL;NLD;Netherlands;North Brabant;
27756516;6-10-2020;9152;21;;;;;51.56;5.18;NL;NLD;Netherlands;North Brabant;
28323656;6-11-2020;9173;21;;;;;51.56;5.18;NL;NLD;Netherlands;North Brabant;
28866319;6-12-2020;9194;21;;;;;51.56;5.18;NL;NLD;Netherlands;North Brabant;
29356799;06/13/2020;9215;21;;;;;51.56;5.18;NL;NLD;Netherlands;North Brabant;
29864384;06/14/2020;9236;21;;;;;51.56;5.18;NL;NLD;Netherlands;North Brabant;
30352104;06/15/2020;9257;21;;;;;51.56;5.18;NL;NLD;Netherlands;North Brabant;
30858464;06/16/2020;9278;21;;;;;51.56;5.18;NL;NLD;Netherlands;North Brabant;
31452935;06/17/2020;9299;21;;;;;51.56;5.18;NL;NLD;Netherlands;North Brabant;
32033592;06/18/2020;9320;21;;;;;51.56;5.18;NL;NLD;Netherlands;North Brabant;
32610263;06/19/2020;9341;21;;;;;51.56;5.18;NL;NLD;Netherlands;North Brabant;
33197349;06/20/2020;9362;21;;;;;51.56;5.18;NL;NLD;Netherlands;North Brabant;
33778875;06/21/2020;9383;21;;;;;51.56;5.18;NL;NLD;Netherlands;North Brabant;
34412465;06/22/2020;9404;21;;;;;51.56;5.18;NL;NLD;Netherlands;North Brabant;
34940111;06/23/2020;9425;21;;;;;51.56;5.18;NL;NLD;Netherlands;North Brabant;
35481606;06/24/2020;9446;21;;;;;51.56;5.18;NL;NLD;Netherlands;North Brabant;
36090921;06/25/2020;9467;21;;;;;51.56;5.18;NL;NLD;Netherlands;North Brabant;
36688064;06/26/2020;9488;21;;;;;51.56;5.18;NL;NLD;Netherlands;North Brabant;
37298159;06/27/2020;9509;21;;;;;51.56;5.18;NL;NLD;Netherlands;North Brabant;
37925311;06/28/2020;9530;21;;;;;51.56;5.18;NL;NLD;Netherlands;North Brabant;
38543325;06/29/2020;9551;21;;;;;51.56;5.18;NL;NLD;Netherlands;North Brabant;
39017867;06/30/2020;9572;21;;;;;51.56;5.18;NL;NLD;Netherlands;North Brabant;
39305092;7-1-2020;9593;21;;;;;51.56;5.18;NL;NLD;Netherlands;North Brabant;
39588821;7-2-2020;9593;0;;;;;51.56;5.18;NL;NLD;Netherlands;North Brabant;
39883717;7-3-2020;9593;0;;;;;51.56;5.18;NL;NLD;Netherlands;North Brabant;
40158355;7-4-2020;9593;0;;;;;51.56;5.18;NL;NLD;Netherlands;North Brabant;
40455511;7-5-2020;9593;0;;;;;51.56;5.18;NL;NLD;Netherlands;North Brabant;
40771406;7-6-2020;9593;0;;;;;51.56;5.18;NL;NLD;Netherlands;North Brabant;
41186667;7-7-2020;9593;0;;;;;51.56;5.18;NL;NLD;Netherlands;North Brabant;
41494777;7-8-2020;9593;0;;;;;51.56;5.18;NL;NLD;Netherlands;North Brabant;
41809047;7-9-2020;9593;0;;;;;51.56;5.18;NL;NLD;Netherlands;North Brabant;
4485032;4-8-2020;1175;;;;;;52.58;4.92;NL;NLD;Netherlands;North Holland;
4859750;4-10-2020;1544;369;;;;;52.58;4.92;NL;NLD;Netherlands;North Holland;
5106708;4-12-2020;1913;369;;;;;52.58;4.92;NL;NLD;Netherlands;North Holland;
5296243;04/14/2020;2282;369;;;;;52.58;4.92;NL;NLD;Netherlands;North Holland;
5412870;04/16/2020;2652;370;;;;;52.58;4.92;NL;NLD;Netherlands;North Holland;
5447048;04/18/2020;3022;370;;;;;52.58;4.92;NL;NLD;Netherlands;North Holland;
5464656;04/20/2020;3392;370;;;;;52.58;4.92;NL;NLD;Netherlands;North Holland;
5543843;04/22/2020;3762;370;;;;;52.58;4.92;NL;NLD;Netherlands;North Holland;
6892363;04/24/2020;4132;370;;;;;52.58;4.92;NL;NLD;Netherlands;North Holland;
6987565;04/26/2020;4502;370;;;;;52.58;4.92;NL;NLD;Netherlands;North Holland;
7085031;04/28/2020;4872;370;;;;;52.58;4.92;NL;NLD;Netherlands;North Holland;
7165116;04/29/2020;5242;370;;;;;52.58;4.92;NL;NLD;Netherlands;North Holland;
8477541;5-1-2020;5612;370;;;;;52.58;4.92;NL;NLD;Netherlands;North Holland;
8920671;5-2-2020;5658;46;;;;;52.58;4.92;NL;NLD;Netherlands;North Holland;
9388992;5-3-2020;5704;46;;;;;52.58;4.92;NL;NLD;Netherlands;North Holland;
9863776;5-4-2020;5750;46;;;;;52.58;4.92;NL;NLD;Netherlands;North Holland;
10307507;5-5-2020;5796;46;;;;;52.58;4.92;NL;NLD;Netherlands;North Holland;
10778418;5-6-2020;5842;46;;;;;52.58;4.92;NL;NLD;Netherlands;North Holland;
11284958;5-7-2020;5888;46;;;;;52.58;4.92;NL;NLD;Netherlands;North Holland;
11776548;5-8-2020;5934;46;;;;;52.58;4.92;NL;NLD;Netherlands;North Holland;
12224335;5-9-2020;5980;46;;;;;52.58;4.92;NL;NLD;Netherlands;North Holland;
12675083;5-10-2020;6026;46;;;;;52.58;4.92;NL;NLD;Netherlands;North Holland;
13153038;5-11-2020;6072;46;;;;;52.58;4.92;NL;NLD;Netherlands;North Holland;
13613463;5-12-2020;6118;46;;;;;52.58;4.92;NL;NLD;Netherlands;North Holland;
14063078;05/13/2020;6165;47;;;;;52.58;4.92;NL;NLD;Netherlands;North Holland;
14495283;05/14/2020;6212;47;;;;;52.58;4.92;NL;NLD;Netherlands;North Holland;
14920584;05/15/2020;6259;47;;;;;52.58;4.92;NL;NLD;Netherlands;North Holland;
15334673;05/16/2020;6306;47;;;;;52.58;4.92;NL;NLD;Netherlands;North Holland;
15765695;05/17/2020;6353;47;;;;;52.58;4.92;NL;NLD;Netherlands;North Holland;
16188084;05/18/2020;6400;47;;;;;52.58;4.92;NL;NLD;Netherlands;North Holland;
16630775;05/19/2020;6447;47;;;;;52.58;4.92;NL;NLD;Netherlands;North Holland;
17054598;05/20/2020;6465;18;;;;;52.58;4.92;NL;NLD;Netherlands;North Holland;
17464450;05/21/2020;6483;18;;;;;52.58;4.92;NL;NLD;Netherlands;North Holland;
17858058;05/22/2020;6501;18;;;;;52.58;4.92;NL;NLD;Netherlands;North Holland;
18284968;05/23/2020;6519;18;;;;;52.58;4.92;NL;NLD;Netherlands;North Holland;
18685216;05/24/2020;6537;18;;;;;52.58;4.92;NL;NLD;Netherlands;North Holland;
19069098;05/25/2020;6555;18;;;;;52.58;4.92;NL;NLD;Netherlands;North Holland;
19507707;05/26/2020;6573;18;;;;;52.58;4.92;NL;NLD;Netherlands;North Holland;
20119182;05/27/2020;6591;18;;;;;52.58;4.92;NL;NLD;Netherlands;North Holland;
20685623;05/28/2020;6609;18;;;;;52.58;4.92;NL;NLD;Netherlands;North Holland;
21233661;05/29/2020;6627;18;;;;;52.58;4.92;NL;NLD;Netherlands;North Holland;
21796346;05/30/2020;6645;18;;;;;52.58;4.92;NL;NLD;Netherlands;North Holland;
22320641;05/31/2020;6663;18;;;;;52.58;4.92;NL;NLD;Netherlands;North Holland;
22918811;6-1-2020;6681;18;;;;;52.58;4.92;NL;NLD;Netherlands;North Holland;
23454343;6-2-2020;6699;18;;;;;52.58;4.92;NL;NLD;Netherlands;North Holland;
23986973;6-3-2020;6717;18;;;;;52.58;4.92;NL;NLD;Netherlands;North Holland;
24519688;6-4-2020;6735;18;;;;;52.58;4.92;NL;NLD;Netherlands;North Holland;
25044128;6-5-2020;6753;18;;;;;52.58;4.92;NL;NLD;Netherlands;North Holland;
25561567;6-6-2020;6771;18;;;;;52.58;4.92;NL;NLD;Netherlands;North Holland;
26109060;6-7-2020;6789;18;;;;;52.58;4.92;NL;NLD;Netherlands;North Holland;
26646111;6-8-2020;6807;18;;;;;52.58;4.92;NL;NLD;Netherlands;North Holland;
27212736;6-9-2020;6825;18;;;;;52.58;4.92;NL;NLD;Netherlands;North Holland;
27756518;6-10-2020;6843;18;;;;;52.58;4.92;NL;NLD;Netherlands;North Holland;
28323657;6-11-2020;6861;18;;;;;52.58;4.92;NL;NLD;Netherlands;North Holland;
28866320;6-12-2020;6879;18;;;;;52.58;4.92;NL;NLD;Netherlands;North Holland;
29356800;06/13/2020;6897;18;;;;;52.58;4.92;NL;NLD;Netherlands;North Holland;
29864385;06/14/2020;6916;19;;;;;52.58;4.92;NL;NLD;Netherlands;North Holland;
30352117;06/15/2020;6935;19;;;;;52.58;4.92;NL;NLD;Netherlands;North Holland;
30858466;06/16/2020;6954;19;;;;;52.58;4.92;NL;NLD;Netherlands;North Holland;
31452936;06/17/2020;6973;19;;;;;52.58;4.92;NL;NLD;Netherlands;North Holland;
32033593;06/18/2020;6992;19;;;;;52.58;4.92;NL;NLD;Netherlands;North Holland;
32610264;06/19/2020;7011;19;;;;;52.58;4.92;NL;NLD;Netherlands;North Holland;
33197350;06/20/2020;7030;19;;;;;52.58;4.92;NL;NLD;Netherlands;North Holland;
33778877;06/21/2020;7049;19;;;;;52.58;4.92;NL;NLD;Netherlands;North Holland;
34412467;06/22/2020;7068;19;;;;;52.58;4.92;NL;NLD;Netherlands;North Holland;
34940112;06/23/2020;7087;19;;;;;52.58;4.92;NL;NLD;Netherlands;North Holland;
35481607;06/24/2020;7106;19;;;;;52.58;4.92;NL;NLD;Netherlands;North Holland;
36090922;06/25/2020;7125;19;;;;;52.58;4.92;NL;NLD;Netherlands;North Holland;
36688066;06/26/2020;7144;19;;;;;52.58;4.92;NL;NLD;Netherlands;North Holland;
37298162;06/27/2020;7163;19;;;;;52.58;4.92;NL;NLD;Netherlands;North Holland;
37925312;06/28/2020;7182;19;;;;;52.58;4.92;NL;NLD;Netherlands;North Holland;
38543329;06/29/2020;7201;19;;;;;52.58;4.92;NL;NLD;Netherlands;North Holland;
39017868;06/30/2020;7220;19;;;;;52.58;4.92;NL;NLD;Netherlands;North Holland;
39305093;7-1-2020;7239;19;;;;;52.58;4.92;NL;NLD;Netherlands;North Holland;
39588822;7-2-2020;7239;0;;;;;52.58;4.92;NL;NLD;Netherlands;North Holland;
39883719;7-3-2020;7239;0;;;;;52.58;4.92;NL;NLD;Netherlands;North Holland;
40158358;7-4-2020;7239;0;;;;;52.58;4.92;NL;NLD;Netherlands;North Holland;
40455514;7-5-2020;7239;0;;;;;52.58;4.92;NL;NLD;Netherlands;North Holland;
40771407;7-6-2020;7239;0;;;;;52.58;4.92;NL;NLD;Netherlands;North Holland;
41186669;7-7-2020;7239;0;;;;;52.58;4.92;NL;NLD;Netherlands;North Holland;
41494780;7-8-2020;7239;0;;;;;52.58;4.92;NL;NLD;Netherlands;North Holland;
41809050;7-9-2020;7239;0;;;;;52.58;4.92;NL;NLD;Netherlands;North Holland;
5478056;03/28/2020;2;;0;;0;;52.43;4.83;NL;NLD;Netherlands;North Holland;Gemeente Zaanstad
2486612;4-1-2020;10;8;2;2;0;0;52.43;4.83;NL;NLD;Netherlands;North Holland;Gemeente Zaanstad
2769633;4-2-2020;11;1;2;0;0;0;52.43;4.83;NL;NLD;Netherlands;North Holland;Gemeente Zaanstad
3091150;4-3-2020;11;0;2;0;0;0;52.43;4.83;NL;NLD;Netherlands;North Holland;Gemeente Zaanstad
3430082;4-4-2020;11;0;2;0;0;0;52.43;4.83;NL;NLD;Netherlands;North Holland;Gemeente Zaanstad
3750868;4-5-2020;11;0;2;0;0;0;52.43;4.83;NL;NLD;Netherlands;North Holland;Gemeente Zaanstad
4016555;4-6-2020;11;0;2;0;0;0;52.43;4.83;NL;NLD;Netherlands;North Holland;Gemeente Zaanstad
4309362;4-7-2020;11;0;2;0;0;0;52.43;4.83;NL;NLD;Netherlands;North Holland;Gemeente Zaanstad
4551731;4-8-2020;11;0;2;0;0;0;52.43;4.83;NL;NLD;Netherlands;North Holland;Gemeente Zaanstad
4729133;4-9-2020;11;0;2;0;0;0;52.43;4.83;NL;NLD;Netherlands;North Holland;Gemeente Zaanstad
4909483;4-10-2020;11;0;2;0;0;0;52.43;4.83;NL;NLD;Netherlands;North Holland;Gemeente Zaanstad
4927994;4-11-2020;11;0;2;0;0;0;52.43;4.83;NL;NLD;Netherlands;North Holland;Gemeente Zaanstad
5207701;04/13/2020;13;2;4;2;0;0;52.43;4.83;NL;NLD;Netherlands;North Holland;Gemeente Zaanstad
5323376;04/15/2020;13;0;4;0;0;0;52.43;4.83;NL;NLD;Netherlands;North Holland;Gemeente Zaanstad
5428192;04/16/2020;13;0;4;0;0;0;52.43;4.83;NL;NLD;Netherlands;North Holland;Gemeente Zaanstad
5429834;04/17/2020;13;0;4;0;;;52.43;4.83;NL;NLD;Netherlands;North Holland;Gemeente Zaanstad
5451960;04/19/2020;13;0;4;0;;;52.43;4.83;NL;NLD;Netherlands;North Holland;Gemeente Zaanstad
5484955;04/21/2020;13;0;4;0;;;52.43;4.83;NL;NLD;Netherlands;North Holland;Gemeente Zaanstad
5562612;04/22/2020;13;0;4;0;;;52.43;4.83;NL;NLD;Netherlands;North Holland;Gemeente Zaanstad
6651378;04/23/2020;13;0;4;0;;;52.43;4.83;NL;NLD;Netherlands;North Holland;Gemeente Zaanstad
6906930;04/24/2020;13;0;4;0;;;52.43;4.83;NL;NLD;Netherlands;North Holland;Gemeente Zaanstad
6955393;04/25/2020;13;0;4;0;;;52.43;4.83;NL;NLD;Netherlands;North Holland;Gemeente Zaanstad
7002527;04/26/2020;13;0;4;0;;;52.43;4.83;NL;NLD;Netherlands;North Holland;Gemeente Zaanstad
7055360;04/27/2020;13;0;4;0;;;52.43;4.83;NL;NLD;Netherlands;North Holland;Gemeente Zaanstad
7098473;04/28/2020;13;0;4;0;;;52.43;4.83;NL;NLD;Netherlands;North Holland;Gemeente Zaanstad
7522401;04/29/2020;13;0;4;0;;;52.43;4.83;NL;NLD;Netherlands;North Holland;Gemeente Zaanstad
8001392;04/30/2020;13;0;4;0;;;52.43;4.83;NL;NLD;Netherlands;North Holland;Gemeente Zaanstad
8479967;5-1-2020;13;0;4;0;;;52.43;4.83;NL;NLD;Netherlands;North Holland;Gemeente Zaanstad
8922370;5-2-2020;13;0;4;0;;;52.43;4.83;NL;NLD;Netherlands;North Holland;Gemeente Zaanstad
9388243;5-3-2020;13;0;4;0;;;52.43;4.83;NL;NLD;Netherlands;North Holland;Gemeente Zaanstad
9863412;5-4-2020;13;0;4;0;;;52.43;4.83;NL;NLD;Netherlands;North Holland;Gemeente Zaanstad
10306638;5-5-2020;13;0;4;0;;;52.43;4.83;NL;NLD;Netherlands;North Holland;Gemeente Zaanstad
10777231;5-6-2020;13;0;4;0;;;52.43;4.83;NL;NLD;Netherlands;North Holland;Gemeente Zaanstad
11287484;5-7-2020;13;0;4;0;;;52.43;4.83;NL;NLD;Netherlands;North Holland;Gemeente Zaanstad
11778565;5-8-2020;13;0;4;0;;;52.43;4.83;NL;NLD;Netherlands;North Holland;Gemeente Zaanstad
12224884;5-9-2020;13;0;4;0;;;52.43;4.83;NL;NLD;Netherlands;North Holland;Gemeente Zaanstad
12675595;5-10-2020;13;0;4;0;;;52.43;4.83;NL;NLD;Netherlands;North Holland;Gemeente Zaanstad
13153386;5-11-2020;13;0;4;0;;;52.43;4.83;NL;NLD;Netherlands;North Holland;Gemeente Zaanstad
13612895;5-12-2020;13;0;4;0;;;52.43;4.83;NL;NLD;Netherlands;North Holland;Gemeente Zaanstad
14064911;05/13/2020;13;0;4;0;;;52.43;4.83;NL;NLD;Netherlands;North Holland;Gemeente Zaanstad
14495317;05/14/2020;13;0;4;0;;;52.43;4.83;NL;NLD;Netherlands;North Holland;Gemeente Zaanstad
14923878;05/15/2020;13;0;4;0;;;52.43;4.83;NL;NLD;Netherlands;North Holland;Gemeente Zaanstad
15333764;05/16/2020;13;0;4;0;;;52.43;4.83;NL;NLD;Netherlands;North Holland;Gemeente Zaanstad
15764157;05/17/2020;13;0;4;0;;;52.43;4.83;NL;NLD;Netherlands;North Holland;Gemeente Zaanstad
16189311;05/18/2020;13;0;4;0;;;52.43;4.83;NL;NLD;Netherlands;North Holland;Gemeente Zaanstad
16632537;05/19/2020;13;0;4;0;;;52.43;4.83;NL;NLD;Netherlands;North Holland;Gemeente Zaanstad
17054572;05/20/2020;13;0;4;0;;;52.43;4.83;NL;NLD;Netherlands;North Holland;Gemeente Zaanstad
17464004;05/21/2020;13;0;4;0;;;52.43;4.83;NL;NLD;Netherlands;North Holland;Gemeente Zaanstad
17857759;05/22/2020;13;0;4;0;;;52.43;4.83;NL;NLD;Netherlands;North Holland;Gemeente Zaanstad
18284450;05/23/2020;13;0;4;0;;;52.43;4.83;NL;NLD;Netherlands;North Holland;Gemeente Zaanstad
18684460;05/24/2020;13;0;4;0;;;52.43;4.83;NL;NLD;Netherlands;North Holland;Gemeente Zaanstad
19070582;05/25/2020;13;0;4;0;;;52.43;4.83;NL;NLD;Netherlands;North Holland;Gemeente Zaanstad
19507953;05/26/2020;13;0;4;0;;;52.43;4.83;NL;NLD;Netherlands;North Holland;Gemeente Zaanstad
20117035;05/27/2020;13;0;4;0;;;52.43;4.83;NL;NLD;Netherlands;North Holland;Gemeente Zaanstad
20686668;05/28/2020;13;0;4;0;;;52.43;4.83;NL;NLD;Netherlands;North Holland;Gemeente Zaanstad
21233766;05/29/2020;13;0;4;0;;;52.43;4.83;NL;NLD;Netherlands;North Holland;Gemeente Zaanstad
21796912;05/30/2020;13;0;4;0;;;52.43;4.83;NL;NLD;Netherlands;North Holland;Gemeente Zaanstad
22324211;05/31/2020;13;0;4;0;;;52.43;4.83;NL;NLD;Netherlands;North Holland;Gemeente Zaanstad
22918702;6-1-2020;13;0;4;0;;;52.43;4.83;NL;NLD;Netherlands;North Holland;Gemeente Zaanstad
23454188;6-2-2020;13;0;4;0;;;52.43;4.83;NL;NLD;Netherlands;North Holland;Gemeente Zaanstad
23986467;6-3-2020;13;0;4;0;;;52.43;4.83;NL;NLD;Netherlands;North Holland;Gemeente Zaanstad
24518796;6-4-2020;13;0;4;0;;;52.43;4.83;NL;NLD;Netherlands;North Holland;Gemeente Zaanstad
25045335;6-5-2020;13;0;4;0;;;52.43;4.83;NL;NLD;Netherlands;North Holland;Gemeente Zaanstad
25563862;6-6-2020;13;0;4;0;;;52.43;4.83;NL;NLD;Netherlands;North Holland;Gemeente Zaanstad
26104270;6-7-2020;13;0;4;0;;;52.43;4.83;NL;NLD;Netherlands;North Holland;Gemeente Zaanstad
26642865;6-8-2020;13;0;4;0;;;52.43;4.83;NL;NLD;Netherlands;North Holland;Gemeente Zaanstad
27209904;6-9-2020;13;0;4;0;;;52.43;4.83;NL;NLD;Netherlands;North Holland;Gemeente Zaanstad
27755278;6-10-2020;13;0;4;0;;;52.43;4.83;NL;NLD;Netherlands;North Holland;Gemeente Zaanstad
28324055;6-11-2020;13;0;4;0;;;52.43;4.83;NL;NLD;Netherlands;North Holland;Gemeente Zaanstad
28865279;6-12-2020;13;0;4;0;;;52.43;4.83;NL;NLD;Netherlands;North Holland;Gemeente Zaanstad
29356554;06/13/2020;13;0;4;0;;;52.43;4.83;NL;NLD;Netherlands;North Holland;Gemeente Zaanstad
29863963;06/14/2020;13;0;4;0;;;52.43;4.83;NL;NLD;Netherlands;North Holland;Gemeente Zaanstad
30354670;06/15/2020;13;0;4;0;;;52.43;4.83;NL;NLD;Netherlands;North Holland;Gemeente Zaanstad
31230651;06/16/2020;13;0;4;0;;;52.43;4.83;NL;NLD;Netherlands;North Holland;Gemeente Zaanstad
31455563;06/17/2020;13;0;4;0;;;52.43;4.83;NL;NLD;Netherlands;North Holland;Gemeente Zaanstad
32032820;06/18/2020;13;0;4;0;;;52.43;4.83;NL;NLD;Netherlands;North Holland;Gemeente Zaanstad
32608724;06/19/2020;13;0;4;0;;;52.43;4.83;NL;NLD;Netherlands;North Holland;Gemeente Zaanstad
33195345;06/20/2020;13;0;4;0;;;52.43;4.83;NL;NLD;Netherlands;North Holland;Gemeente Zaanstad
33780572;06/21/2020;13;0;4;0;;;52.43;4.83;NL;NLD;Netherlands;North Holland;Gemeente Zaanstad
34413636;06/22/2020;13;0;4;0;;;52.43;4.83;NL;NLD;Netherlands;North Holland;Gemeente Zaanstad
34940879;06/23/2020;13;0;4;0;;;52.43;4.83;NL;NLD;Netherlands;North Holland;Gemeente Zaanstad
35482113;06/24/2020;13;0;4;0;;;52.43;4.83;NL;NLD;Netherlands;North Holland;Gemeente Zaanstad
36080655;06/25/2020;13;0;4;0;;;52.43;4.83;NL;NLD;Netherlands;North Holland;Gemeente Zaanstad
36689084;06/26/2020;13;0;4;0;;;52.43;4.83;NL;NLD;Netherlands;North Holland;Gemeente Zaanstad
37272243;06/27/2020;13;0;4;0;;;52.43;4.83;NL;NLD;Netherlands;North Holland;Gemeente Zaanstad
37923492;06/28/2020;13;0;4;0;;;52.43;4.83;NL;NLD;Netherlands;North Holland;Gemeente Zaanstad
38540916;06/29/2020;13;0;4;0;;;52.43;4.83;NL;NLD;Netherlands;North Holland;Gemeente Zaanstad
39018099;06/30/2020;13;0;4;0;;;52.43;4.83;NL;NLD;Netherlands;North Holland;Gemeente Zaanstad
39305379;7-1-2020;13;0;4;0;;;52.43;4.83;NL;NLD;Netherlands;North Holland;Gemeente Zaanstad
39589125;7-2-2020;13;0;4;0;;;52.43;4.83;NL;NLD;Netherlands;North Holland;Gemeente Zaanstad
39884337;7-3-2020;13;0;4;0;;;52.43;4.83;NL;NLD;Netherlands;North Holland;Gemeente Zaanstad
40158361;7-4-2020;13;0;4;0;;;52.43;4.83;NL;NLD;Netherlands;North Holland;Gemeente Zaanstad
40455431;7-5-2020;13;0;4;0;;;52.43;4.83;NL;NLD;Netherlands;North Holland;Gemeente Zaanstad
40773516;7-6-2020;13;0;4;0;;;52.43;4.83;NL;NLD;Netherlands;North Holland;Gemeente Zaanstad
41187909;7-7-2020;13;0;4;0;;;52.43;4.83;NL;NLD;Netherlands;North Holland;Gemeente Zaanstad
41494059;7-8-2020;13;0;4;0;;;52.43;4.83;NL;NLD;Netherlands;North Holland;Gemeente Zaanstad
41808584;7-9-2020;13;0;4;0;;;52.43;4.83;NL;NLD;Netherlands;North Holland;Gemeente Zaanstad
4485034;4-8-2020;443;;;;;;52.44;6.44;NL;NLD;Netherlands;Overijssel;
4859751;4-10-2020;642;199;;;;;52.44;6.44;NL;NLD;Netherlands;Overijssel;
5106709;4-12-2020;841;199;;;;;52.44;6.44;NL;NLD;Netherlands;Overijssel;
5296244;04/14/2020;1040;199;;;;;52.44;6.44;NL;NLD;Netherlands;Overijssel;
5412871;04/16/2020;1240;200;;;;;52.44;6.44;NL;NLD;Netherlands;Overijssel;
5447049;04/18/2020;1440;200;;;;;52.44;6.44;NL;NLD;Netherlands;Overijssel;
5464657;04/20/2020;1640;200;;;;;52.44;6.44;NL;NLD;Netherlands;Overijssel;
5543844;04/22/2020;1840;200;;;;;52.44;6.44;NL;NLD;Netherlands;Overijssel;
6892364;04/24/2020;2040;200;;;;;52.44;6.44;NL;NLD;Netherlands;Overijssel;
6987566;04/26/2020;2240;200;;;;;52.44;6.44;NL;NLD;Netherlands;Overijssel;
7085032;04/28/2020;2440;200;;;;;52.44;6.44;NL;NLD;Netherlands;Overijssel;
7521930;04/29/2020;2640;200;;;;;52.44;6.44;NL;NLD;Netherlands;Overijssel;
8002074;04/30/2020;2653;13;;;;;52.44;6.44;NL;NLD;Netherlands;Overijssel;
8477542;5-1-2020;2666;13;;;;;52.44;6.44;NL;NLD;Netherlands;Overijssel;
8920676;5-2-2020;2679;13;;;;;52.44;6.44;NL;NLD;Netherlands;Overijssel;
9388995;5-3-2020;2692;13;;;;;52.44;6.44;NL;NLD;Netherlands;Overijssel;
9863777;5-4-2020;2705;13;;;;;52.44;6.44;NL;NLD;Netherlands;Overijssel;
10307509;5-5-2020;2718;13;;;;;52.44;6.44;NL;NLD;Netherlands;Overijssel;
10778420;5-6-2020;2731;13;;;;;52.44;6.44;NL;NLD;Netherlands;Overijssel;
11284962;5-7-2020;2744;13;;;;;52.44;6.44;NL;NLD;Netherlands;Overijssel;
11776551;5-8-2020;2757;13;;;;;52.44;6.44;NL;NLD;Netherlands;Overijssel;
12224337;5-9-2020;2771;14;;;;;52.44;6.44;NL;NLD;Netherlands;Overijssel;
12675084;5-10-2020;2785;14;;;;;52.44;6.44;NL;NLD;Netherlands;Overijssel;
13153040;5-11-2020;2799;14;;;;;52.44;6.44;NL;NLD;Netherlands;Overijssel;
13613465;5-12-2020;2813;14;;;;;52.44;6.44;NL;NLD;Netherlands;Overijssel;
14063081;05/13/2020;2827;14;;;;;52.44;6.44;NL;NLD;Netherlands;Overijssel;
14495284;05/14/2020;2841;14;;;;;52.44;6.44;NL;NLD;Netherlands;Overijssel;
14920587;05/15/2020;2855;14;;;;;52.44;6.44;NL;NLD;Netherlands;Overijssel;
15334674;05/16/2020;2869;14;;;;;52.44;6.44;NL;NLD;Netherlands;Overijssel;
15765698;05/17/2020;2883;14;;;;;52.44;6.44;NL;NLD;Netherlands;Overijssel;
16188085;05/18/2020;2897;14;;;;;52.44;6.44;NL;NLD;Netherlands;Overijssel;
16630777;05/19/2020;2911;14;;;;;52.44;6.44;NL;NLD;Netherlands;Overijssel;
17054599;05/20/2020;2915;4;;;;;52.44;6.44;NL;NLD;Netherlands;Overijssel;
17464451;05/21/2020;2919;4;;;;;52.44;6.44;NL;NLD;Netherlands;Overijssel;
17858059;05/22/2020;2923;4;;;;;52.44;6.44;NL;NLD;Netherlands;Overijssel;
18284973;05/23/2020;2927;4;;;;;52.44;6.44;NL;NLD;Netherlands;Overijssel;
18685218;05/24/2020;2931;4;;;;;52.44;6.44;NL;NLD;Netherlands;Overijssel;
19069099;05/25/2020;2935;4;;;;;52.44;6.44;NL;NLD;Netherlands;Overijssel;
19507709;05/26/2020;2939;4;;;;;52.44;6.44;NL;NLD;Netherlands;Overijssel;
20119186;05/27/2020;2943;4;;;;;52.44;6.44;NL;NLD;Netherlands;Overijssel;
20685625;05/28/2020;2947;4;;;;;52.44;6.44;NL;NLD;Netherlands;Overijssel;
21233665;05/29/2020;2951;4;;;;;52.44;6.44;NL;NLD;Netherlands;Overijssel;
21796347;05/30/2020;2955;4;;;;;52.44;6.44;NL;NLD;Netherlands;Overijssel;
22320642;05/31/2020;2959;4;;;;;52.44;6.44;NL;NLD;Netherlands;Overijssel;
22918813;6-1-2020;2963;4;;;;;52.44;6.44;NL;NLD;Netherlands;Overijssel;
23454344;6-2-2020;2967;4;;;;;52.44;6.44;NL;NLD;Netherlands;Overijssel;
23986977;6-3-2020;2971;4;;;;;52.44;6.44;NL;NLD;Netherlands;Overijssel;
24519691;6-4-2020;2975;4;;;;;52.44;6.44;NL;NLD;Netherlands;Overijssel;
25044129;6-5-2020;2979;4;;;;;52.44;6.44;NL;NLD;Netherlands;Overijssel;
25561568;6-6-2020;2983;4;;;;;52.44;6.44;NL;NLD;Netherlands;Overijssel;
26109061;6-7-2020;2987;4;;;;;52.44;6.44;NL;NLD;Netherlands;Overijssel;
26646114;6-8-2020;2991;4;;;;;52.44;6.44;NL;NLD;Netherlands;Overijssel;
27212739;6-9-2020;2995;4;;;;;52.44;6.44;NL;NLD;Netherlands;Overijssel;
27756520;6-10-2020;2999;4;;;;;52.44;6.44;NL;NLD;Netherlands;Overijssel;
28323659;6-11-2020;3003;4;;;;;52.44;6.44;NL;NLD;Netherlands;Overijssel;
28866321;6-12-2020;3007;4;;;;;52.44;6.44;NL;NLD;Netherlands;Overijssel;
29356802;06/13/2020;3011;4;;;;;52.44;6.44;NL;NLD;Netherlands;Overijssel;
29864386;06/14/2020;3015;4;;;;;52.44;6.44;NL;NLD;Netherlands;Overijssel;
30352131;06/15/2020;3019;4;;;;;52.44;6.44;NL;NLD;Netherlands;Overijssel;
30858469;06/16/2020;3023;4;;;;;52.44;6.44;NL;NLD;Netherlands;Overijssel;
31452937;06/17/2020;3028;5;;;;;52.44;6.44;NL;NLD;Netherlands;Overijssel;
32033596;06/18/2020;3033;5;;;;;52.44;6.44;NL;NLD;Netherlands;Overijssel;
32610266;06/19/2020;3038;5;;;;;52.44;6.44;NL;NLD;Netherlands;Overijssel;
33197351;06/20/2020;3043;5;;;;;52.44;6.44;NL;NLD;Netherlands;Overijssel;
33778878;06/21/2020;3048;5;;;;;52.44;6.44;NL;NLD;Netherlands;Overijssel;
34412470;06/22/2020;3053;5;;;;;52.44;6.44;NL;NLD;Netherlands;Overijssel;
34940113;06/23/2020;3058;5;;;;;52.44;6.44;NL;NLD;Netherlands;Overijssel;
35481608;06/24/2020;3063;5;;;;;52.44;6.44;NL;NLD;Netherlands;Overijssel;
36090923;06/25/2020;3068;5;;;;;52.44;6.44;NL;NLD;Netherlands;Overijssel;
36688069;06/26/2020;3073;5;;;;;52.44;6.44;NL;NLD;Netherlands;Overijssel;
37298165;06/27/2020;3078;5;;;;;52.44;6.44;NL;NLD;Netherlands;Overijssel;
37925313;06/28/2020;3083;5;;;;;52.44;6.44;NL;NLD;Netherlands;Overijssel;
38543332;06/29/2020;3088;5;;;;;52.44;6.44;NL;NLD;Netherlands;Overijssel;
39017869;06/30/2020;3093;5;;;;;52.44;6.44;NL;NLD;Netherlands;Overijssel;
39305094;7-1-2020;3098;5;;;;;52.44;6.44;NL;NLD;Netherlands;Overijssel;
39588823;7-2-2020;3098;0;;;;;52.44;6.44;NL;NLD;Netherlands;Overijssel;
39883723;7-3-2020;3098;0;;;;;52.44;6.44;NL;NLD;Netherlands;Overijssel;
40158360;7-4-2020;3098;0;;;;;52.44;6.44;NL;NLD;Netherlands;Overijssel;
40455517;7-5-2020;3098;0;;;;;52.44;6.44;NL;NLD;Netherlands;Overijssel;
40771408;7-6-2020;3098;0;;;;;52.44;6.44;NL;NLD;Netherlands;Overijssel;
41186671;7-7-2020;3098;0;;;;;52.44;6.44;NL;NLD;Netherlands;Overijssel;
41494783;7-8-2020;3098;0;;;;;52.44;6.44;NL;NLD;Netherlands;Overijssel;
41809053;7-9-2020;3098;0;;;;;52.44;6.44;NL;NLD;Netherlands;Overijssel;
4485037;4-8-2020;1217;;;;;;51.94;4.48;NL;NLD;Netherlands;South Holland;
4859752;4-10-2020;1772;555;;;;;51.94;4.48;NL;NLD;Netherlands;South Holland;
5106710;4-12-2020;2327;555;;;;;51.94;4.48;NL;NLD;Netherlands;South Holland;
5296245;04/14/2020;2882;555;;;;;51.94;4.48;NL;NLD;Netherlands;South Holland;
5412872;04/16/2020;3437;555;;;;;51.94;4.48;NL;NLD;Netherlands;South Holland;
5447050;04/18/2020;3992;555;;;;;51.94;4.48;NL;NLD;Netherlands;South Holland;
5464658;04/20/2020;4547;555;;;;;51.94;4.48;NL;NLD;Netherlands;South Holland;
5543845;04/22/2020;5102;555;;;;;51.94;4.48;NL;NLD;Netherlands;South Holland;
6892366;04/24/2020;5657;555;;;;;51.94;4.48;NL;NLD;Netherlands;South Holland;
6987567;04/26/2020;6213;556;;;;;51.94;4.48;NL;NLD;Netherlands;South Holland;
7085033;04/28/2020;6769;556;;;;;51.94;4.48;NL;NLD;Netherlands;South Holland;
7165122;04/29/2020;7325;556;;;;;51.94;4.48;NL;NLD;Netherlands;South Holland;
8477543;5-1-2020;7881;556;;;;;51.94;4.48;NL;NLD;Netherlands;South Holland;
8920680;5-2-2020;7965;84;;;;;51.94;4.48;NL;NLD;Netherlands;South Holland;
9388997;5-3-2020;8049;84;;;;;51.94;4.48;NL;NLD;Netherlands;South Holland;
9863778;5-4-2020;8133;84;;;;;51.94;4.48;NL;NLD;Netherlands;South Holland;
10307510;5-5-2020;8218;85;;;;;51.94;4.48;NL;NLD;Netherlands;South Holland;
10778421;5-6-2020;8303;85;;;;;51.94;4.48;NL;NLD;Netherlands;South Holland;
11284965;5-7-2020;8388;85;;;;;51.94;4.48;NL;NLD;Netherlands;South Holland;
11776554;5-8-2020;8473;85;;;;;51.94;4.48;NL;NLD;Netherlands;South Holland;
12224338;5-9-2020;8558;85;;;;;51.94;4.48;NL;NLD;Netherlands;South Holland;
12675085;5-10-2020;8643;85;;;;;51.94;4.48;NL;NLD;Netherlands;South Holland;
13153043;5-11-2020;8728;85;;;;;51.94;4.48;NL;NLD;Netherlands;South Holland;
13613467;5-12-2020;8813;85;;;;;51.94;4.48;NL;NLD;Netherlands;South Holland;
14063084;05/13/2020;8898;85;;;;;51.94;4.48;NL;NLD;Netherlands;South Holland;
14495286;05/14/2020;8983;85;;;;;51.94;4.48;NL;NLD;Netherlands;South Holland;
14920588;05/15/2020;9068;85;;;;;51.94;4.48;NL;NLD;Netherlands;South Holland;
15334676;05/16/2020;9153;85;;;;;51.94;4.48;NL;NLD;Netherlands;South Holland;
15765700;05/17/2020;9238;85;;;;;51.94;4.48;NL;NLD;Netherlands;South Holland;
16188087;05/18/2020;9323;85;;;;;51.94;4.48;NL;NLD;Netherlands;South Holland;
16630778;05/19/2020;9408;85;;;;;51.94;4.48;NL;NLD;Netherlands;South Holland;
17054600;05/20/2020;9450;42;;;;;51.94;4.48;NL;NLD;Netherlands;South Holland;
17464452;05/21/2020;9492;42;;;;;51.94;4.48;NL;NLD;Netherlands;South Holland;
17858060;05/22/2020;9535;43;;;;;51.94;4.48;NL;NLD;Netherlands;South Holland;
18284977;05/23/2020;9578;43;;;;;51.94;4.48;NL;NLD;Netherlands;South Holland;
18685220;05/24/2020;9621;43;;;;;51.94;4.48;NL;NLD;Netherlands;South Holland;
19069101;05/25/2020;9664;43;;;;;51.94;4.48;NL;NLD;Netherlands;South Holland;
19507710;05/26/2020;9707;43;;;;;51.94;4.48;NL;NLD;Netherlands;South Holland;
20119188;05/27/2020;9750;43;;;;;51.94;4.48;NL;NLD;Netherlands;South Holland;
20685627;05/28/2020;9793;43;;;;;51.94;4.48;NL;NLD;Netherlands;South Holland;
21233667;05/29/2020;9836;43;;;;;51.94;4.48;NL;NLD;Netherlands;South Holland;
21796349;05/30/2020;9879;43;;;;;51.94;4.48;NL;NLD;Netherlands;South Holland;
22320643;05/31/2020;9922;43;;;;;51.94;4.48;NL;NLD;Netherlands;South Holland;
22918815;6-1-2020;9965;43;;;;;51.94;4.48;NL;NLD;Netherlands;South Holland;
23454345;6-2-2020;10008;43;;;;;51.94;4.48;NL;NLD;Netherlands;South Holland;
23986979;6-3-2020;10051;43;;;;;51.94;4.48;NL;NLD;Netherlands;South Holland;
24519692;6-4-2020;10094;43;;;;;51.94;4.48;NL;NLD;Netherlands;South Holland;
25044131;6-5-2020;10137;43;;;;;51.94;4.48;NL;NLD;Netherlands;South Holland;
25561569;6-6-2020;10180;43;;;;;51.94;4.48;NL;NLD;Netherlands;South Holland;
26109062;6-7-2020;10223;43;;;;;51.94;4.48;NL;NLD;Netherlands;South Holland;
26646116;6-8-2020;10266;43;;;;;51.94;4.48;NL;NLD;Netherlands;South Holland;
27212741;6-9-2020;10309;43;;;;;51.94;4.48;NL;NLD;Netherlands;South Holland;
27756522;6-10-2020;10352;43;;;;;51.94;4.48;NL;NLD;Netherlands;South Holland;
28323660;6-11-2020;10395;43;;;;;51.94;4.48;NL;NLD;Netherlands;South Holland;
28866322;6-12-2020;10438;43;;;;;51.94;4.48;NL;NLD;Netherlands;South Holland;
29356803;06/13/2020;10481;43;;;;;51.94;4.48;NL;NLD;Netherlands;South Holland;
29864387;06/14/2020;10524;43;;;;;51.94;4.48;NL;NLD;Netherlands;South Holland;
30352145;06/15/2020;10567;43;;;;;51.94;4.48;NL;NLD;Netherlands;South Holland;
30858471;06/16/2020;10610;43;;;;;51.94;4.48;NL;NLD;Netherlands;South Holland;
31452938;06/17/2020;10653;43;;;;;51.94;4.48;NL;NLD;Netherlands;South Holland;
32033598;06/18/2020;10696;43;;;;;51.94;4.48;NL;NLD;Netherlands;South Holland;
32610267;06/19/2020;10739;43;;;;;51.94;4.48;NL;NLD;Netherlands;South Holland;
33197353;06/20/2020;10782;43;;;;;51.94;4.48;NL;NLD;Netherlands;South Holland;
33778879;06/21/2020;10825;43;;;;;51.94;4.48;NL;NLD;Netherlands;South Holland;
34412472;06/22/2020;10868;43;;;;;51.94;4.48;NL;NLD;Netherlands;South Holland;
34940114;06/23/2020;10911;43;;;;;51.94;4.48;NL;NLD;Netherlands;South Holland;
35481609;06/24/2020;10954;43;;;;;51.94;4.48;NL;NLD;Netherlands;South Holland;
36090925;06/25/2020;10997;43;;;;;51.94;4.48;NL;NLD;Netherlands;South Holland;
36688071;06/26/2020;11040;43;;;;;51.94;4.48;NL;NLD;Netherlands;South Holland;
37298168;06/27/2020;11083;43;;;;;51.94;4.48;NL;NLD;Netherlands;South Holland;
37925315;06/28/2020;11126;43;;;;;51.94;4.48;NL;NLD;Netherlands;South Holland;
38543335;06/29/2020;11169;43;;;;;51.94;4.48;NL;NLD;Netherlands;South Holland;
39017870;06/30/2020;11212;43;;;;;51.94;4.48;NL;NLD;Netherlands;South Holland;
39305095;7-1-2020;11255;43;;;;;51.94;4.48;NL;NLD;Netherlands;South Holland;
39588824;7-2-2020;11255;0;;;;;51.94;4.48;NL;NLD;Netherlands;South Holland;
39883725;7-3-2020;11255;0;;;;;51.94;4.48;NL;NLD;Netherlands;South Holland;
40158363;7-4-2020;11255;0;;;;;51.94;4.48;NL;NLD;Netherlands;South Holland;
40455520;7-5-2020;11255;0;;;;;51.94;4.48;NL;NLD;Netherlands;South Holland;
40771409;7-6-2020;11255;0;;;;;51.94;4.48;NL;NLD;Netherlands;South Holland;
41186673;7-7-2020;11255;0;;;;;51.94;4.48;NL;NLD;Netherlands;South Holland;
41494788;7-8-2020;11255;0;;;;;51.94;4.48;NL;NLD;Netherlands;South Holland;
41809055;7-9-2020;11255;0;;;;;51.94;4.48;NL;NLD;Netherlands;South Holland;
2451060;4-1-2020;10;;2;;0;;51.92;4.46;NL;NLD;Netherlands;South Holland;Gemeente Rotterdam
4485040;4-8-2020;716;;;;;;52.1;5.17;NL;NLD;Netherlands;Utrecht;
4859753;4-10-2020;900;184;;;;;52.1;5.17;NL;NLD;Netherlands;Utrecht;
5106711;4-12-2020;1084;184;;;;;52.1;5.17;NL;NLD;Netherlands;Utrecht;
5296246;04/14/2020;1268;184;;;;;52.1;5.17;NL;NLD;Netherlands;Utrecht;
5412873;04/16/2020;1452;184;;;;;52.1;5.17;NL;NLD;Netherlands;Utrecht;
5447051;04/18/2020;1636;184;;;;;52.1;5.17;NL;NLD;Netherlands;Utrecht;
5464659;04/20/2020;1820;184;;;;;52.1;5.17;NL;NLD;Netherlands;Utrecht;
5543846;04/22/2020;2004;184;;;;;52.1;5.17;NL;NLD;Netherlands;Utrecht;
6892367;04/24/2020;2188;184;;;;;52.1;5.17;NL;NLD;Netherlands;Utrecht;
6987568;04/26/2020;2372;184;;;;;52.1;5.17;NL;NLD;Netherlands;Utrecht;
7085034;04/28/2020;2556;184;;;;;52.1;5.17;NL;NLD;Netherlands;Utrecht;
7521933;04/29/2020;2741;185;;;;;52.1;5.17;NL;NLD;Netherlands;Utrecht;
8002076;04/30/2020;2771;30;;;;;52.1;5.17;NL;NLD;Netherlands;Utrecht;
8477544;5-1-2020;2801;30;;;;;52.1;5.17;NL;NLD;Netherlands;Utrecht;
8920685;5-2-2020;2831;30;;;;;52.1;5.17;NL;NLD;Netherlands;Utrecht;
9388999;5-3-2020;2861;30;;;;;52.1;5.17;NL;NLD;Netherlands;Utrecht;
9863779;5-4-2020;2891;30;;;;;52.1;5.17;NL;NLD;Netherlands;Utrecht;
10307511;5-5-2020;2921;30;;;;;52.1;5.17;NL;NLD;Netherlands;Utrecht;
10778422;5-6-2020;2951;30;;;;;52.1;5.17;NL;NLD;Netherlands;Utrecht;
11284969;5-7-2020;2982;31;;;;;52.1;5.17;NL;NLD;Netherlands;Utrecht;
11776555;5-8-2020;3013;31;;;;;52.1;5.17;NL;NLD;Netherlands;Utrecht;
12224340;5-9-2020;3044;31;;;;;52.1;5.17;NL;NLD;Netherlands;Utrecht;
12675086;5-10-2020;3075;31;;;;;52.1;5.17;NL;NLD;Netherlands;Utrecht;
13153044;5-11-2020;3106;31;;;;;52.1;5.17;NL;NLD;Netherlands;Utrecht;
13613469;5-12-2020;3137;31;;;;;52.1;5.17;NL;NLD;Netherlands;Utrecht;
14063086;05/13/2020;3168;31;;;;;52.1;5.17;NL;NLD;Netherlands;Utrecht;
14495288;05/14/2020;3199;31;;;;;52.1;5.17;NL;NLD;Netherlands;Utrecht;
14920591;05/15/2020;3230;31;;;;;52.1;5.17;NL;NLD;Netherlands;Utrecht;
15334678;05/16/2020;3261;31;;;;;52.1;5.17;NL;NLD;Netherlands;Utrecht;
15765702;05/17/2020;3292;31;;;;;52.1;5.17;NL;NLD;Netherlands;Utrecht;
16188088;05/18/2020;3323;31;;;;;52.1;5.17;NL;NLD;Netherlands;Utrecht;
16630779;05/19/2020;3354;31;;;;;52.1;5.17;NL;NLD;Netherlands;Utrecht;
17054601;05/20/2020;3369;15;;;;;52.1;5.17;NL;NLD;Netherlands;Utrecht;
17464453;05/21/2020;3384;15;;;;;52.1;5.17;NL;NLD;Netherlands;Utrecht;
17858062;05/22/2020;3399;15;;;;;52.1;5.17;NL;NLD;Netherlands;Utrecht;
18284981;05/23/2020;3414;15;;;;;52.1;5.17;NL;NLD;Netherlands;Utrecht;
18685221;05/24/2020;3429;15;;;;;52.1;5.17;NL;NLD;Netherlands;Utrecht;
19069103;05/25/2020;3444;15;;;;;52.1;5.17;NL;NLD;Netherlands;Utrecht;
19507711;05/26/2020;3459;15;;;;;52.1;5.17;NL;NLD;Netherlands;Utrecht;
20119189;05/27/2020;3474;15;;;;;52.1;5.17;NL;NLD;Netherlands;Utrecht;
20685628;05/28/2020;3489;15;;;;;52.1;5.17;NL;NLD;Netherlands;Utrecht;
21233671;05/29/2020;3504;15;;;;;52.1;5.17;NL;NLD;Netherlands;Utrecht;
21796350;05/30/2020;3519;15;;;;;52.1;5.17;NL;NLD;Netherlands;Utrecht;
22320644;05/31/2020;3534;15;;;;;52.1;5.17;NL;NLD;Netherlands;Utrecht;
22918817;6-1-2020;3549;15;;;;;52.1;5.17;NL;NLD;Netherlands;Utrecht;
23454346;6-2-2020;3564;15;;;;;52.1;5.17;NL;NLD;Netherlands;Utrecht;
23986982;6-3-2020;3579;15;;;;;52.1;5.17;NL;NLD;Netherlands;Utrecht;
24519694;6-4-2020;3594;15;;;;;52.1;5.17;NL;NLD;Netherlands;Utrecht;
25044133;6-5-2020;3609;15;;;;;52.1;5.17;NL;NLD;Netherlands;Utrecht;
25561570;6-6-2020;3624;15;;;;;52.1;5.17;NL;NLD;Netherlands;Utrecht;
26109063;6-7-2020;3639;15;;;;;52.1;5.17;NL;NLD;Netherlands;Utrecht;
26646118;6-8-2020;3654;15;;;;;52.1;5.17;NL;NLD;Netherlands;Utrecht;
27212744;6-9-2020;3669;15;;;;;52.1;5.17;NL;NLD;Netherlands;Utrecht;
27756524;6-10-2020;3684;15;;;;;52.1;5.17;NL;NLD;Netherlands;Utrecht;
28323661;6-11-2020;3699;15;;;;;52.1;5.17;NL;NLD;Netherlands;Utrecht;
28866323;6-12-2020;3714;15;;;;;52.1;5.17;NL;NLD;Netherlands;Utrecht;
29356805;06/13/2020;3730;16;;;;;52.1;5.17;NL;NLD;Netherlands;Utrecht;
29864388;06/14/2020;3746;16;;;;;52.1;5.17;NL;NLD;Netherlands;Utrecht;
30352154;06/15/2020;3762;16;;;;;52.1;5.17;NL;NLD;Netherlands;Utrecht;
30858473;06/16/2020;3778;16;;;;;52.1;5.17;NL;NLD;Netherlands;Utrecht;
31452939;06/17/2020;3794;16;;;;;52.1;5.17;NL;NLD;Netherlands;Utrecht;
32033600;06/18/2020;3810;16;;;;;52.1;5.17;NL;NLD;Netherlands;Utrecht;
32610268;06/19/2020;3826;16;;;;;52.1;5.17;NL;NLD;Netherlands;Utrecht;
33197354;06/20/2020;3842;16;;;;;52.1;5.17;NL;NLD;Netherlands;Utrecht;
33778880;06/21/2020;3858;16;;;;;52.1;5.17;NL;NLD;Netherlands;Utrecht;
34412473;06/22/2020;3874;16;;;;;52.1;5.17;NL;NLD;Netherlands;Utrecht;
34940115;06/23/2020;3890;16;;;;;52.1;5.17;NL;NLD;Netherlands;Utrecht;
35481610;06/24/2020;3906;16;;;;;52.1;5.17;NL;NLD;Netherlands;Utrecht;
36090926;06/25/2020;3922;16;;;;;52.1;5.17;NL;NLD;Netherlands;Utrecht;
36688074;06/26/2020;3938;16;;;;;52.1;5.17;NL;NLD;Netherlands;Utrecht;
37298171;06/27/2020;3954;16;;;;;52.1;5.17;NL;NLD;Netherlands;Utrecht;
37925316;06/28/2020;3970;16;;;;;52.1;5.17;NL;NLD;Netherlands;Utrecht;
38543338;06/29/2020;3986;16;;;;;52.1;5.17;NL;NLD;Netherlands;Utrecht;
39017871;06/30/2020;4002;16;;;;;52.1;5.17;NL;NLD;Netherlands;Utrecht;
39305096;7-1-2020;4018;16;;;;;52.1;5.17;NL;NLD;Netherlands;Utrecht;
39588825;7-2-2020;4018;0;;;;;52.1;5.17;NL;NLD;Netherlands;Utrecht;
39883729;7-3-2020;4018;0;;;;;52.1;5.17;NL;NLD;Netherlands;Utrecht;
40158365;7-4-2020;4018;0;;;;;52.1;5.17;NL;NLD;Netherlands;Utrecht;
40455523;7-5-2020;4018;0;;;;;52.1;5.17;NL;NLD;Netherlands;Utrecht;
40771410;7-6-2020;4018;0;;;;;52.1;5.17;NL;NLD;Netherlands;Utrecht;
41186675;7-7-2020;4018;0;;;;;52.1;5.17;NL;NLD;Netherlands;Utrecht;
41494793;7-8-2020;4018;0;;;;;52.1;5.17;NL;NLD;Netherlands;Utrecht;
41809058;7-9-2020;4018;0;;;;;52.1;5.17;NL;NLD;Netherlands;Utrecht;
4485042;4-8-2020;108;;;;;;51.47;3.86;NL;NLD;Netherlands;Zeeland;
4859754;4-10-2020;150;42;;;;;51.47;3.86;NL;NLD;Netherlands;Zeeland;
5106712;4-12-2020;192;42;;;;;51.47;3.86;NL;NLD;Netherlands;Zeeland;
5296247;04/14/2020;234;42;;;;;51.47;3.86;NL;NLD;Netherlands;Zeeland;
5412874;04/16/2020;276;42;;;;;51.47;3.86;NL;NLD;Netherlands;Zeeland;
5447052;04/18/2020;318;42;;;;;51.47;3.86;NL;NLD;Netherlands;Zeeland;
5464660;04/20/2020;361;43;;;;;51.47;3.86;NL;NLD;Netherlands;Zeeland;
5543847;04/22/2020;404;43;;;;;51.47;3.86;NL;NLD;Netherlands;Zeeland;
6892368;04/24/2020;447;43;;;;;51.47;3.86;NL;NLD;Netherlands;Zeeland;
6987569;04/26/2020;490;43;;;;;51.47;3.86;NL;NLD;Netherlands;Zeeland;
7085035;04/28/2020;533;43;;;;;51.47;3.86;NL;NLD;Netherlands;Zeeland;
7521935;04/29/2020;576;43;;;;;51.47;3.86;NL;NLD;Netherlands;Zeeland;
8002078;04/30/2020;579;3;;;;;51.47;3.86;NL;NLD;Netherlands;Zeeland;
8477545;5-1-2020;582;3;;;;;51.47;3.86;NL;NLD;Netherlands;Zeeland;
8920690;5-2-2020;585;3;;;;;51.47;3.86;NL;NLD;Netherlands;Zeeland;
9389002;5-3-2020;588;3;;;;;51.47;3.86;NL;NLD;Netherlands;Zeeland;
9863780;5-4-2020;591;3;;;;;51.47;3.86;NL;NLD;Netherlands;Zeeland;
10307512;5-5-2020;594;3;;;;;51.47;3.86;NL;NLD;Netherlands;Zeeland;
10778424;5-6-2020;597;3;;;;;51.47;3.86;NL;NLD;Netherlands;Zeeland;
11284973;5-7-2020;600;3;;;;;51.47;3.86;NL;NLD;Netherlands;Zeeland;
11776558;5-8-2020;603;3;;;;;51.47;3.86;NL;NLD;Netherlands;Zeeland;
12224341;5-9-2020;606;3;;;;;51.47;3.86;NL;NLD;Netherlands;Zeeland;
12675088;5-10-2020;609;3;;;;;51.47;3.86;NL;NLD;Netherlands;Zeeland;
13153047;5-11-2020;612;3;;;;;51.47;3.86;NL;NLD;Netherlands;Zeeland;
13613471;5-12-2020;615;3;;;;;51.47;3.86;NL;NLD;Netherlands;Zeeland;
14063088;05/13/2020;618;3;;;;;51.47;3.86;NL;NLD;Netherlands;Zeeland;
14495289;05/14/2020;621;3;;;;;51.47;3.86;NL;NLD;Netherlands;Zeeland;
14920592;05/15/2020;624;3;;;;;51.47;3.86;NL;NLD;Netherlands;Zeeland;
15334680;05/16/2020;628;4;;;;;51.47;3.86;NL;NLD;Netherlands;Zeeland;
15765704;05/17/2020;632;4;;;;;51.47;3.86;NL;NLD;Netherlands;Zeeland;
16188089;05/18/2020;636;4;;;;;51.47;3.86;NL;NLD;Netherlands;Zeeland;
16630781;05/19/2020;640;4;;;;;51.47;3.86;NL;NLD;Netherlands;Zeeland;
17054602;05/20/2020;642;2;;;;;51.47;3.86;NL;NLD;Netherlands;Zeeland;
17464454;05/21/2020;644;2;;;;;51.47;3.86;NL;NLD;Netherlands;Zeeland;
17858063;05/22/2020;646;2;;;;;51.47;3.86;NL;NLD;Netherlands;Zeeland;
18284986;05/23/2020;648;2;;;;;51.47;3.86;NL;NLD;Netherlands;Zeeland;
18685223;05/24/2020;650;2;;;;;51.47;3.86;NL;NLD;Netherlands;Zeeland;
19069106;05/25/2020;652;2;;;;;51.47;3.86;NL;NLD;Netherlands;Zeeland;
19507712;05/26/2020;654;2;;;;;51.47;3.86;NL;NLD;Netherlands;Zeeland;
20119191;05/27/2020;656;2;;;;;51.47;3.86;NL;NLD;Netherlands;Zeeland;
20685631;05/28/2020;658;2;;;;;51.47;3.86;NL;NLD;Netherlands;Zeeland;
21233673;05/29/2020;660;2;;;;;51.47;3.86;NL;NLD;Netherlands;Zeeland;
21796351;05/30/2020;662;2;;;;;51.47;3.86;NL;NLD;Netherlands;Zeeland;
22320646;05/31/2020;664;2;;;;;51.47;3.86;NL;NLD;Netherlands;Zeeland;
22918819;6-1-2020;666;2;;;;;51.47;3.86;NL;NLD;Netherlands;Zeeland;
23454347;6-2-2020;668;2;;;;;51.47;3.86;NL;NLD;Netherlands;Zeeland;
23986985;6-3-2020;670;2;;;;;51.47;3.86;NL;NLD;Netherlands;Zeeland;
24519696;6-4-2020;672;2;;;;;51.47;3.86;NL;NLD;Netherlands;Zeeland;
25044134;6-5-2020;674;2;;;;;51.47;3.86;NL;NLD;Netherlands;Zeeland;
25561571;6-6-2020;676;2;;;;;51.47;3.86;NL;NLD;Netherlands;Zeeland;
26109064;6-7-2020;678;2;;;;;51.47;3.86;NL;NLD;Netherlands;Zeeland;
26646122;6-8-2020;680;2;;;;;51.47;3.86;NL;NLD;Netherlands;Zeeland;
27212747;6-9-2020;682;2;;;;;51.47;3.86;NL;NLD;Netherlands;Zeeland;
27756526;6-10-2020;684;2;;;;;51.47;3.86;NL;NLD;Netherlands;Zeeland;
28323663;6-11-2020;686;2;;;;;51.47;3.86;NL;NLD;Netherlands;Zeeland;
28866324;6-12-2020;688;2;;;;;51.47;3.86;NL;NLD;Netherlands;Zeeland;
29356806;06/13/2020;690;2;;;;;51.47;3.86;NL;NLD;Netherlands;Zeeland;
29864389;06/14/2020;692;2;;;;;51.47;3.86;NL;NLD;Netherlands;Zeeland;
30352159;06/15/2020;694;2;;;;;51.47;3.86;NL;NLD;Netherlands;Zeeland;
30858476;06/16/2020;696;2;;;;;51.47;3.86;NL;NLD;Netherlands;Zeeland;
31452940;06/17/2020;698;2;;;;;51.47;3.86;NL;NLD;Netherlands;Zeeland;
32033603;06/18/2020;700;2;;;;;51.47;3.86;NL;NLD;Netherlands;Zeeland;
32610270;06/19/2020;702;2;;;;;51.47;3.86;NL;NLD;Netherlands;Zeeland;
33197355;06/20/2020;704;2;;;;;51.47;3.86;NL;NLD;Netherlands;Zeeland;
33778881;06/21/2020;706;2;;;;;51.47;3.86;NL;NLD;Netherlands;Zeeland;
34412474;06/22/2020;708;2;;;;;51.47;3.86;NL;NLD;Netherlands;Zeeland;
34940116;06/23/2020;710;2;;;;;51.47;3.86;NL;NLD;Netherlands;Zeeland;
35481611;06/24/2020;712;2;;;;;51.47;3.86;NL;NLD;Netherlands;Zeeland;
36090927;06/25/2020;714;2;;;;;51.47;3.86;NL;NLD;Netherlands;Zeeland;
36688076;06/26/2020;717;3;;;;;51.47;3.86;NL;NLD;Netherlands;Zeeland;
37298175;06/27/2020;720;3;;;;;51.47;3.86;NL;NLD;Netherlands;Zeeland;
37925317;06/28/2020;723;3;;;;;51.47;3.86;NL;NLD;Netherlands;Zeeland;
38543341;06/29/2020;726;3;;;;;51.47;3.86;NL;NLD;Netherlands;Zeeland;
39017872;06/30/2020;729;3;;;;;51.47;3.86;NL;NLD;Netherlands;Zeeland;
39305097;7-1-2020;732;3;;;;;51.47;3.86;NL;NLD;Netherlands;Zeeland;
39588826;7-2-2020;732;0;;;;;51.47;3.86;NL;NLD;Netherlands;Zeeland;
39883731;7-3-2020;732;0;;;;;51.47;3.86;NL;NLD;Netherlands;Zeeland;
40158368;7-4-2020;732;0;;;;;51.47;3.86;NL;NLD;Netherlands;Zeeland;
40455526;7-5-2020;732;0;;;;;51.47;3.86;NL;NLD;Netherlands;Zeeland;
40771411;7-6-2020;732;0;;;;;51.47;3.86;NL;NLD;Netherlands;Zeeland;
41186677;7-7-2020;732;0;;;;;51.47;3.86;NL;NLD;Netherlands;Zeeland;
41494797;7-8-2020;732;0;;;;;51.47;3.86;NL;NLD;Netherlands;Zeeland;
41809061;7-9-2020;732;0;;;;;51.47;3.86;NL;NLD;Netherlands;Zeeland;
